16:38:58.425 [Test worker] INFO  net.lomibao.nes.components.CPU6502 - 0,00,BRK,Implied,Force Interrupt,1,7,IMM
16:38:58.433 [Test worker] INFO  net.lomibao.nes.components.CPU6502 - 1,01,ORA,(Indirect;X),Logical Inclusive OR,2,6,IZX
16:38:58.433 [Test worker] INFO  net.lomibao.nes.components.CPU6502 - 2,02,???,???,???,1,2,IMP
16:38:58.434 [Test worker] INFO  net.lomibao.nes.components.CPU6502 - 3,03,???,???,???,1,8,IMP
16:38:58.434 [Test worker] INFO  net.lomibao.nes.components.CPU6502 - 4,04,???,???,???,1,3,IMP
16:38:58.434 [Test worker] INFO  net.lomibao.nes.components.CPU6502 - 5,05,ORA,ZeroPage,Logical Inclusive OR,2,3,ZP0
16:38:58.435 [Test worker] INFO  net.lomibao.nes.components.CPU6502 - 6,06,ASL,ZeroPage,Arithmetic Shift Left,2,5,ZP0
16:38:58.435 [Test worker] INFO  net.lomibao.nes.components.CPU6502 - 7,07,???,???,???,1,5,IMP
16:38:58.437 [Test worker] INFO  net.lomibao.nes.components.CPU6502 - 8,08,PHP,Implied,Push Processor Status,1,3,IMP
16:38:58.437 [Test worker] INFO  net.lomibao.nes.components.CPU6502 - 9,09,ORA,Immediate,Logical Inclusive OR,2,2,IMM
16:38:58.437 [Test worker] INFO  net.lomibao.nes.components.CPU6502 - 10,0A,ASL,Accumulator,Arithmetic Shift Left,1,2,IMP
16:38:58.438 [Test worker] INFO  net.lomibao.nes.components.CPU6502 - 11,0B,???,???,???,1,2,IMP
16:38:58.438 [Test worker] INFO  net.lomibao.nes.components.CPU6502 - 12,0C,???,???,???,1,4,IMP
16:38:58.438 [Test worker] INFO  net.lomibao.nes.components.CPU6502 - 13,0D,ORA,Absolute,Logical Inclusive OR,3,4,ABS
16:38:58.438 [Test worker] INFO  net.lomibao.nes.components.CPU6502 - 14,0E,ASL,Absolute,Arithmetic Shift Left,3,6,ABS
16:38:58.438 [Test worker] INFO  net.lomibao.nes.components.CPU6502 - 15,0F,???,???,???,1,6,IMP
16:38:58.439 [Test worker] INFO  net.lomibao.nes.components.CPU6502 - 16,10,BPL,Relative,Branch if Positive,2,2,REL
16:38:58.439 [Test worker] INFO  net.lomibao.nes.components.CPU6502 - 17,11,ORA,(Indirect);Y,Logical Inclusive OR,2,5,IZY
16:38:58.439 [Test worker] INFO  net.lomibao.nes.components.CPU6502 - 18,12,???,???,???,1,2,IMP
16:38:58.439 [Test worker] INFO  net.lomibao.nes.components.CPU6502 - 19,13,???,???,???,1,8,IMP
16:38:58.440 [Test worker] INFO  net.lomibao.nes.components.CPU6502 - 20,14,???,???,???,1,4,IMP
16:38:58.440 [Test worker] INFO  net.lomibao.nes.components.CPU6502 - 21,15,ORA,ZeroPage;X,Logical Inclusive OR,2,4,ZPX
16:38:58.440 [Test worker] INFO  net.lomibao.nes.components.CPU6502 - 22,16,ASL,ZeroPage;X,Arithmetic Shift Left,2,6,ZPX
16:38:58.440 [Test worker] INFO  net.lomibao.nes.components.CPU6502 - 23,17,???,???,???,1,6,IMP
16:38:58.441 [Test worker] INFO  net.lomibao.nes.components.CPU6502 - 24,18,CLC,Implied,Clear Carry Flag,1,2,IMP
16:38:58.441 [Test worker] INFO  net.lomibao.nes.components.CPU6502 - 25,19,ORA,Absolute;Y,Logical Inclusive OR,3,4,ABY
16:38:58.441 [Test worker] INFO  net.lomibao.nes.components.CPU6502 - 26,1A,???,???,???,1,2,IMP
16:38:58.441 [Test worker] INFO  net.lomibao.nes.components.CPU6502 - 27,1B,???,???,???,1,7,IMP
16:38:58.441 [Test worker] INFO  net.lomibao.nes.components.CPU6502 - 28,1C,???,???,???,1,4,IMP
16:38:58.441 [Test worker] INFO  net.lomibao.nes.components.CPU6502 - 29,1D,ORA,Absolute;X,Logical Inclusive OR,3,4,ABX
16:38:58.441 [Test worker] INFO  net.lomibao.nes.components.CPU6502 - 30,1E,ASL,Absolute;X,Arithmetic Shift Left,3,7,ABX
16:38:58.442 [Test worker] INFO  net.lomibao.nes.components.CPU6502 - 31,1F,???,???,???,1,7,IMP
16:38:58.442 [Test worker] INFO  net.lomibao.nes.components.CPU6502 - 32,20,JSR,Absolute,Jump to Subroutine,3,6,ABS
16:38:58.442 [Test worker] INFO  net.lomibao.nes.components.CPU6502 - 33,21,AND,(Indirect;X),Logical AND,2,6,IZX
16:38:58.442 [Test worker] INFO  net.lomibao.nes.components.CPU6502 - 34,22,???,???,???,1,2,IMP
16:38:58.442 [Test worker] INFO  net.lomibao.nes.components.CPU6502 - 35,23,???,???,???,1,8,IMP
16:38:58.442 [Test worker] INFO  net.lomibao.nes.components.CPU6502 - 36,24,BIT,ZeroPage,Bit Test,2,3,ZP0
16:38:58.442 [Test worker] INFO  net.lomibao.nes.components.CPU6502 - 37,25,AND,ZeroPage,Logical AND,2,3,ZP0
16:38:58.443 [Test worker] INFO  net.lomibao.nes.components.CPU6502 - 38,26,ROL,ZeroPage,Rotate Left,2,5,ZP0
16:38:58.443 [Test worker] INFO  net.lomibao.nes.components.CPU6502 - 39,27,???,???,???,1,5,IMP
16:38:58.443 [Test worker] INFO  net.lomibao.nes.components.CPU6502 - 40,28,PLP,Implied,Pull Processor Status,1,4,IMP
16:38:58.443 [Test worker] INFO  net.lomibao.nes.components.CPU6502 - 41,29,AND,Immediate,Logical AND,2,2,IMM
16:38:58.443 [Test worker] INFO  net.lomibao.nes.components.CPU6502 - 42,2A,ROL,Accumulator,Rotate Left,1,2,IMP
16:38:58.443 [Test worker] INFO  net.lomibao.nes.components.CPU6502 - 43,2B,???,???,???,1,2,IMP
16:38:58.443 [Test worker] INFO  net.lomibao.nes.components.CPU6502 - 44,2C,BIT,Absolute,Bit Test,3,4,ABS
16:38:58.444 [Test worker] INFO  net.lomibao.nes.components.CPU6502 - 45,2D,AND,Absolute,Logical AND,3,4,ABS
16:38:58.444 [Test worker] INFO  net.lomibao.nes.components.CPU6502 - 46,2E,ROL,Absolute,Rotate Left,3,6,ABS
16:38:58.444 [Test worker] INFO  net.lomibao.nes.components.CPU6502 - 47,2F,???,???,???,1,6,IMP
16:38:58.444 [Test worker] INFO  net.lomibao.nes.components.CPU6502 - 48,30,BMI,Relative,Branch if Minus,2,2,REL
16:38:58.445 [Test worker] INFO  net.lomibao.nes.components.CPU6502 - 49,31,AND,(Indirect);Y,Logical AND,2,5,IZY
16:38:58.445 [Test worker] INFO  net.lomibao.nes.components.CPU6502 - 50,32,???,???,???,1,2,IMP
16:38:58.445 [Test worker] INFO  net.lomibao.nes.components.CPU6502 - 51,33,???,???,???,1,8,IMP
16:38:58.445 [Test worker] INFO  net.lomibao.nes.components.CPU6502 - 52,34,???,???,???,1,4,IMP
16:38:58.445 [Test worker] INFO  net.lomibao.nes.components.CPU6502 - 53,35,AND,ZeroPage;X,Logical AND,2,4,ZPX
16:38:58.445 [Test worker] INFO  net.lomibao.nes.components.CPU6502 - 54,36,ROL,ZeroPage;X,Rotate Left,2,6,ZPX
16:38:58.445 [Test worker] INFO  net.lomibao.nes.components.CPU6502 - 55,37,???,???,???,1,6,IMP
16:38:58.446 [Test worker] INFO  net.lomibao.nes.components.CPU6502 - 56,38,SEC,Implied,Set Carry Flag,1,2,IMP
16:38:58.446 [Test worker] INFO  net.lomibao.nes.components.CPU6502 - 57,39,AND,Absolute;Y,Logical AND,3,4,ABY
16:38:58.446 [Test worker] INFO  net.lomibao.nes.components.CPU6502 - 58,3A,???,???,???,1,2,IMP
16:38:58.447 [Test worker] INFO  net.lomibao.nes.components.CPU6502 - 59,3B,???,???,???,1,7,IMP
16:38:58.447 [Test worker] INFO  net.lomibao.nes.components.CPU6502 - 60,3C,???,???,???,1,4,IMP
16:38:58.447 [Test worker] INFO  net.lomibao.nes.components.CPU6502 - 61,3D,AND,Absolute;X,Logical AND,3,4,ABX
16:38:58.448 [Test worker] INFO  net.lomibao.nes.components.CPU6502 - 62,3E,ROL,Absolute;X,Rotate Left,3,7,ABX
16:38:58.449 [Test worker] INFO  net.lomibao.nes.components.CPU6502 - 63,3F,???,???,???,1,7,IMP
16:38:58.449 [Test worker] INFO  net.lomibao.nes.components.CPU6502 - 64,40,RTI,Implied,Return from Interrupt,1,6,IMP
16:38:58.449 [Test worker] INFO  net.lomibao.nes.components.CPU6502 - 65,41,EOR,(Indirect;X),Exclusive OR,2,6,IZX
16:38:58.450 [Test worker] INFO  net.lomibao.nes.components.CPU6502 - 66,42,???,???,???,1,2,IMP
16:38:58.450 [Test worker] INFO  net.lomibao.nes.components.CPU6502 - 67,43,???,???,???,1,8,IMP
16:38:58.450 [Test worker] INFO  net.lomibao.nes.components.CPU6502 - 68,44,???,???,???,1,3,IMP
16:38:58.450 [Test worker] INFO  net.lomibao.nes.components.CPU6502 - 69,45,EOR,ZeroPage,Exclusive OR,2,3,ZP0
16:38:58.450 [Test worker] INFO  net.lomibao.nes.components.CPU6502 - 70,46,LSR,ZeroPage,Logical Shift Right,2,5,ZP0
16:38:58.450 [Test worker] INFO  net.lomibao.nes.components.CPU6502 - 71,47,???,???,???,1,5,IMP
16:38:58.450 [Test worker] INFO  net.lomibao.nes.components.CPU6502 - 72,48,PHA,Implied,Push Accumulator,1,3,IMP
16:38:58.450 [Test worker] INFO  net.lomibao.nes.components.CPU6502 - 73,49,EOR,Immediate,Exclusive OR,2,2,IMM
16:38:58.450 [Test worker] INFO  net.lomibao.nes.components.CPU6502 - 74,4A,LSR,Accumulator,Logical Shift Right,1,2,IMP
16:38:58.451 [Test worker] INFO  net.lomibao.nes.components.CPU6502 - 75,4B,???,???,???,1,2,IMP
16:38:58.451 [Test worker] INFO  net.lomibao.nes.components.CPU6502 - 76,4C,JMP,Absolute,Jump,3,3,ABS
16:38:58.451 [Test worker] INFO  net.lomibao.nes.components.CPU6502 - 77,4D,EOR,Absolute,Exclusive OR,3,4,ABS
16:38:58.451 [Test worker] INFO  net.lomibao.nes.components.CPU6502 - 78,4E,LSR,Absolute,Logical Shift Right,3,6,ABS
16:38:58.451 [Test worker] INFO  net.lomibao.nes.components.CPU6502 - 79,4F,???,???,???,1,6,IMP
16:38:58.451 [Test worker] INFO  net.lomibao.nes.components.CPU6502 - 80,50,BVC,Relative,Branch if Overflow Clear,2,2,REL
16:38:58.451 [Test worker] INFO  net.lomibao.nes.components.CPU6502 - 81,51,EOR,(Indirect);Y,Exclusive OR,2,5,IZY
16:38:58.451 [Test worker] INFO  net.lomibao.nes.components.CPU6502 - 82,52,???,???,???,1,2,IMP
16:38:58.452 [Test worker] INFO  net.lomibao.nes.components.CPU6502 - 83,53,???,???,???,1,8,IMP
16:38:58.452 [Test worker] INFO  net.lomibao.nes.components.CPU6502 - 84,54,???,???,???,1,4,IMP
16:38:58.452 [Test worker] INFO  net.lomibao.nes.components.CPU6502 - 85,55,EOR,ZeroPage;X,Exclusive OR,2,4,ZPX
16:38:58.452 [Test worker] INFO  net.lomibao.nes.components.CPU6502 - 86,56,LSR,ZeroPage;X,Logical Shift Right,2,6,ZPX
16:38:58.452 [Test worker] INFO  net.lomibao.nes.components.CPU6502 - 87,57,???,???,???,1,6,IMP
16:38:58.452 [Test worker] INFO  net.lomibao.nes.components.CPU6502 - 88,58,CLI,Implied,Clear Interrupt Disable,1,2,IMP
16:38:58.452 [Test worker] INFO  net.lomibao.nes.components.CPU6502 - 89,59,EOR,Absolute;Y,Exclusive OR,3,4,ABY
16:38:58.452 [Test worker] INFO  net.lomibao.nes.components.CPU6502 - 90,5A,???,???,???,1,2,IMP
16:38:58.452 [Test worker] INFO  net.lomibao.nes.components.CPU6502 - 91,5B,???,???,???,1,7,IMP
16:38:58.452 [Test worker] INFO  net.lomibao.nes.components.CPU6502 - 92,5C,???,???,???,1,4,IMP
16:38:58.452 [Test worker] INFO  net.lomibao.nes.components.CPU6502 - 93,5D,EOR,Absolute;X,Exclusive OR,3,4,ABX
16:38:58.453 [Test worker] INFO  net.lomibao.nes.components.CPU6502 - 94,5E,LSR,Absolute;X,Logical Shift Right,3,7,ABX
16:38:58.453 [Test worker] INFO  net.lomibao.nes.components.CPU6502 - 95,5F,???,???,???,1,7,IMP
16:38:58.453 [Test worker] INFO  net.lomibao.nes.components.CPU6502 - 96,60,RTS,Implied,Return from Subroutine,1,6,IMP
16:38:58.453 [Test worker] INFO  net.lomibao.nes.components.CPU6502 - 97,61,ADC,(Indirect;X),Add with Carry,2,6,IZX
16:38:58.453 [Test worker] INFO  net.lomibao.nes.components.CPU6502 - 98,62,???,???,???,1,2,IMP
16:38:58.453 [Test worker] INFO  net.lomibao.nes.components.CPU6502 - 99,63,???,???,???,1,8,IMP
16:38:58.453 [Test worker] INFO  net.lomibao.nes.components.CPU6502 - 100,64,???,???,???,1,3,IMP
16:38:58.453 [Test worker] INFO  net.lomibao.nes.components.CPU6502 - 101,65,ADC,ZeroPage,Add with Carry,2,3,ZP0
16:38:58.453 [Test worker] INFO  net.lomibao.nes.components.CPU6502 - 102,66,ROR,ZeroPage,Rotate Right,2,5,ZP0
16:38:58.453 [Test worker] INFO  net.lomibao.nes.components.CPU6502 - 103,67,???,???,???,1,5,IMP
16:38:58.453 [Test worker] INFO  net.lomibao.nes.components.CPU6502 - 104,68,PLA,Implied,Pull Accumulator,1,4,IMP
16:38:58.453 [Test worker] INFO  net.lomibao.nes.components.CPU6502 - 105,69,ADC,Immediate,Add with Carry,2,2,IMM
16:38:58.453 [Test worker] INFO  net.lomibao.nes.components.CPU6502 - 106,6A,ROR,Accumulator,Rotate Right,1,2,IMP
16:38:58.453 [Test worker] INFO  net.lomibao.nes.components.CPU6502 - 107,6B,???,???,???,1,2,IMP
16:38:58.453 [Test worker] INFO  net.lomibao.nes.components.CPU6502 - 108,6C,JMP,Indirect ,Jump,3,5,IND
16:38:58.455 [Test worker] INFO  net.lomibao.nes.components.CPU6502 - 109,6D,ADC,Absolute,Add with Carry,3,4,ABS
16:38:58.455 [Test worker] INFO  net.lomibao.nes.components.CPU6502 - 110,6E,ROR,Absolute,Rotate Right,3,6,ABS
16:38:58.455 [Test worker] INFO  net.lomibao.nes.components.CPU6502 - 111,6F,???,???,???,1,6,IMP
16:38:58.455 [Test worker] INFO  net.lomibao.nes.components.CPU6502 - 112,70,BVS,Relative,Branch if Overflow Set,2,2,REL
16:38:58.455 [Test worker] INFO  net.lomibao.nes.components.CPU6502 - 113,71,ADC,(Indirect);Y,Add with Carry,2,5,IZY
16:38:58.455 [Test worker] INFO  net.lomibao.nes.components.CPU6502 - 114,72,???,???,???,1,2,IMP
16:38:58.455 [Test worker] INFO  net.lomibao.nes.components.CPU6502 - 115,73,???,???,???,1,8,IMP
16:38:58.455 [Test worker] INFO  net.lomibao.nes.components.CPU6502 - 116,74,???,???,???,1,4,IMP
16:38:58.455 [Test worker] INFO  net.lomibao.nes.components.CPU6502 - 117,75,ADC,ZeroPage;X,Add with Carry,2,4,ZPX
16:38:58.455 [Test worker] INFO  net.lomibao.nes.components.CPU6502 - 118,76,ROR,ZeroPage;X,Rotate Right,2,6,ZPX
16:38:58.455 [Test worker] INFO  net.lomibao.nes.components.CPU6502 - 119,77,???,???,???,1,6,IMP
16:38:58.456 [Test worker] INFO  net.lomibao.nes.components.CPU6502 - 120,78,SEI,Implied,Set Interrupt Disable,1,2,IMP
16:38:58.456 [Test worker] INFO  net.lomibao.nes.components.CPU6502 - 121,79,ADC,Absolute;Y,Add with Carry,3,4,ABY
16:38:58.456 [Test worker] INFO  net.lomibao.nes.components.CPU6502 - 122,7A,???,???,???,1,2,IMP
16:38:58.456 [Test worker] INFO  net.lomibao.nes.components.CPU6502 - 123,7B,???,???,???,1,7,IMP
16:38:58.456 [Test worker] INFO  net.lomibao.nes.components.CPU6502 - 124,7C,???,???,???,1,4,IMP
16:38:58.457 [Test worker] INFO  net.lomibao.nes.components.CPU6502 - 125,7D,ADC,Absolute;X,Add with Carry,3,4,ABX
16:38:58.457 [Test worker] INFO  net.lomibao.nes.components.CPU6502 - 126,7E,ROR,Absolute;X,Rotate Right,3,7,ABX
16:38:58.457 [Test worker] INFO  net.lomibao.nes.components.CPU6502 - 127,7F,???,???,???,1,7,IMP
16:38:58.458 [Test worker] INFO  net.lomibao.nes.components.CPU6502 - 128,80,???,???,???,1,2,IMP
16:38:58.458 [Test worker] INFO  net.lomibao.nes.components.CPU6502 - 129,81,STA,(Indirect;X),Store Accumulator,2,6,IZX
16:38:58.458 [Test worker] INFO  net.lomibao.nes.components.CPU6502 - 130,82,???,???,???,1,2,IMP
16:38:58.458 [Test worker] INFO  net.lomibao.nes.components.CPU6502 - 131,83,???,???,???,1,6,IMP
16:38:58.458 [Test worker] INFO  net.lomibao.nes.components.CPU6502 - 132,84,STY,ZeroPage,Store Y Register,2,3,ZP0
16:38:58.458 [Test worker] INFO  net.lomibao.nes.components.CPU6502 - 133,85,STA,ZeroPage,Store Accumulator,2,3,ZP0
16:38:58.458 [Test worker] INFO  net.lomibao.nes.components.CPU6502 - 134,86,STX,ZeroPage,Store X Register,2,3,ZP0
16:38:58.458 [Test worker] INFO  net.lomibao.nes.components.CPU6502 - 135,87,???,???,???,1,3,IMP
16:38:58.458 [Test worker] INFO  net.lomibao.nes.components.CPU6502 - 136,88,DEY,Implied,Decrement Y Register,1,2,IMP
16:38:58.459 [Test worker] INFO  net.lomibao.nes.components.CPU6502 - 137,89,???,???,???,1,2,IMP
16:38:58.459 [Test worker] INFO  net.lomibao.nes.components.CPU6502 - 138,8A,TXA,Implied,Transfer X to Accumulator,1,2,IMP
16:38:58.459 [Test worker] INFO  net.lomibao.nes.components.CPU6502 - 139,8B,???,???,???,1,2,IMP
16:38:58.459 [Test worker] INFO  net.lomibao.nes.components.CPU6502 - 140,8C,STY,Absolute,Store Y Register,3,4,ABS
16:38:58.459 [Test worker] INFO  net.lomibao.nes.components.CPU6502 - 141,8D,STA,Absolute,Store Accumulator,3,4,ABS
16:38:58.459 [Test worker] INFO  net.lomibao.nes.components.CPU6502 - 142,8E,STX,Absolute,Store X Register,3,4,ABS
16:38:58.459 [Test worker] INFO  net.lomibao.nes.components.CPU6502 - 143,8F,???,???,???,1,4,IMP
16:38:58.459 [Test worker] INFO  net.lomibao.nes.components.CPU6502 - 144,90,BCC,Relative,Branch if Carry Clear,2,2,REL
16:38:58.459 [Test worker] INFO  net.lomibao.nes.components.CPU6502 - 145,91,STA,(Indirect);Y,Store Accumulator,2,6,IZY
16:38:58.459 [Test worker] INFO  net.lomibao.nes.components.CPU6502 - 146,92,???,???,???,1,2,IMP
16:38:58.459 [Test worker] INFO  net.lomibao.nes.components.CPU6502 - 147,93,???,???,???,1,6,IMP
16:38:58.459 [Test worker] INFO  net.lomibao.nes.components.CPU6502 - 148,94,STY,ZeroPage;X,Store Y Register,2,4,ZPX
16:38:58.459 [Test worker] INFO  net.lomibao.nes.components.CPU6502 - 149,95,STA,ZeroPage;X,Store Accumulator,2,4,ZPX
16:38:58.459 [Test worker] INFO  net.lomibao.nes.components.CPU6502 - 150,96,STX,ZeroPage;Y,Store X Register,2,4,ZPY
16:38:58.459 [Test worker] INFO  net.lomibao.nes.components.CPU6502 - 151,97,???,???,???,1,4,IMP
16:38:58.459 [Test worker] INFO  net.lomibao.nes.components.CPU6502 - 152,98,TYA,Implied,Transfer Y to Accumulator,1,2,IMP
16:38:58.459 [Test worker] INFO  net.lomibao.nes.components.CPU6502 - 153,99,STA,Absolute;Y,Store Accumulator,3,5,ABY
16:38:58.459 [Test worker] INFO  net.lomibao.nes.components.CPU6502 - 154,9A,TXS,Implied,Transfer X to Stack Pointer,1,2,IMP
16:38:58.460 [Test worker] INFO  net.lomibao.nes.components.CPU6502 - 155,9B,???,???,???,1,5,IMP
16:38:58.460 [Test worker] INFO  net.lomibao.nes.components.CPU6502 - 156,9C,???,???,???,1,5,IMP
16:38:58.460 [Test worker] INFO  net.lomibao.nes.components.CPU6502 - 157,9D,STA,Absolute;X,Store Accumulator,3,5,ABX
16:38:58.460 [Test worker] INFO  net.lomibao.nes.components.CPU6502 - 158,9E,???,???,???,1,5,IMP
16:38:58.460 [Test worker] INFO  net.lomibao.nes.components.CPU6502 - 159,9F,???,???,???,1,5,IMP
16:38:58.460 [Test worker] INFO  net.lomibao.nes.components.CPU6502 - 160,A0,LDY,Immediate,Load Y Register,2,2,IMM
16:38:58.460 [Test worker] INFO  net.lomibao.nes.components.CPU6502 - 161,A1,LDA,(Indirect;X),Load Accumulator,2,6,IZX
16:38:58.460 [Test worker] INFO  net.lomibao.nes.components.CPU6502 - 162,A2,LDX,Immediate,Load X Register,2,2,IMM
16:38:58.461 [Test worker] INFO  net.lomibao.nes.components.CPU6502 - 163,A3,???,???,???,1,6,IMP
16:38:58.461 [Test worker] INFO  net.lomibao.nes.components.CPU6502 - 164,A4,LDY,ZeroPage,Load Y Register,2,3,ZP0
16:38:58.461 [Test worker] INFO  net.lomibao.nes.components.CPU6502 - 165,A5,LDA,ZeroPage,Load Accumulator,2,3,ZP0
16:38:58.461 [Test worker] INFO  net.lomibao.nes.components.CPU6502 - 166,A6,LDX,ZeroPage,Load X Register,2,3,ZP0
16:38:58.461 [Test worker] INFO  net.lomibao.nes.components.CPU6502 - 167,A7,???,???,???,1,3,IMP
16:38:58.461 [Test worker] INFO  net.lomibao.nes.components.CPU6502 - 168,A8,TAY,Implied,Transfer Accumulator to Y,1,2,IMP
16:38:58.461 [Test worker] INFO  net.lomibao.nes.components.CPU6502 - 169,A9,LDA,Immediate,Load Accumulator,2,2,IMM
16:38:58.461 [Test worker] INFO  net.lomibao.nes.components.CPU6502 - 170,AA,TAX,Implied,Transfer Accumulator to X,1,2,IMP
16:38:58.461 [Test worker] INFO  net.lomibao.nes.components.CPU6502 - 171,AB,???,???,???,1,2,IMP
16:38:58.462 [Test worker] INFO  net.lomibao.nes.components.CPU6502 - 172,AC,LDY,Absolute,Load Y Register,3,4,ABS
16:38:58.462 [Test worker] INFO  net.lomibao.nes.components.CPU6502 - 173,AD,LDA,Absolute,Load Accumulator,3,4,ABS
16:38:58.462 [Test worker] INFO  net.lomibao.nes.components.CPU6502 - 174,AE,LDX,Absolute,Load X Register,3,4,ABS
16:38:58.462 [Test worker] INFO  net.lomibao.nes.components.CPU6502 - 175,AF,???,???,???,1,4,IMP
16:38:58.462 [Test worker] INFO  net.lomibao.nes.components.CPU6502 - 176,B0,BCS,Relative,Branch if Carry Set,2,2,REL
16:38:58.462 [Test worker] INFO  net.lomibao.nes.components.CPU6502 - 177,B1,LDA,(Indirect);Y,Load Accumulator,2,5,IZY
16:38:58.462 [Test worker] INFO  net.lomibao.nes.components.CPU6502 - 178,B2,???,???,???,1,2,IMP
16:38:58.462 [Test worker] INFO  net.lomibao.nes.components.CPU6502 - 179,B3,???,???,???,1,5,IMP
16:38:58.462 [Test worker] INFO  net.lomibao.nes.components.CPU6502 - 180,B4,LDY,ZeroPage;X,Load Y Register,2,4,ZPX
16:38:58.462 [Test worker] INFO  net.lomibao.nes.components.CPU6502 - 181,B5,LDA,ZeroPage;X,Load Accumulator,2,4,ZPX
16:38:58.462 [Test worker] INFO  net.lomibao.nes.components.CPU6502 - 182,B6,LDX,ZeroPage;Y,Load X Register,2,4,ZPY
16:38:58.463 [Test worker] INFO  net.lomibao.nes.components.CPU6502 - 183,B7,???,???,???,1,4,IMP
16:38:58.463 [Test worker] INFO  net.lomibao.nes.components.CPU6502 - 184,B8,CLV,Implied,Clear Overflow Flag,1,2,IMP
16:38:58.463 [Test worker] INFO  net.lomibao.nes.components.CPU6502 - 185,B9,LDA,Absolute;Y,Load Accumulator,3,4,ABY
16:38:58.463 [Test worker] INFO  net.lomibao.nes.components.CPU6502 - 186,BA,TSX,Implied,Transfer Stack Pointer to X,1,2,IMP
16:38:58.463 [Test worker] INFO  net.lomibao.nes.components.CPU6502 - 187,BB,???,???,???,1,4,IMP
16:38:58.463 [Test worker] INFO  net.lomibao.nes.components.CPU6502 - 188,BC,LDY,Absolute;X,Load Y Register,3,4,ABX
16:38:58.463 [Test worker] INFO  net.lomibao.nes.components.CPU6502 - 189,BD,LDA,Absolute;X,Load Accumulator,3,4,ABX
16:38:58.463 [Test worker] INFO  net.lomibao.nes.components.CPU6502 - 190,BE,LDX,Absolute;Y,Load X Register,3,4,ABY
16:38:58.463 [Test worker] INFO  net.lomibao.nes.components.CPU6502 - 191,BF,???,???,???,1,4,IMP
16:38:58.463 [Test worker] INFO  net.lomibao.nes.components.CPU6502 - 192,C0,CPY,Immediate,Compare Y Register,2,2,IMM
16:38:58.463 [Test worker] INFO  net.lomibao.nes.components.CPU6502 - 193,C1,CMP,(Indirect;X),Compare,2,6,IZX
16:38:58.463 [Test worker] INFO  net.lomibao.nes.components.CPU6502 - 194,C2,???,???,???,1,2,IMP
16:38:58.463 [Test worker] INFO  net.lomibao.nes.components.CPU6502 - 195,C3,???,???,???,1,8,IMP
16:38:58.463 [Test worker] INFO  net.lomibao.nes.components.CPU6502 - 196,C4,CPY,ZeroPage,Compare Y Register,2,3,ZP0
16:38:58.463 [Test worker] INFO  net.lomibao.nes.components.CPU6502 - 197,C5,CMP,ZeroPage,Compare,2,3,ZP0
16:38:58.465 [Test worker] INFO  net.lomibao.nes.components.CPU6502 - 198,C6,DEC,ZeroPage,Decrement Memory,2,5,ZP0
16:38:58.465 [Test worker] INFO  net.lomibao.nes.components.CPU6502 - 199,C7,???,???,???,1,5,IMP
16:38:58.465 [Test worker] INFO  net.lomibao.nes.components.CPU6502 - 200,C8,INY,Implied,Increment Y Register,1,2,IMP
16:38:58.465 [Test worker] INFO  net.lomibao.nes.components.CPU6502 - 201,C9,CMP,Immediate,Compare,2,2,IMM
16:38:58.465 [Test worker] INFO  net.lomibao.nes.components.CPU6502 - 202,CA,DEX,Implied,Decrement X Register,1,2,IMP
16:38:58.465 [Test worker] INFO  net.lomibao.nes.components.CPU6502 - 203,CB,???,???,???,1,2,IMP
16:38:58.465 [Test worker] INFO  net.lomibao.nes.components.CPU6502 - 204,CC,CPY,Absolute,Compare Y Register,3,4,ABS
16:38:58.465 [Test worker] INFO  net.lomibao.nes.components.CPU6502 - 205,CD,CMP,Absolute,Compare,3,4,ABS
16:38:58.465 [Test worker] INFO  net.lomibao.nes.components.CPU6502 - 206,CE,DEC,Absolute,Decrement Memory,3,6,ABS
16:38:58.465 [Test worker] INFO  net.lomibao.nes.components.CPU6502 - 207,CF,???,???,???,1,6,IMP
16:38:58.466 [Test worker] INFO  net.lomibao.nes.components.CPU6502 - 208,D0,BNE,Relative,Branch if Not Equal,2,2,REL
16:38:58.466 [Test worker] INFO  net.lomibao.nes.components.CPU6502 - 209,D1,CMP,(Indirect);Y,Compare,2,5,IZY
16:38:58.466 [Test worker] INFO  net.lomibao.nes.components.CPU6502 - 210,D2,???,???,???,1,2,IMP
16:38:58.466 [Test worker] INFO  net.lomibao.nes.components.CPU6502 - 211,D3,???,???,???,1,8,IMP
16:38:58.466 [Test worker] INFO  net.lomibao.nes.components.CPU6502 - 212,D4,???,???,???,1,4,IMP
16:38:58.466 [Test worker] INFO  net.lomibao.nes.components.CPU6502 - 213,D5,CMP,ZeroPage;X,Compare,2,4,ZPX
16:38:58.466 [Test worker] INFO  net.lomibao.nes.components.CPU6502 - 214,D6,DEC,ZeroPage;X,Decrement Memory,2,6,ZPX
16:38:58.466 [Test worker] INFO  net.lomibao.nes.components.CPU6502 - 215,D7,???,???,???,1,6,IMP
16:38:58.466 [Test worker] INFO  net.lomibao.nes.components.CPU6502 - 216,D8,CLD,Implied,Clear Decimal Mode,1,2,IMP
16:38:58.466 [Test worker] INFO  net.lomibao.nes.components.CPU6502 - 217,D9,CMP,Absolute;Y,Compare,3,4,ABY
16:38:58.466 [Test worker] INFO  net.lomibao.nes.components.CPU6502 - 218,DA,NOP,???,???,1,2,IMP
16:38:58.466 [Test worker] INFO  net.lomibao.nes.components.CPU6502 - 219,DB,???,???,???,1,7,IMP
16:38:58.466 [Test worker] INFO  net.lomibao.nes.components.CPU6502 - 220,DC,???,???,???,1,4,IMP
16:38:58.466 [Test worker] INFO  net.lomibao.nes.components.CPU6502 - 221,DD,CMP,Absolute;X,Compare,3,4,ABX
16:38:58.466 [Test worker] INFO  net.lomibao.nes.components.CPU6502 - 222,DE,DEC,Absolute;X,Decrement Memory,3,7,ABX
16:38:58.466 [Test worker] INFO  net.lomibao.nes.components.CPU6502 - 223,DF,???,???,???,1,7,IMP
16:38:58.468 [Test worker] INFO  net.lomibao.nes.components.CPU6502 - 224,E0,CPX,Immediate,Compare X Register,2,2,IMM
16:38:58.468 [Test worker] INFO  net.lomibao.nes.components.CPU6502 - 225,E1,SBC,(Indirect;X),Subtract with Carry,2,6,IZX
16:38:58.468 [Test worker] INFO  net.lomibao.nes.components.CPU6502 - 226,E2,???,???,???,1,2,IMP
16:38:58.468 [Test worker] INFO  net.lomibao.nes.components.CPU6502 - 227,E3,???,???,???,1,8,IMP
16:38:58.468 [Test worker] INFO  net.lomibao.nes.components.CPU6502 - 228,E4,CPX,ZeroPage,Compare X Register,2,3,ZP0
16:38:58.468 [Test worker] INFO  net.lomibao.nes.components.CPU6502 - 229,E5,SBC,ZeroPage,Subtract with Carry,2,3,ZP0
16:38:58.468 [Test worker] INFO  net.lomibao.nes.components.CPU6502 - 230,E6,INC,ZeroPage,Increment Memory,2,5,ZP0
16:38:58.468 [Test worker] INFO  net.lomibao.nes.components.CPU6502 - 231,E7,???,???,???,1,5,IMP
16:38:58.468 [Test worker] INFO  net.lomibao.nes.components.CPU6502 - 232,E8,INX,Implied,Increment X Register,1,2,IMP
16:38:58.468 [Test worker] INFO  net.lomibao.nes.components.CPU6502 - 233,E9,SBC,Immediate,Subtract with Carry,2,2,IMM
16:38:58.468 [Test worker] INFO  net.lomibao.nes.components.CPU6502 - 234,EA,NOP,Implied,No Operation,1,2,IMP
16:38:58.468 [Test worker] INFO  net.lomibao.nes.components.CPU6502 - 235,EB,???,???,???,1,2,IMP
16:38:58.468 [Test worker] INFO  net.lomibao.nes.components.CPU6502 - 236,EC,CPX,Absolute,Compare X Register,3,4,ABS
16:38:58.469 [Test worker] INFO  net.lomibao.nes.components.CPU6502 - 237,ED,SBC,Absolute,Subtract with Carry,3,4,ABS
16:38:58.469 [Test worker] INFO  net.lomibao.nes.components.CPU6502 - 238,EE,INC,Absolute,Increment Memory,3,6,ABS
16:38:58.469 [Test worker] INFO  net.lomibao.nes.components.CPU6502 - 239,EF,???,???,???,1,6,IMP
16:38:58.469 [Test worker] INFO  net.lomibao.nes.components.CPU6502 - 240,F0,BEQ,Relative,Branch if Equal,2,2,REL
16:38:58.469 [Test worker] INFO  net.lomibao.nes.components.CPU6502 - 241,F1,SBC,(Indirect);Y,Subtract with Carry,2,5,IZY
16:38:58.469 [Test worker] INFO  net.lomibao.nes.components.CPU6502 - 242,F2,???,???,???,1,2,IMP
16:38:58.469 [Test worker] INFO  net.lomibao.nes.components.CPU6502 - 243,F3,???,???,???,1,8,IMP
16:38:58.469 [Test worker] INFO  net.lomibao.nes.components.CPU6502 - 244,F4,???,???,???,1,4,IMP
16:38:58.469 [Test worker] INFO  net.lomibao.nes.components.CPU6502 - 245,F5,SBC,ZeroPage;X,Subtract with Carry,2,4,ZPX
16:38:58.470 [Test worker] INFO  net.lomibao.nes.components.CPU6502 - 246,F6,INC,ZeroPage;X,Increment Memory,2,6,ZPX
16:38:58.470 [Test worker] INFO  net.lomibao.nes.components.CPU6502 - 247,F7,???,???,???,1,6,IMP
16:38:58.470 [Test worker] INFO  net.lomibao.nes.components.CPU6502 - 248,F8,SED,Implied,Set Decimal Flag,1,2,IMP
16:38:58.470 [Test worker] INFO  net.lomibao.nes.components.CPU6502 - 249,F9,SBC,Absolute;Y,Subtract with Carry,3,4,ABY
16:38:58.470 [Test worker] INFO  net.lomibao.nes.components.CPU6502 - 250,FA,NOP,???,???,1,2,IMP
16:38:58.470 [Test worker] INFO  net.lomibao.nes.components.CPU6502 - 251,FB,???,???,???,1,7,IMP
16:38:58.470 [Test worker] INFO  net.lomibao.nes.components.CPU6502 - 252,FC,???,???,???,1,4,IMP
16:38:58.470 [Test worker] INFO  net.lomibao.nes.components.CPU6502 - 253,FD,SBC,Absolute;X,Subtract with Carry,3,4,ABX
16:38:58.470 [Test worker] INFO  net.lomibao.nes.components.CPU6502 - 254,FE,INC,Absolute;X,Increment Memory,3,7,ABX
16:38:58.471 [Test worker] INFO  net.lomibao.nes.components.CPU6502 - 255,FF,???,???,???,1,7,IMP
16:38:58.505 [Test worker] INFO  net.lomibao.nes.components.CPU6502 - 0,00,BRK,Implied,Force Interrupt,1,7,IMM
16:38:58.505 [Test worker] INFO  net.lomibao.nes.components.CPU6502 - 1,01,ORA,(Indirect;X),Logical Inclusive OR,2,6,IZX
16:38:58.506 [Test worker] INFO  net.lomibao.nes.components.CPU6502 - 2,02,???,???,???,1,2,IMP
16:38:58.506 [Test worker] INFO  net.lomibao.nes.components.CPU6502 - 3,03,???,???,???,1,8,IMP
16:38:58.506 [Test worker] INFO  net.lomibao.nes.components.CPU6502 - 4,04,???,???,???,1,3,IMP
16:38:58.506 [Test worker] INFO  net.lomibao.nes.components.CPU6502 - 5,05,ORA,ZeroPage,Logical Inclusive OR,2,3,ZP0
16:38:58.506 [Test worker] INFO  net.lomibao.nes.components.CPU6502 - 6,06,ASL,ZeroPage,Arithmetic Shift Left,2,5,ZP0
16:38:58.506 [Test worker] INFO  net.lomibao.nes.components.CPU6502 - 7,07,???,???,???,1,5,IMP
16:38:58.506 [Test worker] INFO  net.lomibao.nes.components.CPU6502 - 8,08,PHP,Implied,Push Processor Status,1,3,IMP
16:38:58.506 [Test worker] INFO  net.lomibao.nes.components.CPU6502 - 9,09,ORA,Immediate,Logical Inclusive OR,2,2,IMM
16:38:58.506 [Test worker] INFO  net.lomibao.nes.components.CPU6502 - 10,0A,ASL,Accumulator,Arithmetic Shift Left,1,2,IMP
16:38:58.506 [Test worker] INFO  net.lomibao.nes.components.CPU6502 - 11,0B,???,???,???,1,2,IMP
16:38:58.506 [Test worker] INFO  net.lomibao.nes.components.CPU6502 - 12,0C,???,???,???,1,4,IMP
16:38:58.506 [Test worker] INFO  net.lomibao.nes.components.CPU6502 - 13,0D,ORA,Absolute,Logical Inclusive OR,3,4,ABS
16:38:58.506 [Test worker] INFO  net.lomibao.nes.components.CPU6502 - 14,0E,ASL,Absolute,Arithmetic Shift Left,3,6,ABS
16:38:58.506 [Test worker] INFO  net.lomibao.nes.components.CPU6502 - 15,0F,???,???,???,1,6,IMP
16:38:58.506 [Test worker] INFO  net.lomibao.nes.components.CPU6502 - 16,10,BPL,Relative,Branch if Positive,2,2,REL
16:38:58.506 [Test worker] INFO  net.lomibao.nes.components.CPU6502 - 17,11,ORA,(Indirect);Y,Logical Inclusive OR,2,5,IZY
16:38:58.507 [Test worker] INFO  net.lomibao.nes.components.CPU6502 - 18,12,???,???,???,1,2,IMP
16:38:58.507 [Test worker] INFO  net.lomibao.nes.components.CPU6502 - 19,13,???,???,???,1,8,IMP
16:38:58.507 [Test worker] INFO  net.lomibao.nes.components.CPU6502 - 20,14,???,???,???,1,4,IMP
16:38:58.507 [Test worker] INFO  net.lomibao.nes.components.CPU6502 - 21,15,ORA,ZeroPage;X,Logical Inclusive OR,2,4,ZPX
16:38:58.507 [Test worker] INFO  net.lomibao.nes.components.CPU6502 - 22,16,ASL,ZeroPage;X,Arithmetic Shift Left,2,6,ZPX
16:38:58.507 [Test worker] INFO  net.lomibao.nes.components.CPU6502 - 23,17,???,???,???,1,6,IMP
16:38:58.507 [Test worker] INFO  net.lomibao.nes.components.CPU6502 - 24,18,CLC,Implied,Clear Carry Flag,1,2,IMP
16:38:58.507 [Test worker] INFO  net.lomibao.nes.components.CPU6502 - 25,19,ORA,Absolute;Y,Logical Inclusive OR,3,4,ABY
16:38:58.507 [Test worker] INFO  net.lomibao.nes.components.CPU6502 - 26,1A,???,???,???,1,2,IMP
16:38:58.507 [Test worker] INFO  net.lomibao.nes.components.CPU6502 - 27,1B,???,???,???,1,7,IMP
16:38:58.507 [Test worker] INFO  net.lomibao.nes.components.CPU6502 - 28,1C,???,???,???,1,4,IMP
16:38:58.508 [Test worker] INFO  net.lomibao.nes.components.CPU6502 - 29,1D,ORA,Absolute;X,Logical Inclusive OR,3,4,ABX
16:38:58.508 [Test worker] INFO  net.lomibao.nes.components.CPU6502 - 30,1E,ASL,Absolute;X,Arithmetic Shift Left,3,7,ABX
16:38:58.508 [Test worker] INFO  net.lomibao.nes.components.CPU6502 - 31,1F,???,???,???,1,7,IMP
16:38:58.508 [Test worker] INFO  net.lomibao.nes.components.CPU6502 - 32,20,JSR,Absolute,Jump to Subroutine,3,6,ABS
16:38:58.508 [Test worker] INFO  net.lomibao.nes.components.CPU6502 - 33,21,AND,(Indirect;X),Logical AND,2,6,IZX
16:38:58.508 [Test worker] INFO  net.lomibao.nes.components.CPU6502 - 34,22,???,???,???,1,2,IMP
16:38:58.508 [Test worker] INFO  net.lomibao.nes.components.CPU6502 - 35,23,???,???,???,1,8,IMP
16:38:58.508 [Test worker] INFO  net.lomibao.nes.components.CPU6502 - 36,24,BIT,ZeroPage,Bit Test,2,3,ZP0
16:38:58.508 [Test worker] INFO  net.lomibao.nes.components.CPU6502 - 37,25,AND,ZeroPage,Logical AND,2,3,ZP0
16:38:58.509 [Test worker] INFO  net.lomibao.nes.components.CPU6502 - 38,26,ROL,ZeroPage,Rotate Left,2,5,ZP0
16:38:58.509 [Test worker] INFO  net.lomibao.nes.components.CPU6502 - 39,27,???,???,???,1,5,IMP
16:38:58.509 [Test worker] INFO  net.lomibao.nes.components.CPU6502 - 40,28,PLP,Implied,Pull Processor Status,1,4,IMP
16:38:58.509 [Test worker] INFO  net.lomibao.nes.components.CPU6502 - 41,29,AND,Immediate,Logical AND,2,2,IMM
16:38:58.509 [Test worker] INFO  net.lomibao.nes.components.CPU6502 - 42,2A,ROL,Accumulator,Rotate Left,1,2,IMP
16:38:58.509 [Test worker] INFO  net.lomibao.nes.components.CPU6502 - 43,2B,???,???,???,1,2,IMP
16:38:58.509 [Test worker] INFO  net.lomibao.nes.components.CPU6502 - 44,2C,BIT,Absolute,Bit Test,3,4,ABS
16:38:58.509 [Test worker] INFO  net.lomibao.nes.components.CPU6502 - 45,2D,AND,Absolute,Logical AND,3,4,ABS
16:38:58.509 [Test worker] INFO  net.lomibao.nes.components.CPU6502 - 46,2E,ROL,Absolute,Rotate Left,3,6,ABS
16:38:58.509 [Test worker] INFO  net.lomibao.nes.components.CPU6502 - 47,2F,???,???,???,1,6,IMP
16:38:58.509 [Test worker] INFO  net.lomibao.nes.components.CPU6502 - 48,30,BMI,Relative,Branch if Minus,2,2,REL
16:38:58.509 [Test worker] INFO  net.lomibao.nes.components.CPU6502 - 49,31,AND,(Indirect);Y,Logical AND,2,5,IZY
16:38:58.509 [Test worker] INFO  net.lomibao.nes.components.CPU6502 - 50,32,???,???,???,1,2,IMP
16:38:58.509 [Test worker] INFO  net.lomibao.nes.components.CPU6502 - 51,33,???,???,???,1,8,IMP
16:38:58.509 [Test worker] INFO  net.lomibao.nes.components.CPU6502 - 52,34,???,???,???,1,4,IMP
16:38:58.509 [Test worker] INFO  net.lomibao.nes.components.CPU6502 - 53,35,AND,ZeroPage;X,Logical AND,2,4,ZPX
16:38:58.509 [Test worker] INFO  net.lomibao.nes.components.CPU6502 - 54,36,ROL,ZeroPage;X,Rotate Left,2,6,ZPX
16:38:58.509 [Test worker] INFO  net.lomibao.nes.components.CPU6502 - 55,37,???,???,???,1,6,IMP
16:38:58.509 [Test worker] INFO  net.lomibao.nes.components.CPU6502 - 56,38,SEC,Implied,Set Carry Flag,1,2,IMP
16:38:58.509 [Test worker] INFO  net.lomibao.nes.components.CPU6502 - 57,39,AND,Absolute;Y,Logical AND,3,4,ABY
16:38:58.509 [Test worker] INFO  net.lomibao.nes.components.CPU6502 - 58,3A,???,???,???,1,2,IMP
16:38:58.509 [Test worker] INFO  net.lomibao.nes.components.CPU6502 - 59,3B,???,???,???,1,7,IMP
16:38:58.510 [Test worker] INFO  net.lomibao.nes.components.CPU6502 - 60,3C,???,???,???,1,4,IMP
16:38:58.510 [Test worker] INFO  net.lomibao.nes.components.CPU6502 - 61,3D,AND,Absolute;X,Logical AND,3,4,ABX
16:38:58.510 [Test worker] INFO  net.lomibao.nes.components.CPU6502 - 62,3E,ROL,Absolute;X,Rotate Left,3,7,ABX
16:38:58.510 [Test worker] INFO  net.lomibao.nes.components.CPU6502 - 63,3F,???,???,???,1,7,IMP
16:38:58.510 [Test worker] INFO  net.lomibao.nes.components.CPU6502 - 64,40,RTI,Implied,Return from Interrupt,1,6,IMP
16:38:58.510 [Test worker] INFO  net.lomibao.nes.components.CPU6502 - 65,41,EOR,(Indirect;X),Exclusive OR,2,6,IZX
16:38:58.510 [Test worker] INFO  net.lomibao.nes.components.CPU6502 - 66,42,???,???,???,1,2,IMP
16:38:58.510 [Test worker] INFO  net.lomibao.nes.components.CPU6502 - 67,43,???,???,???,1,8,IMP
16:38:58.510 [Test worker] INFO  net.lomibao.nes.components.CPU6502 - 68,44,???,???,???,1,3,IMP
16:38:58.510 [Test worker] INFO  net.lomibao.nes.components.CPU6502 - 69,45,EOR,ZeroPage,Exclusive OR,2,3,ZP0
16:38:58.510 [Test worker] INFO  net.lomibao.nes.components.CPU6502 - 70,46,LSR,ZeroPage,Logical Shift Right,2,5,ZP0
16:38:58.510 [Test worker] INFO  net.lomibao.nes.components.CPU6502 - 71,47,???,???,???,1,5,IMP
16:38:58.511 [Test worker] INFO  net.lomibao.nes.components.CPU6502 - 72,48,PHA,Implied,Push Accumulator,1,3,IMP
16:38:58.511 [Test worker] INFO  net.lomibao.nes.components.CPU6502 - 73,49,EOR,Immediate,Exclusive OR,2,2,IMM
16:38:58.511 [Test worker] INFO  net.lomibao.nes.components.CPU6502 - 74,4A,LSR,Accumulator,Logical Shift Right,1,2,IMP
16:38:58.511 [Test worker] INFO  net.lomibao.nes.components.CPU6502 - 75,4B,???,???,???,1,2,IMP
16:38:58.512 [Test worker] INFO  net.lomibao.nes.components.CPU6502 - 76,4C,JMP,Absolute,Jump,3,3,ABS
16:38:58.512 [Test worker] INFO  net.lomibao.nes.components.CPU6502 - 77,4D,EOR,Absolute,Exclusive OR,3,4,ABS
16:38:58.512 [Test worker] INFO  net.lomibao.nes.components.CPU6502 - 78,4E,LSR,Absolute,Logical Shift Right,3,6,ABS
16:38:58.512 [Test worker] INFO  net.lomibao.nes.components.CPU6502 - 79,4F,???,???,???,1,6,IMP
16:38:58.512 [Test worker] INFO  net.lomibao.nes.components.CPU6502 - 80,50,BVC,Relative,Branch if Overflow Clear,2,2,REL
16:38:58.512 [Test worker] INFO  net.lomibao.nes.components.CPU6502 - 81,51,EOR,(Indirect);Y,Exclusive OR,2,5,IZY
16:38:58.512 [Test worker] INFO  net.lomibao.nes.components.CPU6502 - 82,52,???,???,???,1,2,IMP
16:38:58.512 [Test worker] INFO  net.lomibao.nes.components.CPU6502 - 83,53,???,???,???,1,8,IMP
16:38:58.512 [Test worker] INFO  net.lomibao.nes.components.CPU6502 - 84,54,???,???,???,1,4,IMP
16:38:58.512 [Test worker] INFO  net.lomibao.nes.components.CPU6502 - 85,55,EOR,ZeroPage;X,Exclusive OR,2,4,ZPX
16:38:58.512 [Test worker] INFO  net.lomibao.nes.components.CPU6502 - 86,56,LSR,ZeroPage;X,Logical Shift Right,2,6,ZPX
16:38:58.512 [Test worker] INFO  net.lomibao.nes.components.CPU6502 - 87,57,???,???,???,1,6,IMP
16:38:58.512 [Test worker] INFO  net.lomibao.nes.components.CPU6502 - 88,58,CLI,Implied,Clear Interrupt Disable,1,2,IMP
16:38:58.512 [Test worker] INFO  net.lomibao.nes.components.CPU6502 - 89,59,EOR,Absolute;Y,Exclusive OR,3,4,ABY
16:38:58.512 [Test worker] INFO  net.lomibao.nes.components.CPU6502 - 90,5A,???,???,???,1,2,IMP
16:38:58.512 [Test worker] INFO  net.lomibao.nes.components.CPU6502 - 91,5B,???,???,???,1,7,IMP
16:38:58.512 [Test worker] INFO  net.lomibao.nes.components.CPU6502 - 92,5C,???,???,???,1,4,IMP
16:38:58.512 [Test worker] INFO  net.lomibao.nes.components.CPU6502 - 93,5D,EOR,Absolute;X,Exclusive OR,3,4,ABX
16:38:58.512 [Test worker] INFO  net.lomibao.nes.components.CPU6502 - 94,5E,LSR,Absolute;X,Logical Shift Right,3,7,ABX
16:38:58.512 [Test worker] INFO  net.lomibao.nes.components.CPU6502 - 95,5F,???,???,???,1,7,IMP
16:38:58.514 [Test worker] INFO  net.lomibao.nes.components.CPU6502 - 96,60,RTS,Implied,Return from Subroutine,1,6,IMP
16:38:58.514 [Test worker] INFO  net.lomibao.nes.components.CPU6502 - 97,61,ADC,(Indirect;X),Add with Carry,2,6,IZX
16:38:58.514 [Test worker] INFO  net.lomibao.nes.components.CPU6502 - 98,62,???,???,???,1,2,IMP
16:38:58.514 [Test worker] INFO  net.lomibao.nes.components.CPU6502 - 99,63,???,???,???,1,8,IMP
16:38:58.514 [Test worker] INFO  net.lomibao.nes.components.CPU6502 - 100,64,???,???,???,1,3,IMP
16:38:58.514 [Test worker] INFO  net.lomibao.nes.components.CPU6502 - 101,65,ADC,ZeroPage,Add with Carry,2,3,ZP0
16:38:58.514 [Test worker] INFO  net.lomibao.nes.components.CPU6502 - 102,66,ROR,ZeroPage,Rotate Right,2,5,ZP0
16:38:58.514 [Test worker] INFO  net.lomibao.nes.components.CPU6502 - 103,67,???,???,???,1,5,IMP
16:38:58.514 [Test worker] INFO  net.lomibao.nes.components.CPU6502 - 104,68,PLA,Implied,Pull Accumulator,1,4,IMP
16:38:58.514 [Test worker] INFO  net.lomibao.nes.components.CPU6502 - 105,69,ADC,Immediate,Add with Carry,2,2,IMM
16:38:58.514 [Test worker] INFO  net.lomibao.nes.components.CPU6502 - 106,6A,ROR,Accumulator,Rotate Right,1,2,IMP
16:38:58.514 [Test worker] INFO  net.lomibao.nes.components.CPU6502 - 107,6B,???,???,???,1,2,IMP
16:38:58.514 [Test worker] INFO  net.lomibao.nes.components.CPU6502 - 108,6C,JMP,Indirect ,Jump,3,5,IND
16:38:58.514 [Test worker] INFO  net.lomibao.nes.components.CPU6502 - 109,6D,ADC,Absolute,Add with Carry,3,4,ABS
16:38:58.514 [Test worker] INFO  net.lomibao.nes.components.CPU6502 - 110,6E,ROR,Absolute,Rotate Right,3,6,ABS
16:38:58.514 [Test worker] INFO  net.lomibao.nes.components.CPU6502 - 111,6F,???,???,???,1,6,IMP
16:38:58.515 [Test worker] INFO  net.lomibao.nes.components.CPU6502 - 112,70,BVS,Relative,Branch if Overflow Set,2,2,REL
16:38:58.515 [Test worker] INFO  net.lomibao.nes.components.CPU6502 - 113,71,ADC,(Indirect);Y,Add with Carry,2,5,IZY
16:38:58.515 [Test worker] INFO  net.lomibao.nes.components.CPU6502 - 114,72,???,???,???,1,2,IMP
16:38:58.515 [Test worker] INFO  net.lomibao.nes.components.CPU6502 - 115,73,???,???,???,1,8,IMP
16:38:58.515 [Test worker] INFO  net.lomibao.nes.components.CPU6502 - 116,74,???,???,???,1,4,IMP
16:38:58.515 [Test worker] INFO  net.lomibao.nes.components.CPU6502 - 117,75,ADC,ZeroPage;X,Add with Carry,2,4,ZPX
16:38:58.515 [Test worker] INFO  net.lomibao.nes.components.CPU6502 - 118,76,ROR,ZeroPage;X,Rotate Right,2,6,ZPX
16:38:58.515 [Test worker] INFO  net.lomibao.nes.components.CPU6502 - 119,77,???,???,???,1,6,IMP
16:38:58.515 [Test worker] INFO  net.lomibao.nes.components.CPU6502 - 120,78,SEI,Implied,Set Interrupt Disable,1,2,IMP
16:38:58.515 [Test worker] INFO  net.lomibao.nes.components.CPU6502 - 121,79,ADC,Absolute;Y,Add with Carry,3,4,ABY
16:38:58.515 [Test worker] INFO  net.lomibao.nes.components.CPU6502 - 122,7A,???,???,???,1,2,IMP
16:38:58.515 [Test worker] INFO  net.lomibao.nes.components.CPU6502 - 123,7B,???,???,???,1,7,IMP
16:38:58.515 [Test worker] INFO  net.lomibao.nes.components.CPU6502 - 124,7C,???,???,???,1,4,IMP
16:38:58.515 [Test worker] INFO  net.lomibao.nes.components.CPU6502 - 125,7D,ADC,Absolute;X,Add with Carry,3,4,ABX
16:38:58.516 [Test worker] INFO  net.lomibao.nes.components.CPU6502 - 126,7E,ROR,Absolute;X,Rotate Right,3,7,ABX
16:38:58.516 [Test worker] INFO  net.lomibao.nes.components.CPU6502 - 127,7F,???,???,???,1,7,IMP
16:38:58.516 [Test worker] INFO  net.lomibao.nes.components.CPU6502 - 128,80,???,???,???,1,2,IMP
16:38:58.517 [Test worker] INFO  net.lomibao.nes.components.CPU6502 - 129,81,STA,(Indirect;X),Store Accumulator,2,6,IZX
16:38:58.517 [Test worker] INFO  net.lomibao.nes.components.CPU6502 - 130,82,???,???,???,1,2,IMP
16:38:58.517 [Test worker] INFO  net.lomibao.nes.components.CPU6502 - 131,83,???,???,???,1,6,IMP
16:38:58.517 [Test worker] INFO  net.lomibao.nes.components.CPU6502 - 132,84,STY,ZeroPage,Store Y Register,2,3,ZP0
16:38:58.517 [Test worker] INFO  net.lomibao.nes.components.CPU6502 - 133,85,STA,ZeroPage,Store Accumulator,2,3,ZP0
16:38:58.517 [Test worker] INFO  net.lomibao.nes.components.CPU6502 - 134,86,STX,ZeroPage,Store X Register,2,3,ZP0
16:38:58.517 [Test worker] INFO  net.lomibao.nes.components.CPU6502 - 135,87,???,???,???,1,3,IMP
16:38:58.517 [Test worker] INFO  net.lomibao.nes.components.CPU6502 - 136,88,DEY,Implied,Decrement Y Register,1,2,IMP
16:38:58.518 [Test worker] INFO  net.lomibao.nes.components.CPU6502 - 137,89,???,???,???,1,2,IMP
16:38:58.518 [Test worker] INFO  net.lomibao.nes.components.CPU6502 - 138,8A,TXA,Implied,Transfer X to Accumulator,1,2,IMP
16:38:58.518 [Test worker] INFO  net.lomibao.nes.components.CPU6502 - 139,8B,???,???,???,1,2,IMP
16:38:58.518 [Test worker] INFO  net.lomibao.nes.components.CPU6502 - 140,8C,STY,Absolute,Store Y Register,3,4,ABS
16:38:58.518 [Test worker] INFO  net.lomibao.nes.components.CPU6502 - 141,8D,STA,Absolute,Store Accumulator,3,4,ABS
16:38:58.518 [Test worker] INFO  net.lomibao.nes.components.CPU6502 - 142,8E,STX,Absolute,Store X Register,3,4,ABS
16:38:58.518 [Test worker] INFO  net.lomibao.nes.components.CPU6502 - 143,8F,???,???,???,1,4,IMP
16:38:58.518 [Test worker] INFO  net.lomibao.nes.components.CPU6502 - 144,90,BCC,Relative,Branch if Carry Clear,2,2,REL
16:38:58.518 [Test worker] INFO  net.lomibao.nes.components.CPU6502 - 145,91,STA,(Indirect);Y,Store Accumulator,2,6,IZY
16:38:58.519 [Test worker] INFO  net.lomibao.nes.components.CPU6502 - 146,92,???,???,???,1,2,IMP
16:38:58.519 [Test worker] INFO  net.lomibao.nes.components.CPU6502 - 147,93,???,???,???,1,6,IMP
16:38:58.519 [Test worker] INFO  net.lomibao.nes.components.CPU6502 - 148,94,STY,ZeroPage;X,Store Y Register,2,4,ZPX
16:38:58.519 [Test worker] INFO  net.lomibao.nes.components.CPU6502 - 149,95,STA,ZeroPage;X,Store Accumulator,2,4,ZPX
16:38:58.519 [Test worker] INFO  net.lomibao.nes.components.CPU6502 - 150,96,STX,ZeroPage;Y,Store X Register,2,4,ZPY
16:38:58.519 [Test worker] INFO  net.lomibao.nes.components.CPU6502 - 151,97,???,???,???,1,4,IMP
16:38:58.519 [Test worker] INFO  net.lomibao.nes.components.CPU6502 - 152,98,TYA,Implied,Transfer Y to Accumulator,1,2,IMP
16:38:58.519 [Test worker] INFO  net.lomibao.nes.components.CPU6502 - 153,99,STA,Absolute;Y,Store Accumulator,3,5,ABY
16:38:58.519 [Test worker] INFO  net.lomibao.nes.components.CPU6502 - 154,9A,TXS,Implied,Transfer X to Stack Pointer,1,2,IMP
16:38:58.519 [Test worker] INFO  net.lomibao.nes.components.CPU6502 - 155,9B,???,???,???,1,5,IMP
16:38:58.519 [Test worker] INFO  net.lomibao.nes.components.CPU6502 - 156,9C,???,???,???,1,5,IMP
16:38:58.519 [Test worker] INFO  net.lomibao.nes.components.CPU6502 - 157,9D,STA,Absolute;X,Store Accumulator,3,5,ABX
16:38:58.519 [Test worker] INFO  net.lomibao.nes.components.CPU6502 - 158,9E,???,???,???,1,5,IMP
16:38:58.519 [Test worker] INFO  net.lomibao.nes.components.CPU6502 - 159,9F,???,???,???,1,5,IMP
16:38:58.519 [Test worker] INFO  net.lomibao.nes.components.CPU6502 - 160,A0,LDY,Immediate,Load Y Register,2,2,IMM
16:38:58.520 [Test worker] INFO  net.lomibao.nes.components.CPU6502 - 161,A1,LDA,(Indirect;X),Load Accumulator,2,6,IZX
16:38:58.520 [Test worker] INFO  net.lomibao.nes.components.CPU6502 - 162,A2,LDX,Immediate,Load X Register,2,2,IMM
16:38:58.520 [Test worker] INFO  net.lomibao.nes.components.CPU6502 - 163,A3,???,???,???,1,6,IMP
16:38:58.520 [Test worker] INFO  net.lomibao.nes.components.CPU6502 - 164,A4,LDY,ZeroPage,Load Y Register,2,3,ZP0
16:38:58.520 [Test worker] INFO  net.lomibao.nes.components.CPU6502 - 165,A5,LDA,ZeroPage,Load Accumulator,2,3,ZP0
16:38:58.520 [Test worker] INFO  net.lomibao.nes.components.CPU6502 - 166,A6,LDX,ZeroPage,Load X Register,2,3,ZP0
16:38:58.520 [Test worker] INFO  net.lomibao.nes.components.CPU6502 - 167,A7,???,???,???,1,3,IMP
16:38:58.520 [Test worker] INFO  net.lomibao.nes.components.CPU6502 - 168,A8,TAY,Implied,Transfer Accumulator to Y,1,2,IMP
16:38:58.520 [Test worker] INFO  net.lomibao.nes.components.CPU6502 - 169,A9,LDA,Immediate,Load Accumulator,2,2,IMM
16:38:58.520 [Test worker] INFO  net.lomibao.nes.components.CPU6502 - 170,AA,TAX,Implied,Transfer Accumulator to X,1,2,IMP
16:38:58.520 [Test worker] INFO  net.lomibao.nes.components.CPU6502 - 171,AB,???,???,???,1,2,IMP
16:38:58.520 [Test worker] INFO  net.lomibao.nes.components.CPU6502 - 172,AC,LDY,Absolute,Load Y Register,3,4,ABS
16:38:58.521 [Test worker] INFO  net.lomibao.nes.components.CPU6502 - 173,AD,LDA,Absolute,Load Accumulator,3,4,ABS
16:38:58.521 [Test worker] INFO  net.lomibao.nes.components.CPU6502 - 174,AE,LDX,Absolute,Load X Register,3,4,ABS
16:38:58.521 [Test worker] INFO  net.lomibao.nes.components.CPU6502 - 175,AF,???,???,???,1,4,IMP
16:38:58.521 [Test worker] INFO  net.lomibao.nes.components.CPU6502 - 176,B0,BCS,Relative,Branch if Carry Set,2,2,REL
16:38:58.521 [Test worker] INFO  net.lomibao.nes.components.CPU6502 - 177,B1,LDA,(Indirect);Y,Load Accumulator,2,5,IZY
16:38:58.521 [Test worker] INFO  net.lomibao.nes.components.CPU6502 - 178,B2,???,???,???,1,2,IMP
16:38:58.521 [Test worker] INFO  net.lomibao.nes.components.CPU6502 - 179,B3,???,???,???,1,5,IMP
16:38:58.521 [Test worker] INFO  net.lomibao.nes.components.CPU6502 - 180,B4,LDY,ZeroPage;X,Load Y Register,2,4,ZPX
16:38:58.521 [Test worker] INFO  net.lomibao.nes.components.CPU6502 - 181,B5,LDA,ZeroPage;X,Load Accumulator,2,4,ZPX
16:38:58.521 [Test worker] INFO  net.lomibao.nes.components.CPU6502 - 182,B6,LDX,ZeroPage;Y,Load X Register,2,4,ZPY
16:38:58.521 [Test worker] INFO  net.lomibao.nes.components.CPU6502 - 183,B7,???,???,???,1,4,IMP
16:38:58.521 [Test worker] INFO  net.lomibao.nes.components.CPU6502 - 184,B8,CLV,Implied,Clear Overflow Flag,1,2,IMP
16:38:58.521 [Test worker] INFO  net.lomibao.nes.components.CPU6502 - 185,B9,LDA,Absolute;Y,Load Accumulator,3,4,ABY
16:38:58.521 [Test worker] INFO  net.lomibao.nes.components.CPU6502 - 186,BA,TSX,Implied,Transfer Stack Pointer to X,1,2,IMP
16:38:58.521 [Test worker] INFO  net.lomibao.nes.components.CPU6502 - 187,BB,???,???,???,1,4,IMP
16:38:58.521 [Test worker] INFO  net.lomibao.nes.components.CPU6502 - 188,BC,LDY,Absolute;X,Load Y Register,3,4,ABX
16:38:58.521 [Test worker] INFO  net.lomibao.nes.components.CPU6502 - 189,BD,LDA,Absolute;X,Load Accumulator,3,4,ABX
16:38:58.521 [Test worker] INFO  net.lomibao.nes.components.CPU6502 - 190,BE,LDX,Absolute;Y,Load X Register,3,4,ABY
16:38:58.522 [Test worker] INFO  net.lomibao.nes.components.CPU6502 - 191,BF,???,???,???,1,4,IMP
16:38:58.522 [Test worker] INFO  net.lomibao.nes.components.CPU6502 - 192,C0,CPY,Immediate,Compare Y Register,2,2,IMM
16:38:58.522 [Test worker] INFO  net.lomibao.nes.components.CPU6502 - 193,C1,CMP,(Indirect;X),Compare,2,6,IZX
16:38:58.522 [Test worker] INFO  net.lomibao.nes.components.CPU6502 - 194,C2,???,???,???,1,2,IMP
16:38:58.522 [Test worker] INFO  net.lomibao.nes.components.CPU6502 - 195,C3,???,???,???,1,8,IMP
16:38:58.522 [Test worker] INFO  net.lomibao.nes.components.CPU6502 - 196,C4,CPY,ZeroPage,Compare Y Register,2,3,ZP0
16:38:58.522 [Test worker] INFO  net.lomibao.nes.components.CPU6502 - 197,C5,CMP,ZeroPage,Compare,2,3,ZP0
16:38:58.522 [Test worker] INFO  net.lomibao.nes.components.CPU6502 - 198,C6,DEC,ZeroPage,Decrement Memory,2,5,ZP0
16:38:58.522 [Test worker] INFO  net.lomibao.nes.components.CPU6502 - 199,C7,???,???,???,1,5,IMP
16:38:58.522 [Test worker] INFO  net.lomibao.nes.components.CPU6502 - 200,C8,INY,Implied,Increment Y Register,1,2,IMP
16:38:58.522 [Test worker] INFO  net.lomibao.nes.components.CPU6502 - 201,C9,CMP,Immediate,Compare,2,2,IMM
16:38:58.522 [Test worker] INFO  net.lomibao.nes.components.CPU6502 - 202,CA,DEX,Implied,Decrement X Register,1,2,IMP
16:38:58.522 [Test worker] INFO  net.lomibao.nes.components.CPU6502 - 203,CB,???,???,???,1,2,IMP
16:38:58.522 [Test worker] INFO  net.lomibao.nes.components.CPU6502 - 204,CC,CPY,Absolute,Compare Y Register,3,4,ABS
16:38:58.522 [Test worker] INFO  net.lomibao.nes.components.CPU6502 - 205,CD,CMP,Absolute,Compare,3,4,ABS
16:38:58.523 [Test worker] INFO  net.lomibao.nes.components.CPU6502 - 206,CE,DEC,Absolute,Decrement Memory,3,6,ABS
16:38:58.523 [Test worker] INFO  net.lomibao.nes.components.CPU6502 - 207,CF,???,???,???,1,6,IMP
16:38:58.523 [Test worker] INFO  net.lomibao.nes.components.CPU6502 - 208,D0,BNE,Relative,Branch if Not Equal,2,2,REL
16:38:58.523 [Test worker] INFO  net.lomibao.nes.components.CPU6502 - 209,D1,CMP,(Indirect);Y,Compare,2,5,IZY
16:38:58.523 [Test worker] INFO  net.lomibao.nes.components.CPU6502 - 210,D2,???,???,???,1,2,IMP
16:38:58.523 [Test worker] INFO  net.lomibao.nes.components.CPU6502 - 211,D3,???,???,???,1,8,IMP
16:38:58.523 [Test worker] INFO  net.lomibao.nes.components.CPU6502 - 212,D4,???,???,???,1,4,IMP
16:38:58.523 [Test worker] INFO  net.lomibao.nes.components.CPU6502 - 213,D5,CMP,ZeroPage;X,Compare,2,4,ZPX
16:38:58.523 [Test worker] INFO  net.lomibao.nes.components.CPU6502 - 214,D6,DEC,ZeroPage;X,Decrement Memory,2,6,ZPX
16:38:58.523 [Test worker] INFO  net.lomibao.nes.components.CPU6502 - 215,D7,???,???,???,1,6,IMP
16:38:58.523 [Test worker] INFO  net.lomibao.nes.components.CPU6502 - 216,D8,CLD,Implied,Clear Decimal Mode,1,2,IMP
16:38:58.523 [Test worker] INFO  net.lomibao.nes.components.CPU6502 - 217,D9,CMP,Absolute;Y,Compare,3,4,ABY
16:38:58.524 [Test worker] INFO  net.lomibao.nes.components.CPU6502 - 218,DA,NOP,???,???,1,2,IMP
16:38:58.524 [Test worker] INFO  net.lomibao.nes.components.CPU6502 - 219,DB,???,???,???,1,7,IMP
16:38:58.524 [Test worker] INFO  net.lomibao.nes.components.CPU6502 - 220,DC,???,???,???,1,4,IMP
16:38:58.524 [Test worker] INFO  net.lomibao.nes.components.CPU6502 - 221,DD,CMP,Absolute;X,Compare,3,4,ABX
16:38:58.524 [Test worker] INFO  net.lomibao.nes.components.CPU6502 - 222,DE,DEC,Absolute;X,Decrement Memory,3,7,ABX
16:38:58.524 [Test worker] INFO  net.lomibao.nes.components.CPU6502 - 223,DF,???,???,???,1,7,IMP
16:38:58.525 [Test worker] INFO  net.lomibao.nes.components.CPU6502 - 224,E0,CPX,Immediate,Compare X Register,2,2,IMM
16:38:58.525 [Test worker] INFO  net.lomibao.nes.components.CPU6502 - 225,E1,SBC,(Indirect;X),Subtract with Carry,2,6,IZX
16:38:58.525 [Test worker] INFO  net.lomibao.nes.components.CPU6502 - 226,E2,???,???,???,1,2,IMP
16:38:58.525 [Test worker] INFO  net.lomibao.nes.components.CPU6502 - 227,E3,???,???,???,1,8,IMP
16:38:58.525 [Test worker] INFO  net.lomibao.nes.components.CPU6502 - 228,E4,CPX,ZeroPage,Compare X Register,2,3,ZP0
16:38:58.525 [Test worker] INFO  net.lomibao.nes.components.CPU6502 - 229,E5,SBC,ZeroPage,Subtract with Carry,2,3,ZP0
16:38:58.525 [Test worker] INFO  net.lomibao.nes.components.CPU6502 - 230,E6,INC,ZeroPage,Increment Memory,2,5,ZP0
16:38:58.525 [Test worker] INFO  net.lomibao.nes.components.CPU6502 - 231,E7,???,???,???,1,5,IMP
16:38:58.525 [Test worker] INFO  net.lomibao.nes.components.CPU6502 - 232,E8,INX,Implied,Increment X Register,1,2,IMP
16:38:58.525 [Test worker] INFO  net.lomibao.nes.components.CPU6502 - 233,E9,SBC,Immediate,Subtract with Carry,2,2,IMM
16:38:58.526 [Test worker] INFO  net.lomibao.nes.components.CPU6502 - 234,EA,NOP,Implied,No Operation,1,2,IMP
16:38:58.526 [Test worker] INFO  net.lomibao.nes.components.CPU6502 - 235,EB,???,???,???,1,2,IMP
16:38:58.526 [Test worker] INFO  net.lomibao.nes.components.CPU6502 - 236,EC,CPX,Absolute,Compare X Register,3,4,ABS
16:38:58.526 [Test worker] INFO  net.lomibao.nes.components.CPU6502 - 237,ED,SBC,Absolute,Subtract with Carry,3,4,ABS
16:38:58.526 [Test worker] INFO  net.lomibao.nes.components.CPU6502 - 238,EE,INC,Absolute,Increment Memory,3,6,ABS
16:38:58.526 [Test worker] INFO  net.lomibao.nes.components.CPU6502 - 239,EF,???,???,???,1,6,IMP
16:38:58.526 [Test worker] INFO  net.lomibao.nes.components.CPU6502 - 240,F0,BEQ,Relative,Branch if Equal,2,2,REL
16:38:58.526 [Test worker] INFO  net.lomibao.nes.components.CPU6502 - 241,F1,SBC,(Indirect);Y,Subtract with Carry,2,5,IZY
16:38:58.526 [Test worker] INFO  net.lomibao.nes.components.CPU6502 - 242,F2,???,???,???,1,2,IMP
16:38:58.527 [Test worker] INFO  net.lomibao.nes.components.CPU6502 - 243,F3,???,???,???,1,8,IMP
16:38:58.527 [Test worker] INFO  net.lomibao.nes.components.CPU6502 - 244,F4,???,???,???,1,4,IMP
16:38:58.527 [Test worker] INFO  net.lomibao.nes.components.CPU6502 - 245,F5,SBC,ZeroPage;X,Subtract with Carry,2,4,ZPX
16:38:58.527 [Test worker] INFO  net.lomibao.nes.components.CPU6502 - 246,F6,INC,ZeroPage;X,Increment Memory,2,6,ZPX
16:38:58.527 [Test worker] INFO  net.lomibao.nes.components.CPU6502 - 247,F7,???,???,???,1,6,IMP
16:38:58.527 [Test worker] INFO  net.lomibao.nes.components.CPU6502 - 248,F8,SED,Implied,Set Decimal Flag,1,2,IMP
16:38:58.527 [Test worker] INFO  net.lomibao.nes.components.CPU6502 - 249,F9,SBC,Absolute;Y,Subtract with Carry,3,4,ABY
16:38:58.527 [Test worker] INFO  net.lomibao.nes.components.CPU6502 - 250,FA,NOP,???,???,1,2,IMP
16:38:58.527 [Test worker] INFO  net.lomibao.nes.components.CPU6502 - 251,FB,???,???,???,1,7,IMP
16:38:58.527 [Test worker] INFO  net.lomibao.nes.components.CPU6502 - 252,FC,???,???,???,1,4,IMP
16:38:58.527 [Test worker] INFO  net.lomibao.nes.components.CPU6502 - 253,FD,SBC,Absolute;X,Subtract with Carry,3,4,ABX
16:38:58.527 [Test worker] INFO  net.lomibao.nes.components.CPU6502 - 254,FE,INC,Absolute;X,Increment Memory,3,7,ABX
16:38:58.528 [Test worker] INFO  net.lomibao.nes.components.CPU6502 - 255,FF,???,???,???,1,7,IMP
16:38:58.539 [Test worker] INFO  net.lomibao.nes.components.CPU6502 - 0,00,BRK,Implied,Force Interrupt,1,7,IMM
16:38:58.539 [Test worker] INFO  net.lomibao.nes.components.CPU6502 - 1,01,ORA,(Indirect;X),Logical Inclusive OR,2,6,IZX
16:38:58.539 [Test worker] INFO  net.lomibao.nes.components.CPU6502 - 2,02,???,???,???,1,2,IMP
16:38:58.539 [Test worker] INFO  net.lomibao.nes.components.CPU6502 - 3,03,???,???,???,1,8,IMP
16:38:58.539 [Test worker] INFO  net.lomibao.nes.components.CPU6502 - 4,04,???,???,???,1,3,IMP
16:38:58.539 [Test worker] INFO  net.lomibao.nes.components.CPU6502 - 5,05,ORA,ZeroPage,Logical Inclusive OR,2,3,ZP0
16:38:58.539 [Test worker] INFO  net.lomibao.nes.components.CPU6502 - 6,06,ASL,ZeroPage,Arithmetic Shift Left,2,5,ZP0
16:38:58.539 [Test worker] INFO  net.lomibao.nes.components.CPU6502 - 7,07,???,???,???,1,5,IMP
16:38:58.539 [Test worker] INFO  net.lomibao.nes.components.CPU6502 - 8,08,PHP,Implied,Push Processor Status,1,3,IMP
16:38:58.539 [Test worker] INFO  net.lomibao.nes.components.CPU6502 - 9,09,ORA,Immediate,Logical Inclusive OR,2,2,IMM
16:38:58.540 [Test worker] INFO  net.lomibao.nes.components.CPU6502 - 10,0A,ASL,Accumulator,Arithmetic Shift Left,1,2,IMP
16:38:58.540 [Test worker] INFO  net.lomibao.nes.components.CPU6502 - 11,0B,???,???,???,1,2,IMP
16:38:58.540 [Test worker] INFO  net.lomibao.nes.components.CPU6502 - 12,0C,???,???,???,1,4,IMP
16:38:58.540 [Test worker] INFO  net.lomibao.nes.components.CPU6502 - 13,0D,ORA,Absolute,Logical Inclusive OR,3,4,ABS
16:38:58.540 [Test worker] INFO  net.lomibao.nes.components.CPU6502 - 14,0E,ASL,Absolute,Arithmetic Shift Left,3,6,ABS
16:38:58.540 [Test worker] INFO  net.lomibao.nes.components.CPU6502 - 15,0F,???,???,???,1,6,IMP
16:38:58.540 [Test worker] INFO  net.lomibao.nes.components.CPU6502 - 16,10,BPL,Relative,Branch if Positive,2,2,REL
16:38:58.540 [Test worker] INFO  net.lomibao.nes.components.CPU6502 - 17,11,ORA,(Indirect);Y,Logical Inclusive OR,2,5,IZY
16:38:58.540 [Test worker] INFO  net.lomibao.nes.components.CPU6502 - 18,12,???,???,???,1,2,IMP
16:38:58.540 [Test worker] INFO  net.lomibao.nes.components.CPU6502 - 19,13,???,???,???,1,8,IMP
16:38:58.540 [Test worker] INFO  net.lomibao.nes.components.CPU6502 - 20,14,???,???,???,1,4,IMP
16:38:58.540 [Test worker] INFO  net.lomibao.nes.components.CPU6502 - 21,15,ORA,ZeroPage;X,Logical Inclusive OR,2,4,ZPX
16:38:58.540 [Test worker] INFO  net.lomibao.nes.components.CPU6502 - 22,16,ASL,ZeroPage;X,Arithmetic Shift Left,2,6,ZPX
16:38:58.540 [Test worker] INFO  net.lomibao.nes.components.CPU6502 - 23,17,???,???,???,1,6,IMP
16:38:58.540 [Test worker] INFO  net.lomibao.nes.components.CPU6502 - 24,18,CLC,Implied,Clear Carry Flag,1,2,IMP
16:38:58.540 [Test worker] INFO  net.lomibao.nes.components.CPU6502 - 25,19,ORA,Absolute;Y,Logical Inclusive OR,3,4,ABY
16:38:58.540 [Test worker] INFO  net.lomibao.nes.components.CPU6502 - 26,1A,???,???,???,1,2,IMP
16:38:58.540 [Test worker] INFO  net.lomibao.nes.components.CPU6502 - 27,1B,???,???,???,1,7,IMP
16:38:58.540 [Test worker] INFO  net.lomibao.nes.components.CPU6502 - 28,1C,???,???,???,1,4,IMP
16:38:58.540 [Test worker] INFO  net.lomibao.nes.components.CPU6502 - 29,1D,ORA,Absolute;X,Logical Inclusive OR,3,4,ABX
16:38:58.540 [Test worker] INFO  net.lomibao.nes.components.CPU6502 - 30,1E,ASL,Absolute;X,Arithmetic Shift Left,3,7,ABX
16:38:58.540 [Test worker] INFO  net.lomibao.nes.components.CPU6502 - 31,1F,???,???,???,1,7,IMP
16:38:58.541 [Test worker] INFO  net.lomibao.nes.components.CPU6502 - 32,20,JSR,Absolute,Jump to Subroutine,3,6,ABS
16:38:58.541 [Test worker] INFO  net.lomibao.nes.components.CPU6502 - 33,21,AND,(Indirect;X),Logical AND,2,6,IZX
16:38:58.541 [Test worker] INFO  net.lomibao.nes.components.CPU6502 - 34,22,???,???,???,1,2,IMP
16:38:58.541 [Test worker] INFO  net.lomibao.nes.components.CPU6502 - 35,23,???,???,???,1,8,IMP
16:38:58.541 [Test worker] INFO  net.lomibao.nes.components.CPU6502 - 36,24,BIT,ZeroPage,Bit Test,2,3,ZP0
16:38:58.541 [Test worker] INFO  net.lomibao.nes.components.CPU6502 - 37,25,AND,ZeroPage,Logical AND,2,3,ZP0
16:38:58.541 [Test worker] INFO  net.lomibao.nes.components.CPU6502 - 38,26,ROL,ZeroPage,Rotate Left,2,5,ZP0
16:38:58.541 [Test worker] INFO  net.lomibao.nes.components.CPU6502 - 39,27,???,???,???,1,5,IMP
16:38:58.541 [Test worker] INFO  net.lomibao.nes.components.CPU6502 - 40,28,PLP,Implied,Pull Processor Status,1,4,IMP
16:38:58.541 [Test worker] INFO  net.lomibao.nes.components.CPU6502 - 41,29,AND,Immediate,Logical AND,2,2,IMM
16:38:58.541 [Test worker] INFO  net.lomibao.nes.components.CPU6502 - 42,2A,ROL,Accumulator,Rotate Left,1,2,IMP
16:38:58.541 [Test worker] INFO  net.lomibao.nes.components.CPU6502 - 43,2B,???,???,???,1,2,IMP
16:38:58.541 [Test worker] INFO  net.lomibao.nes.components.CPU6502 - 44,2C,BIT,Absolute,Bit Test,3,4,ABS
16:38:58.541 [Test worker] INFO  net.lomibao.nes.components.CPU6502 - 45,2D,AND,Absolute,Logical AND,3,4,ABS
16:38:58.541 [Test worker] INFO  net.lomibao.nes.components.CPU6502 - 46,2E,ROL,Absolute,Rotate Left,3,6,ABS
16:38:58.541 [Test worker] INFO  net.lomibao.nes.components.CPU6502 - 47,2F,???,???,???,1,6,IMP
16:38:58.541 [Test worker] INFO  net.lomibao.nes.components.CPU6502 - 48,30,BMI,Relative,Branch if Minus,2,2,REL
16:38:58.541 [Test worker] INFO  net.lomibao.nes.components.CPU6502 - 49,31,AND,(Indirect);Y,Logical AND,2,5,IZY
16:38:58.541 [Test worker] INFO  net.lomibao.nes.components.CPU6502 - 50,32,???,???,???,1,2,IMP
16:38:58.541 [Test worker] INFO  net.lomibao.nes.components.CPU6502 - 51,33,???,???,???,1,8,IMP
16:38:58.541 [Test worker] INFO  net.lomibao.nes.components.CPU6502 - 52,34,???,???,???,1,4,IMP
16:38:58.541 [Test worker] INFO  net.lomibao.nes.components.CPU6502 - 53,35,AND,ZeroPage;X,Logical AND,2,4,ZPX
16:38:58.541 [Test worker] INFO  net.lomibao.nes.components.CPU6502 - 54,36,ROL,ZeroPage;X,Rotate Left,2,6,ZPX
16:38:58.541 [Test worker] INFO  net.lomibao.nes.components.CPU6502 - 55,37,???,???,???,1,6,IMP
16:38:58.541 [Test worker] INFO  net.lomibao.nes.components.CPU6502 - 56,38,SEC,Implied,Set Carry Flag,1,2,IMP
16:38:58.541 [Test worker] INFO  net.lomibao.nes.components.CPU6502 - 57,39,AND,Absolute;Y,Logical AND,3,4,ABY
16:38:58.541 [Test worker] INFO  net.lomibao.nes.components.CPU6502 - 58,3A,???,???,???,1,2,IMP
16:38:58.541 [Test worker] INFO  net.lomibao.nes.components.CPU6502 - 59,3B,???,???,???,1,7,IMP
16:38:58.541 [Test worker] INFO  net.lomibao.nes.components.CPU6502 - 60,3C,???,???,???,1,4,IMP
16:38:58.541 [Test worker] INFO  net.lomibao.nes.components.CPU6502 - 61,3D,AND,Absolute;X,Logical AND,3,4,ABX
16:38:58.541 [Test worker] INFO  net.lomibao.nes.components.CPU6502 - 62,3E,ROL,Absolute;X,Rotate Left,3,7,ABX
16:38:58.541 [Test worker] INFO  net.lomibao.nes.components.CPU6502 - 63,3F,???,???,???,1,7,IMP
16:38:58.542 [Test worker] INFO  net.lomibao.nes.components.CPU6502 - 64,40,RTI,Implied,Return from Interrupt,1,6,IMP
16:38:58.542 [Test worker] INFO  net.lomibao.nes.components.CPU6502 - 65,41,EOR,(Indirect;X),Exclusive OR,2,6,IZX
16:38:58.542 [Test worker] INFO  net.lomibao.nes.components.CPU6502 - 66,42,???,???,???,1,2,IMP
16:38:58.542 [Test worker] INFO  net.lomibao.nes.components.CPU6502 - 67,43,???,???,???,1,8,IMP
16:38:58.542 [Test worker] INFO  net.lomibao.nes.components.CPU6502 - 68,44,???,???,???,1,3,IMP
16:38:58.542 [Test worker] INFO  net.lomibao.nes.components.CPU6502 - 69,45,EOR,ZeroPage,Exclusive OR,2,3,ZP0
16:38:58.542 [Test worker] INFO  net.lomibao.nes.components.CPU6502 - 70,46,LSR,ZeroPage,Logical Shift Right,2,5,ZP0
16:38:58.542 [Test worker] INFO  net.lomibao.nes.components.CPU6502 - 71,47,???,???,???,1,5,IMP
16:38:58.542 [Test worker] INFO  net.lomibao.nes.components.CPU6502 - 72,48,PHA,Implied,Push Accumulator,1,3,IMP
16:38:58.542 [Test worker] INFO  net.lomibao.nes.components.CPU6502 - 73,49,EOR,Immediate,Exclusive OR,2,2,IMM
16:38:58.542 [Test worker] INFO  net.lomibao.nes.components.CPU6502 - 74,4A,LSR,Accumulator,Logical Shift Right,1,2,IMP
16:38:58.542 [Test worker] INFO  net.lomibao.nes.components.CPU6502 - 75,4B,???,???,???,1,2,IMP
16:38:58.542 [Test worker] INFO  net.lomibao.nes.components.CPU6502 - 76,4C,JMP,Absolute,Jump,3,3,ABS
16:38:58.542 [Test worker] INFO  net.lomibao.nes.components.CPU6502 - 77,4D,EOR,Absolute,Exclusive OR,3,4,ABS
16:38:58.542 [Test worker] INFO  net.lomibao.nes.components.CPU6502 - 78,4E,LSR,Absolute,Logical Shift Right,3,6,ABS
16:38:58.542 [Test worker] INFO  net.lomibao.nes.components.CPU6502 - 79,4F,???,???,???,1,6,IMP
16:38:58.542 [Test worker] INFO  net.lomibao.nes.components.CPU6502 - 80,50,BVC,Relative,Branch if Overflow Clear,2,2,REL
16:38:58.543 [Test worker] INFO  net.lomibao.nes.components.CPU6502 - 81,51,EOR,(Indirect);Y,Exclusive OR,2,5,IZY
16:38:58.543 [Test worker] INFO  net.lomibao.nes.components.CPU6502 - 82,52,???,???,???,1,2,IMP
16:38:58.543 [Test worker] INFO  net.lomibao.nes.components.CPU6502 - 83,53,???,???,???,1,8,IMP
16:38:58.543 [Test worker] INFO  net.lomibao.nes.components.CPU6502 - 84,54,???,???,???,1,4,IMP
16:38:58.543 [Test worker] INFO  net.lomibao.nes.components.CPU6502 - 85,55,EOR,ZeroPage;X,Exclusive OR,2,4,ZPX
16:38:58.543 [Test worker] INFO  net.lomibao.nes.components.CPU6502 - 86,56,LSR,ZeroPage;X,Logical Shift Right,2,6,ZPX
16:38:58.543 [Test worker] INFO  net.lomibao.nes.components.CPU6502 - 87,57,???,???,???,1,6,IMP
16:38:58.543 [Test worker] INFO  net.lomibao.nes.components.CPU6502 - 88,58,CLI,Implied,Clear Interrupt Disable,1,2,IMP
16:38:58.543 [Test worker] INFO  net.lomibao.nes.components.CPU6502 - 89,59,EOR,Absolute;Y,Exclusive OR,3,4,ABY
16:38:58.543 [Test worker] INFO  net.lomibao.nes.components.CPU6502 - 90,5A,???,???,???,1,2,IMP
16:38:58.543 [Test worker] INFO  net.lomibao.nes.components.CPU6502 - 91,5B,???,???,???,1,7,IMP
16:38:58.543 [Test worker] INFO  net.lomibao.nes.components.CPU6502 - 92,5C,???,???,???,1,4,IMP
16:38:58.543 [Test worker] INFO  net.lomibao.nes.components.CPU6502 - 93,5D,EOR,Absolute;X,Exclusive OR,3,4,ABX
16:38:58.543 [Test worker] INFO  net.lomibao.nes.components.CPU6502 - 94,5E,LSR,Absolute;X,Logical Shift Right,3,7,ABX
16:38:58.543 [Test worker] INFO  net.lomibao.nes.components.CPU6502 - 95,5F,???,???,???,1,7,IMP
16:38:58.543 [Test worker] INFO  net.lomibao.nes.components.CPU6502 - 96,60,RTS,Implied,Return from Subroutine,1,6,IMP
16:38:58.543 [Test worker] INFO  net.lomibao.nes.components.CPU6502 - 97,61,ADC,(Indirect;X),Add with Carry,2,6,IZX
16:38:58.543 [Test worker] INFO  net.lomibao.nes.components.CPU6502 - 98,62,???,???,???,1,2,IMP
16:38:58.543 [Test worker] INFO  net.lomibao.nes.components.CPU6502 - 99,63,???,???,???,1,8,IMP
16:38:58.543 [Test worker] INFO  net.lomibao.nes.components.CPU6502 - 100,64,???,???,???,1,3,IMP
16:38:58.545 [Test worker] INFO  net.lomibao.nes.components.CPU6502 - 101,65,ADC,ZeroPage,Add with Carry,2,3,ZP0
16:38:58.545 [Test worker] INFO  net.lomibao.nes.components.CPU6502 - 102,66,ROR,ZeroPage,Rotate Right,2,5,ZP0
16:38:58.545 [Test worker] INFO  net.lomibao.nes.components.CPU6502 - 103,67,???,???,???,1,5,IMP
16:38:58.545 [Test worker] INFO  net.lomibao.nes.components.CPU6502 - 104,68,PLA,Implied,Pull Accumulator,1,4,IMP
16:38:58.545 [Test worker] INFO  net.lomibao.nes.components.CPU6502 - 105,69,ADC,Immediate,Add with Carry,2,2,IMM
16:38:58.545 [Test worker] INFO  net.lomibao.nes.components.CPU6502 - 106,6A,ROR,Accumulator,Rotate Right,1,2,IMP
16:38:58.545 [Test worker] INFO  net.lomibao.nes.components.CPU6502 - 107,6B,???,???,???,1,2,IMP
16:38:58.545 [Test worker] INFO  net.lomibao.nes.components.CPU6502 - 108,6C,JMP,Indirect ,Jump,3,5,IND
16:38:58.545 [Test worker] INFO  net.lomibao.nes.components.CPU6502 - 109,6D,ADC,Absolute,Add with Carry,3,4,ABS
16:38:58.545 [Test worker] INFO  net.lomibao.nes.components.CPU6502 - 110,6E,ROR,Absolute,Rotate Right,3,6,ABS
16:38:58.546 [Test worker] INFO  net.lomibao.nes.components.CPU6502 - 111,6F,???,???,???,1,6,IMP
16:38:58.546 [Test worker] INFO  net.lomibao.nes.components.CPU6502 - 112,70,BVS,Relative,Branch if Overflow Set,2,2,REL
16:38:58.546 [Test worker] INFO  net.lomibao.nes.components.CPU6502 - 113,71,ADC,(Indirect);Y,Add with Carry,2,5,IZY
16:38:58.546 [Test worker] INFO  net.lomibao.nes.components.CPU6502 - 114,72,???,???,???,1,2,IMP
16:38:58.546 [Test worker] INFO  net.lomibao.nes.components.CPU6502 - 115,73,???,???,???,1,8,IMP
16:38:58.546 [Test worker] INFO  net.lomibao.nes.components.CPU6502 - 116,74,???,???,???,1,4,IMP
16:38:58.546 [Test worker] INFO  net.lomibao.nes.components.CPU6502 - 117,75,ADC,ZeroPage;X,Add with Carry,2,4,ZPX
16:38:58.546 [Test worker] INFO  net.lomibao.nes.components.CPU6502 - 118,76,ROR,ZeroPage;X,Rotate Right,2,6,ZPX
16:38:58.546 [Test worker] INFO  net.lomibao.nes.components.CPU6502 - 119,77,???,???,???,1,6,IMP
16:38:58.546 [Test worker] INFO  net.lomibao.nes.components.CPU6502 - 120,78,SEI,Implied,Set Interrupt Disable,1,2,IMP
16:38:58.546 [Test worker] INFO  net.lomibao.nes.components.CPU6502 - 121,79,ADC,Absolute;Y,Add with Carry,3,4,ABY
16:38:58.546 [Test worker] INFO  net.lomibao.nes.components.CPU6502 - 122,7A,???,???,???,1,2,IMP
16:38:58.546 [Test worker] INFO  net.lomibao.nes.components.CPU6502 - 123,7B,???,???,???,1,7,IMP
16:38:58.546 [Test worker] INFO  net.lomibao.nes.components.CPU6502 - 124,7C,???,???,???,1,4,IMP
16:38:58.546 [Test worker] INFO  net.lomibao.nes.components.CPU6502 - 125,7D,ADC,Absolute;X,Add with Carry,3,4,ABX
16:38:58.546 [Test worker] INFO  net.lomibao.nes.components.CPU6502 - 126,7E,ROR,Absolute;X,Rotate Right,3,7,ABX
16:38:58.546 [Test worker] INFO  net.lomibao.nes.components.CPU6502 - 127,7F,???,???,???,1,7,IMP
16:38:58.548 [Test worker] INFO  net.lomibao.nes.components.CPU6502 - 128,80,???,???,???,1,2,IMP
16:38:58.549 [Test worker] INFO  net.lomibao.nes.components.CPU6502 - 129,81,STA,(Indirect;X),Store Accumulator,2,6,IZX
16:38:58.549 [Test worker] INFO  net.lomibao.nes.components.CPU6502 - 130,82,???,???,???,1,2,IMP
16:38:58.550 [Test worker] INFO  net.lomibao.nes.components.CPU6502 - 131,83,???,???,???,1,6,IMP
16:38:58.550 [Test worker] INFO  net.lomibao.nes.components.CPU6502 - 132,84,STY,ZeroPage,Store Y Register,2,3,ZP0
16:38:58.550 [Test worker] INFO  net.lomibao.nes.components.CPU6502 - 133,85,STA,ZeroPage,Store Accumulator,2,3,ZP0
16:38:58.550 [Test worker] INFO  net.lomibao.nes.components.CPU6502 - 134,86,STX,ZeroPage,Store X Register,2,3,ZP0
16:38:58.550 [Test worker] INFO  net.lomibao.nes.components.CPU6502 - 135,87,???,???,???,1,3,IMP
16:38:58.550 [Test worker] INFO  net.lomibao.nes.components.CPU6502 - 136,88,DEY,Implied,Decrement Y Register,1,2,IMP
16:38:58.550 [Test worker] INFO  net.lomibao.nes.components.CPU6502 - 137,89,???,???,???,1,2,IMP
16:38:58.550 [Test worker] INFO  net.lomibao.nes.components.CPU6502 - 138,8A,TXA,Implied,Transfer X to Accumulator,1,2,IMP
16:38:58.550 [Test worker] INFO  net.lomibao.nes.components.CPU6502 - 139,8B,???,???,???,1,2,IMP
16:38:58.550 [Test worker] INFO  net.lomibao.nes.components.CPU6502 - 140,8C,STY,Absolute,Store Y Register,3,4,ABS
16:38:58.550 [Test worker] INFO  net.lomibao.nes.components.CPU6502 - 141,8D,STA,Absolute,Store Accumulator,3,4,ABS
16:38:58.550 [Test worker] INFO  net.lomibao.nes.components.CPU6502 - 142,8E,STX,Absolute,Store X Register,3,4,ABS
16:38:58.550 [Test worker] INFO  net.lomibao.nes.components.CPU6502 - 143,8F,???,???,???,1,4,IMP
16:38:58.550 [Test worker] INFO  net.lomibao.nes.components.CPU6502 - 144,90,BCC,Relative,Branch if Carry Clear,2,2,REL
16:38:58.550 [Test worker] INFO  net.lomibao.nes.components.CPU6502 - 145,91,STA,(Indirect);Y,Store Accumulator,2,6,IZY
16:38:58.550 [Test worker] INFO  net.lomibao.nes.components.CPU6502 - 146,92,???,???,???,1,2,IMP
16:38:58.550 [Test worker] INFO  net.lomibao.nes.components.CPU6502 - 147,93,???,???,???,1,6,IMP
16:38:58.550 [Test worker] INFO  net.lomibao.nes.components.CPU6502 - 148,94,STY,ZeroPage;X,Store Y Register,2,4,ZPX
16:38:58.551 [Test worker] INFO  net.lomibao.nes.components.CPU6502 - 149,95,STA,ZeroPage;X,Store Accumulator,2,4,ZPX
16:38:58.551 [Test worker] INFO  net.lomibao.nes.components.CPU6502 - 150,96,STX,ZeroPage;Y,Store X Register,2,4,ZPY
16:38:58.551 [Test worker] INFO  net.lomibao.nes.components.CPU6502 - 151,97,???,???,???,1,4,IMP
16:38:58.551 [Test worker] INFO  net.lomibao.nes.components.CPU6502 - 152,98,TYA,Implied,Transfer Y to Accumulator,1,2,IMP
16:38:58.551 [Test worker] INFO  net.lomibao.nes.components.CPU6502 - 153,99,STA,Absolute;Y,Store Accumulator,3,5,ABY
16:38:58.551 [Test worker] INFO  net.lomibao.nes.components.CPU6502 - 154,9A,TXS,Implied,Transfer X to Stack Pointer,1,2,IMP
16:38:58.551 [Test worker] INFO  net.lomibao.nes.components.CPU6502 - 155,9B,???,???,???,1,5,IMP
16:38:58.551 [Test worker] INFO  net.lomibao.nes.components.CPU6502 - 156,9C,???,???,???,1,5,IMP
16:38:58.551 [Test worker] INFO  net.lomibao.nes.components.CPU6502 - 157,9D,STA,Absolute;X,Store Accumulator,3,5,ABX
16:38:58.551 [Test worker] INFO  net.lomibao.nes.components.CPU6502 - 158,9E,???,???,???,1,5,IMP
16:38:58.551 [Test worker] INFO  net.lomibao.nes.components.CPU6502 - 159,9F,???,???,???,1,5,IMP
16:38:58.551 [Test worker] INFO  net.lomibao.nes.components.CPU6502 - 160,A0,LDY,Immediate,Load Y Register,2,2,IMM
16:38:58.551 [Test worker] INFO  net.lomibao.nes.components.CPU6502 - 161,A1,LDA,(Indirect;X),Load Accumulator,2,6,IZX
16:38:58.551 [Test worker] INFO  net.lomibao.nes.components.CPU6502 - 162,A2,LDX,Immediate,Load X Register,2,2,IMM
16:38:58.551 [Test worker] INFO  net.lomibao.nes.components.CPU6502 - 163,A3,???,???,???,1,6,IMP
16:38:58.552 [Test worker] INFO  net.lomibao.nes.components.CPU6502 - 164,A4,LDY,ZeroPage,Load Y Register,2,3,ZP0
16:38:58.552 [Test worker] INFO  net.lomibao.nes.components.CPU6502 - 165,A5,LDA,ZeroPage,Load Accumulator,2,3,ZP0
16:38:58.552 [Test worker] INFO  net.lomibao.nes.components.CPU6502 - 166,A6,LDX,ZeroPage,Load X Register,2,3,ZP0
16:38:58.552 [Test worker] INFO  net.lomibao.nes.components.CPU6502 - 167,A7,???,???,???,1,3,IMP
16:38:58.552 [Test worker] INFO  net.lomibao.nes.components.CPU6502 - 168,A8,TAY,Implied,Transfer Accumulator to Y,1,2,IMP
16:38:58.552 [Test worker] INFO  net.lomibao.nes.components.CPU6502 - 169,A9,LDA,Immediate,Load Accumulator,2,2,IMM
16:38:58.552 [Test worker] INFO  net.lomibao.nes.components.CPU6502 - 170,AA,TAX,Implied,Transfer Accumulator to X,1,2,IMP
16:38:58.552 [Test worker] INFO  net.lomibao.nes.components.CPU6502 - 171,AB,???,???,???,1,2,IMP
16:38:58.552 [Test worker] INFO  net.lomibao.nes.components.CPU6502 - 172,AC,LDY,Absolute,Load Y Register,3,4,ABS
16:38:58.552 [Test worker] INFO  net.lomibao.nes.components.CPU6502 - 173,AD,LDA,Absolute,Load Accumulator,3,4,ABS
16:38:58.552 [Test worker] INFO  net.lomibao.nes.components.CPU6502 - 174,AE,LDX,Absolute,Load X Register,3,4,ABS
16:38:58.552 [Test worker] INFO  net.lomibao.nes.components.CPU6502 - 175,AF,???,???,???,1,4,IMP
16:38:58.552 [Test worker] INFO  net.lomibao.nes.components.CPU6502 - 176,B0,BCS,Relative,Branch if Carry Set,2,2,REL
16:38:58.552 [Test worker] INFO  net.lomibao.nes.components.CPU6502 - 177,B1,LDA,(Indirect);Y,Load Accumulator,2,5,IZY
16:38:58.552 [Test worker] INFO  net.lomibao.nes.components.CPU6502 - 178,B2,???,???,???,1,2,IMP
16:38:58.552 [Test worker] INFO  net.lomibao.nes.components.CPU6502 - 179,B3,???,???,???,1,5,IMP
16:38:58.552 [Test worker] INFO  net.lomibao.nes.components.CPU6502 - 180,B4,LDY,ZeroPage;X,Load Y Register,2,4,ZPX
16:38:58.552 [Test worker] INFO  net.lomibao.nes.components.CPU6502 - 181,B5,LDA,ZeroPage;X,Load Accumulator,2,4,ZPX
16:38:58.552 [Test worker] INFO  net.lomibao.nes.components.CPU6502 - 182,B6,LDX,ZeroPage;Y,Load X Register,2,4,ZPY
16:38:58.552 [Test worker] INFO  net.lomibao.nes.components.CPU6502 - 183,B7,???,???,???,1,4,IMP
16:38:58.552 [Test worker] INFO  net.lomibao.nes.components.CPU6502 - 184,B8,CLV,Implied,Clear Overflow Flag,1,2,IMP
16:38:58.552 [Test worker] INFO  net.lomibao.nes.components.CPU6502 - 185,B9,LDA,Absolute;Y,Load Accumulator,3,4,ABY
16:38:58.552 [Test worker] INFO  net.lomibao.nes.components.CPU6502 - 186,BA,TSX,Implied,Transfer Stack Pointer to X,1,2,IMP
16:38:58.552 [Test worker] INFO  net.lomibao.nes.components.CPU6502 - 187,BB,???,???,???,1,4,IMP
16:38:58.552 [Test worker] INFO  net.lomibao.nes.components.CPU6502 - 188,BC,LDY,Absolute;X,Load Y Register,3,4,ABX
16:38:58.552 [Test worker] INFO  net.lomibao.nes.components.CPU6502 - 189,BD,LDA,Absolute;X,Load Accumulator,3,4,ABX
16:38:58.552 [Test worker] INFO  net.lomibao.nes.components.CPU6502 - 190,BE,LDX,Absolute;Y,Load X Register,3,4,ABY
16:38:58.552 [Test worker] INFO  net.lomibao.nes.components.CPU6502 - 191,BF,???,???,???,1,4,IMP
16:38:58.552 [Test worker] INFO  net.lomibao.nes.components.CPU6502 - 192,C0,CPY,Immediate,Compare Y Register,2,2,IMM
16:38:58.552 [Test worker] INFO  net.lomibao.nes.components.CPU6502 - 193,C1,CMP,(Indirect;X),Compare,2,6,IZX
16:38:58.552 [Test worker] INFO  net.lomibao.nes.components.CPU6502 - 194,C2,???,???,???,1,2,IMP
16:38:58.552 [Test worker] INFO  net.lomibao.nes.components.CPU6502 - 195,C3,???,???,???,1,8,IMP
16:38:58.552 [Test worker] INFO  net.lomibao.nes.components.CPU6502 - 196,C4,CPY,ZeroPage,Compare Y Register,2,3,ZP0
16:38:58.552 [Test worker] INFO  net.lomibao.nes.components.CPU6502 - 197,C5,CMP,ZeroPage,Compare,2,3,ZP0
16:38:58.552 [Test worker] INFO  net.lomibao.nes.components.CPU6502 - 198,C6,DEC,ZeroPage,Decrement Memory,2,5,ZP0
16:38:58.552 [Test worker] INFO  net.lomibao.nes.components.CPU6502 - 199,C7,???,???,???,1,5,IMP
16:38:58.552 [Test worker] INFO  net.lomibao.nes.components.CPU6502 - 200,C8,INY,Implied,Increment Y Register,1,2,IMP
16:38:58.552 [Test worker] INFO  net.lomibao.nes.components.CPU6502 - 201,C9,CMP,Immediate,Compare,2,2,IMM
16:38:58.553 [Test worker] INFO  net.lomibao.nes.components.CPU6502 - 202,CA,DEX,Implied,Decrement X Register,1,2,IMP
16:38:58.553 [Test worker] INFO  net.lomibao.nes.components.CPU6502 - 203,CB,???,???,???,1,2,IMP
16:38:58.553 [Test worker] INFO  net.lomibao.nes.components.CPU6502 - 204,CC,CPY,Absolute,Compare Y Register,3,4,ABS
16:38:58.553 [Test worker] INFO  net.lomibao.nes.components.CPU6502 - 205,CD,CMP,Absolute,Compare,3,4,ABS
16:38:58.553 [Test worker] INFO  net.lomibao.nes.components.CPU6502 - 206,CE,DEC,Absolute,Decrement Memory,3,6,ABS
16:38:58.553 [Test worker] INFO  net.lomibao.nes.components.CPU6502 - 207,CF,???,???,???,1,6,IMP
16:38:58.553 [Test worker] INFO  net.lomibao.nes.components.CPU6502 - 208,D0,BNE,Relative,Branch if Not Equal,2,2,REL
16:38:58.553 [Test worker] INFO  net.lomibao.nes.components.CPU6502 - 209,D1,CMP,(Indirect);Y,Compare,2,5,IZY
16:38:58.553 [Test worker] INFO  net.lomibao.nes.components.CPU6502 - 210,D2,???,???,???,1,2,IMP
16:38:58.553 [Test worker] INFO  net.lomibao.nes.components.CPU6502 - 211,D3,???,???,???,1,8,IMP
16:38:58.553 [Test worker] INFO  net.lomibao.nes.components.CPU6502 - 212,D4,???,???,???,1,4,IMP
16:38:58.553 [Test worker] INFO  net.lomibao.nes.components.CPU6502 - 213,D5,CMP,ZeroPage;X,Compare,2,4,ZPX
16:38:58.553 [Test worker] INFO  net.lomibao.nes.components.CPU6502 - 214,D6,DEC,ZeroPage;X,Decrement Memory,2,6,ZPX
16:38:58.553 [Test worker] INFO  net.lomibao.nes.components.CPU6502 - 215,D7,???,???,???,1,6,IMP
16:38:58.553 [Test worker] INFO  net.lomibao.nes.components.CPU6502 - 216,D8,CLD,Implied,Clear Decimal Mode,1,2,IMP
16:38:58.553 [Test worker] INFO  net.lomibao.nes.components.CPU6502 - 217,D9,CMP,Absolute;Y,Compare,3,4,ABY
16:38:58.553 [Test worker] INFO  net.lomibao.nes.components.CPU6502 - 218,DA,NOP,???,???,1,2,IMP
16:38:58.553 [Test worker] INFO  net.lomibao.nes.components.CPU6502 - 219,DB,???,???,???,1,7,IMP
16:38:58.553 [Test worker] INFO  net.lomibao.nes.components.CPU6502 - 220,DC,???,???,???,1,4,IMP
16:38:58.553 [Test worker] INFO  net.lomibao.nes.components.CPU6502 - 221,DD,CMP,Absolute;X,Compare,3,4,ABX
16:38:58.553 [Test worker] INFO  net.lomibao.nes.components.CPU6502 - 222,DE,DEC,Absolute;X,Decrement Memory,3,7,ABX
16:38:58.553 [Test worker] INFO  net.lomibao.nes.components.CPU6502 - 223,DF,???,???,???,1,7,IMP
16:38:58.553 [Test worker] INFO  net.lomibao.nes.components.CPU6502 - 224,E0,CPX,Immediate,Compare X Register,2,2,IMM
16:38:58.553 [Test worker] INFO  net.lomibao.nes.components.CPU6502 - 225,E1,SBC,(Indirect;X),Subtract with Carry,2,6,IZX
16:38:58.553 [Test worker] INFO  net.lomibao.nes.components.CPU6502 - 226,E2,???,???,???,1,2,IMP
16:38:58.553 [Test worker] INFO  net.lomibao.nes.components.CPU6502 - 227,E3,???,???,???,1,8,IMP
16:38:58.553 [Test worker] INFO  net.lomibao.nes.components.CPU6502 - 228,E4,CPX,ZeroPage,Compare X Register,2,3,ZP0
16:38:58.553 [Test worker] INFO  net.lomibao.nes.components.CPU6502 - 229,E5,SBC,ZeroPage,Subtract with Carry,2,3,ZP0
16:38:58.553 [Test worker] INFO  net.lomibao.nes.components.CPU6502 - 230,E6,INC,ZeroPage,Increment Memory,2,5,ZP0
16:38:58.553 [Test worker] INFO  net.lomibao.nes.components.CPU6502 - 231,E7,???,???,???,1,5,IMP
16:38:58.553 [Test worker] INFO  net.lomibao.nes.components.CPU6502 - 232,E8,INX,Implied,Increment X Register,1,2,IMP
16:38:58.553 [Test worker] INFO  net.lomibao.nes.components.CPU6502 - 233,E9,SBC,Immediate,Subtract with Carry,2,2,IMM
16:38:58.553 [Test worker] INFO  net.lomibao.nes.components.CPU6502 - 234,EA,NOP,Implied,No Operation,1,2,IMP
16:38:58.554 [Test worker] INFO  net.lomibao.nes.components.CPU6502 - 235,EB,???,???,???,1,2,IMP
16:38:58.554 [Test worker] INFO  net.lomibao.nes.components.CPU6502 - 236,EC,CPX,Absolute,Compare X Register,3,4,ABS
16:38:58.554 [Test worker] INFO  net.lomibao.nes.components.CPU6502 - 237,ED,SBC,Absolute,Subtract with Carry,3,4,ABS
16:38:58.554 [Test worker] INFO  net.lomibao.nes.components.CPU6502 - 238,EE,INC,Absolute,Increment Memory,3,6,ABS
16:38:58.554 [Test worker] INFO  net.lomibao.nes.components.CPU6502 - 239,EF,???,???,???,1,6,IMP
16:38:58.554 [Test worker] INFO  net.lomibao.nes.components.CPU6502 - 240,F0,BEQ,Relative,Branch if Equal,2,2,REL
16:38:58.554 [Test worker] INFO  net.lomibao.nes.components.CPU6502 - 241,F1,SBC,(Indirect);Y,Subtract with Carry,2,5,IZY
16:38:58.554 [Test worker] INFO  net.lomibao.nes.components.CPU6502 - 242,F2,???,???,???,1,2,IMP
16:38:58.554 [Test worker] INFO  net.lomibao.nes.components.CPU6502 - 243,F3,???,???,???,1,8,IMP
16:38:58.554 [Test worker] INFO  net.lomibao.nes.components.CPU6502 - 244,F4,???,???,???,1,4,IMP
16:38:58.554 [Test worker] INFO  net.lomibao.nes.components.CPU6502 - 245,F5,SBC,ZeroPage;X,Subtract with Carry,2,4,ZPX
16:38:58.554 [Test worker] INFO  net.lomibao.nes.components.CPU6502 - 246,F6,INC,ZeroPage;X,Increment Memory,2,6,ZPX
16:38:58.554 [Test worker] INFO  net.lomibao.nes.components.CPU6502 - 247,F7,???,???,???,1,6,IMP
16:38:58.554 [Test worker] INFO  net.lomibao.nes.components.CPU6502 - 248,F8,SED,Implied,Set Decimal Flag,1,2,IMP
16:38:58.554 [Test worker] INFO  net.lomibao.nes.components.CPU6502 - 249,F9,SBC,Absolute;Y,Subtract with Carry,3,4,ABY
16:38:58.554 [Test worker] INFO  net.lomibao.nes.components.CPU6502 - 250,FA,NOP,???,???,1,2,IMP
16:38:58.554 [Test worker] INFO  net.lomibao.nes.components.CPU6502 - 251,FB,???,???,???,1,7,IMP
16:38:58.554 [Test worker] INFO  net.lomibao.nes.components.CPU6502 - 252,FC,???,???,???,1,4,IMP
16:38:58.554 [Test worker] INFO  net.lomibao.nes.components.CPU6502 - 253,FD,SBC,Absolute;X,Subtract with Carry,3,4,ABX
16:38:58.554 [Test worker] INFO  net.lomibao.nes.components.CPU6502 - 254,FE,INC,Absolute;X,Increment Memory,3,7,ABX
16:38:58.554 [Test worker] INFO  net.lomibao.nes.components.CPU6502 - 255,FF,???,???,???,1,7,IMP
16:38:58.558 [Test worker] ERROR net.lomibao.nes.components.Ram - attempting to read memory out of range 32768. valid range [0,8192]
16:39:06.209 [Test worker] INFO  net.lomibao.nes.components.CPU6502 - 0,00,BRK,Implied,Force Interrupt,1,7,IMM
16:39:06.216 [Test worker] INFO  net.lomibao.nes.components.CPU6502 - 1,01,ORA,(Indirect;X),Logical Inclusive OR,2,6,IZX
16:39:06.216 [Test worker] INFO  net.lomibao.nes.components.CPU6502 - 2,02,???,???,???,1,2,IMP
16:39:06.216 [Test worker] INFO  net.lomibao.nes.components.CPU6502 - 3,03,???,???,???,1,8,IMP
16:39:06.216 [Test worker] INFO  net.lomibao.nes.components.CPU6502 - 4,04,???,???,???,1,3,IMP
16:39:06.217 [Test worker] INFO  net.lomibao.nes.components.CPU6502 - 5,05,ORA,ZeroPage,Logical Inclusive OR,2,3,ZP0
16:39:06.217 [Test worker] INFO  net.lomibao.nes.components.CPU6502 - 6,06,ASL,ZeroPage,Arithmetic Shift Left,2,5,ZP0
16:39:06.217 [Test worker] INFO  net.lomibao.nes.components.CPU6502 - 7,07,???,???,???,1,5,IMP
16:39:06.217 [Test worker] INFO  net.lomibao.nes.components.CPU6502 - 8,08,PHP,Implied,Push Processor Status,1,3,IMP
16:39:06.218 [Test worker] INFO  net.lomibao.nes.components.CPU6502 - 9,09,ORA,Immediate,Logical Inclusive OR,2,2,IMM
16:39:06.218 [Test worker] INFO  net.lomibao.nes.components.CPU6502 - 10,0A,ASL,Accumulator,Arithmetic Shift Left,1,2,IMP
16:39:06.218 [Test worker] INFO  net.lomibao.nes.components.CPU6502 - 11,0B,???,???,???,1,2,IMP
16:39:06.219 [Test worker] INFO  net.lomibao.nes.components.CPU6502 - 12,0C,???,???,???,1,4,IMP
16:39:06.219 [Test worker] INFO  net.lomibao.nes.components.CPU6502 - 13,0D,ORA,Absolute,Logical Inclusive OR,3,4,ABS
16:39:06.219 [Test worker] INFO  net.lomibao.nes.components.CPU6502 - 14,0E,ASL,Absolute,Arithmetic Shift Left,3,6,ABS
16:39:06.219 [Test worker] INFO  net.lomibao.nes.components.CPU6502 - 15,0F,???,???,???,1,6,IMP
16:39:06.219 [Test worker] INFO  net.lomibao.nes.components.CPU6502 - 16,10,BPL,Relative,Branch if Positive,2,2,REL
16:39:06.220 [Test worker] INFO  net.lomibao.nes.components.CPU6502 - 17,11,ORA,(Indirect);Y,Logical Inclusive OR,2,5,IZY
16:39:06.220 [Test worker] INFO  net.lomibao.nes.components.CPU6502 - 18,12,???,???,???,1,2,IMP
16:39:06.220 [Test worker] INFO  net.lomibao.nes.components.CPU6502 - 19,13,???,???,???,1,8,IMP
16:39:06.220 [Test worker] INFO  net.lomibao.nes.components.CPU6502 - 20,14,???,???,???,1,4,IMP
16:39:06.220 [Test worker] INFO  net.lomibao.nes.components.CPU6502 - 21,15,ORA,ZeroPage;X,Logical Inclusive OR,2,4,ZPX
16:39:06.220 [Test worker] INFO  net.lomibao.nes.components.CPU6502 - 22,16,ASL,ZeroPage;X,Arithmetic Shift Left,2,6,ZPX
16:39:06.220 [Test worker] INFO  net.lomibao.nes.components.CPU6502 - 23,17,???,???,???,1,6,IMP
16:39:06.221 [Test worker] INFO  net.lomibao.nes.components.CPU6502 - 24,18,CLC,Implied,Clear Carry Flag,1,2,IMP
16:39:06.221 [Test worker] INFO  net.lomibao.nes.components.CPU6502 - 25,19,ORA,Absolute;Y,Logical Inclusive OR,3,4,ABY
16:39:06.221 [Test worker] INFO  net.lomibao.nes.components.CPU6502 - 26,1A,???,???,???,1,2,IMP
16:39:06.221 [Test worker] INFO  net.lomibao.nes.components.CPU6502 - 27,1B,???,???,???,1,7,IMP
16:39:06.221 [Test worker] INFO  net.lomibao.nes.components.CPU6502 - 28,1C,???,???,???,1,4,IMP
16:39:06.221 [Test worker] INFO  net.lomibao.nes.components.CPU6502 - 29,1D,ORA,Absolute;X,Logical Inclusive OR,3,4,ABX
16:39:06.222 [Test worker] INFO  net.lomibao.nes.components.CPU6502 - 30,1E,ASL,Absolute;X,Arithmetic Shift Left,3,7,ABX
16:39:06.222 [Test worker] INFO  net.lomibao.nes.components.CPU6502 - 31,1F,???,???,???,1,7,IMP
16:39:06.222 [Test worker] INFO  net.lomibao.nes.components.CPU6502 - 32,20,JSR,Absolute,Jump to Subroutine,3,6,ABS
16:39:06.222 [Test worker] INFO  net.lomibao.nes.components.CPU6502 - 33,21,AND,(Indirect;X),Logical AND,2,6,IZX
16:39:06.222 [Test worker] INFO  net.lomibao.nes.components.CPU6502 - 34,22,???,???,???,1,2,IMP
16:39:06.222 [Test worker] INFO  net.lomibao.nes.components.CPU6502 - 35,23,???,???,???,1,8,IMP
16:39:06.222 [Test worker] INFO  net.lomibao.nes.components.CPU6502 - 36,24,BIT,ZeroPage,Bit Test,2,3,ZP0
16:39:06.223 [Test worker] INFO  net.lomibao.nes.components.CPU6502 - 37,25,AND,ZeroPage,Logical AND,2,3,ZP0
16:39:06.223 [Test worker] INFO  net.lomibao.nes.components.CPU6502 - 38,26,ROL,ZeroPage,Rotate Left,2,5,ZP0
16:39:06.223 [Test worker] INFO  net.lomibao.nes.components.CPU6502 - 39,27,???,???,???,1,5,IMP
16:39:06.223 [Test worker] INFO  net.lomibao.nes.components.CPU6502 - 40,28,PLP,Implied,Pull Processor Status,1,4,IMP
16:39:06.223 [Test worker] INFO  net.lomibao.nes.components.CPU6502 - 41,29,AND,Immediate,Logical AND,2,2,IMM
16:39:06.223 [Test worker] INFO  net.lomibao.nes.components.CPU6502 - 42,2A,ROL,Accumulator,Rotate Left,1,2,IMP
16:39:06.223 [Test worker] INFO  net.lomibao.nes.components.CPU6502 - 43,2B,???,???,???,1,2,IMP
16:39:06.223 [Test worker] INFO  net.lomibao.nes.components.CPU6502 - 44,2C,BIT,Absolute,Bit Test,3,4,ABS
16:39:06.224 [Test worker] INFO  net.lomibao.nes.components.CPU6502 - 45,2D,AND,Absolute,Logical AND,3,4,ABS
16:39:06.224 [Test worker] INFO  net.lomibao.nes.components.CPU6502 - 46,2E,ROL,Absolute,Rotate Left,3,6,ABS
16:39:06.224 [Test worker] INFO  net.lomibao.nes.components.CPU6502 - 47,2F,???,???,???,1,6,IMP
16:39:06.224 [Test worker] INFO  net.lomibao.nes.components.CPU6502 - 48,30,BMI,Relative,Branch if Minus,2,2,REL
16:39:06.224 [Test worker] INFO  net.lomibao.nes.components.CPU6502 - 49,31,AND,(Indirect);Y,Logical AND,2,5,IZY
16:39:06.224 [Test worker] INFO  net.lomibao.nes.components.CPU6502 - 50,32,???,???,???,1,2,IMP
16:39:06.224 [Test worker] INFO  net.lomibao.nes.components.CPU6502 - 51,33,???,???,???,1,8,IMP
16:39:06.224 [Test worker] INFO  net.lomibao.nes.components.CPU6502 - 52,34,???,???,???,1,4,IMP
16:39:06.224 [Test worker] INFO  net.lomibao.nes.components.CPU6502 - 53,35,AND,ZeroPage;X,Logical AND,2,4,ZPX
16:39:06.224 [Test worker] INFO  net.lomibao.nes.components.CPU6502 - 54,36,ROL,ZeroPage;X,Rotate Left,2,6,ZPX
16:39:06.224 [Test worker] INFO  net.lomibao.nes.components.CPU6502 - 55,37,???,???,???,1,6,IMP
16:39:06.224 [Test worker] INFO  net.lomibao.nes.components.CPU6502 - 56,38,SEC,Implied,Set Carry Flag,1,2,IMP
16:39:06.224 [Test worker] INFO  net.lomibao.nes.components.CPU6502 - 57,39,AND,Absolute;Y,Logical AND,3,4,ABY
16:39:06.224 [Test worker] INFO  net.lomibao.nes.components.CPU6502 - 58,3A,???,???,???,1,2,IMP
16:39:06.224 [Test worker] INFO  net.lomibao.nes.components.CPU6502 - 59,3B,???,???,???,1,7,IMP
16:39:06.224 [Test worker] INFO  net.lomibao.nes.components.CPU6502 - 60,3C,???,???,???,1,4,IMP
16:39:06.226 [Test worker] INFO  net.lomibao.nes.components.CPU6502 - 61,3D,AND,Absolute;X,Logical AND,3,4,ABX
16:39:06.228 [Test worker] INFO  net.lomibao.nes.components.CPU6502 - 62,3E,ROL,Absolute;X,Rotate Left,3,7,ABX
16:39:06.228 [Test worker] INFO  net.lomibao.nes.components.CPU6502 - 63,3F,???,???,???,1,7,IMP
16:39:06.229 [Test worker] INFO  net.lomibao.nes.components.CPU6502 - 64,40,RTI,Implied,Return from Interrupt,1,6,IMP
16:39:06.229 [Test worker] INFO  net.lomibao.nes.components.CPU6502 - 65,41,EOR,(Indirect;X),Exclusive OR,2,6,IZX
16:39:06.229 [Test worker] INFO  net.lomibao.nes.components.CPU6502 - 66,42,???,???,???,1,2,IMP
16:39:06.229 [Test worker] INFO  net.lomibao.nes.components.CPU6502 - 67,43,???,???,???,1,8,IMP
16:39:06.229 [Test worker] INFO  net.lomibao.nes.components.CPU6502 - 68,44,???,???,???,1,3,IMP
16:39:06.229 [Test worker] INFO  net.lomibao.nes.components.CPU6502 - 69,45,EOR,ZeroPage,Exclusive OR,2,3,ZP0
16:39:06.230 [Test worker] INFO  net.lomibao.nes.components.CPU6502 - 70,46,LSR,ZeroPage,Logical Shift Right,2,5,ZP0
16:39:06.230 [Test worker] INFO  net.lomibao.nes.components.CPU6502 - 71,47,???,???,???,1,5,IMP
16:39:06.230 [Test worker] INFO  net.lomibao.nes.components.CPU6502 - 72,48,PHA,Implied,Push Accumulator,1,3,IMP
16:39:06.231 [Test worker] INFO  net.lomibao.nes.components.CPU6502 - 73,49,EOR,Immediate,Exclusive OR,2,2,IMM
16:39:06.231 [Test worker] INFO  net.lomibao.nes.components.CPU6502 - 74,4A,LSR,Accumulator,Logical Shift Right,1,2,IMP
16:39:06.231 [Test worker] INFO  net.lomibao.nes.components.CPU6502 - 75,4B,???,???,???,1,2,IMP
16:39:06.231 [Test worker] INFO  net.lomibao.nes.components.CPU6502 - 76,4C,JMP,Absolute,Jump,3,3,ABS
16:39:06.231 [Test worker] INFO  net.lomibao.nes.components.CPU6502 - 77,4D,EOR,Absolute,Exclusive OR,3,4,ABS
16:39:06.231 [Test worker] INFO  net.lomibao.nes.components.CPU6502 - 78,4E,LSR,Absolute,Logical Shift Right,3,6,ABS
16:39:06.231 [Test worker] INFO  net.lomibao.nes.components.CPU6502 - 79,4F,???,???,???,1,6,IMP
16:39:06.231 [Test worker] INFO  net.lomibao.nes.components.CPU6502 - 80,50,BVC,Relative,Branch if Overflow Clear,2,2,REL
16:39:06.231 [Test worker] INFO  net.lomibao.nes.components.CPU6502 - 81,51,EOR,(Indirect);Y,Exclusive OR,2,5,IZY
16:39:06.231 [Test worker] INFO  net.lomibao.nes.components.CPU6502 - 82,52,???,???,???,1,2,IMP
16:39:06.231 [Test worker] INFO  net.lomibao.nes.components.CPU6502 - 83,53,???,???,???,1,8,IMP
16:39:06.231 [Test worker] INFO  net.lomibao.nes.components.CPU6502 - 84,54,???,???,???,1,4,IMP
16:39:06.233 [Test worker] INFO  net.lomibao.nes.components.CPU6502 - 85,55,EOR,ZeroPage;X,Exclusive OR,2,4,ZPX
16:39:06.233 [Test worker] INFO  net.lomibao.nes.components.CPU6502 - 86,56,LSR,ZeroPage;X,Logical Shift Right,2,6,ZPX
16:39:06.233 [Test worker] INFO  net.lomibao.nes.components.CPU6502 - 87,57,???,???,???,1,6,IMP
16:39:06.233 [Test worker] INFO  net.lomibao.nes.components.CPU6502 - 88,58,CLI,Implied,Clear Interrupt Disable,1,2,IMP
16:39:06.234 [Test worker] INFO  net.lomibao.nes.components.CPU6502 - 89,59,EOR,Absolute;Y,Exclusive OR,3,4,ABY
16:39:06.234 [Test worker] INFO  net.lomibao.nes.components.CPU6502 - 90,5A,???,???,???,1,2,IMP
16:39:06.234 [Test worker] INFO  net.lomibao.nes.components.CPU6502 - 91,5B,???,???,???,1,7,IMP
16:39:06.234 [Test worker] INFO  net.lomibao.nes.components.CPU6502 - 92,5C,???,???,???,1,4,IMP
16:39:06.234 [Test worker] INFO  net.lomibao.nes.components.CPU6502 - 93,5D,EOR,Absolute;X,Exclusive OR,3,4,ABX
16:39:06.234 [Test worker] INFO  net.lomibao.nes.components.CPU6502 - 94,5E,LSR,Absolute;X,Logical Shift Right,3,7,ABX
16:39:06.235 [Test worker] INFO  net.lomibao.nes.components.CPU6502 - 95,5F,???,???,???,1,7,IMP
16:39:06.235 [Test worker] INFO  net.lomibao.nes.components.CPU6502 - 96,60,RTS,Implied,Return from Subroutine,1,6,IMP
16:39:06.235 [Test worker] INFO  net.lomibao.nes.components.CPU6502 - 97,61,ADC,(Indirect;X),Add with Carry,2,6,IZX
16:39:06.235 [Test worker] INFO  net.lomibao.nes.components.CPU6502 - 98,62,???,???,???,1,2,IMP
16:39:06.235 [Test worker] INFO  net.lomibao.nes.components.CPU6502 - 99,63,???,???,???,1,8,IMP
16:39:06.235 [Test worker] INFO  net.lomibao.nes.components.CPU6502 - 100,64,???,???,???,1,3,IMP
16:39:06.235 [Test worker] INFO  net.lomibao.nes.components.CPU6502 - 101,65,ADC,ZeroPage,Add with Carry,2,3,ZP0
16:39:06.235 [Test worker] INFO  net.lomibao.nes.components.CPU6502 - 102,66,ROR,ZeroPage,Rotate Right,2,5,ZP0
16:39:06.236 [Test worker] INFO  net.lomibao.nes.components.CPU6502 - 103,67,???,???,???,1,5,IMP
16:39:06.236 [Test worker] INFO  net.lomibao.nes.components.CPU6502 - 104,68,PLA,Implied,Pull Accumulator,1,4,IMP
16:39:06.236 [Test worker] INFO  net.lomibao.nes.components.CPU6502 - 105,69,ADC,Immediate,Add with Carry,2,2,IMM
16:39:06.236 [Test worker] INFO  net.lomibao.nes.components.CPU6502 - 106,6A,ROR,Accumulator,Rotate Right,1,2,IMP
16:39:06.236 [Test worker] INFO  net.lomibao.nes.components.CPU6502 - 107,6B,???,???,???,1,2,IMP
16:39:06.237 [Test worker] INFO  net.lomibao.nes.components.CPU6502 - 108,6C,JMP,Indirect ,Jump,3,5,IND
16:39:06.237 [Test worker] INFO  net.lomibao.nes.components.CPU6502 - 109,6D,ADC,Absolute,Add with Carry,3,4,ABS
16:39:06.237 [Test worker] INFO  net.lomibao.nes.components.CPU6502 - 110,6E,ROR,Absolute,Rotate Right,3,6,ABS
16:39:06.237 [Test worker] INFO  net.lomibao.nes.components.CPU6502 - 111,6F,???,???,???,1,6,IMP
16:39:06.237 [Test worker] INFO  net.lomibao.nes.components.CPU6502 - 112,70,BVS,Relative,Branch if Overflow Set,2,2,REL
16:39:06.237 [Test worker] INFO  net.lomibao.nes.components.CPU6502 - 113,71,ADC,(Indirect);Y,Add with Carry,2,5,IZY
16:39:06.237 [Test worker] INFO  net.lomibao.nes.components.CPU6502 - 114,72,???,???,???,1,2,IMP
16:39:06.237 [Test worker] INFO  net.lomibao.nes.components.CPU6502 - 115,73,???,???,???,1,8,IMP
16:39:06.237 [Test worker] INFO  net.lomibao.nes.components.CPU6502 - 116,74,???,???,???,1,4,IMP
16:39:06.237 [Test worker] INFO  net.lomibao.nes.components.CPU6502 - 117,75,ADC,ZeroPage;X,Add with Carry,2,4,ZPX
16:39:06.238 [Test worker] INFO  net.lomibao.nes.components.CPU6502 - 118,76,ROR,ZeroPage;X,Rotate Right,2,6,ZPX
16:39:06.238 [Test worker] INFO  net.lomibao.nes.components.CPU6502 - 119,77,???,???,???,1,6,IMP
16:39:06.238 [Test worker] INFO  net.lomibao.nes.components.CPU6502 - 120,78,SEI,Implied,Set Interrupt Disable,1,2,IMP
16:39:06.238 [Test worker] INFO  net.lomibao.nes.components.CPU6502 - 121,79,ADC,Absolute;Y,Add with Carry,3,4,ABY
16:39:06.238 [Test worker] INFO  net.lomibao.nes.components.CPU6502 - 122,7A,???,???,???,1,2,IMP
16:39:06.238 [Test worker] INFO  net.lomibao.nes.components.CPU6502 - 123,7B,???,???,???,1,7,IMP
16:39:06.239 [Test worker] INFO  net.lomibao.nes.components.CPU6502 - 124,7C,???,???,???,1,4,IMP
16:39:06.239 [Test worker] INFO  net.lomibao.nes.components.CPU6502 - 125,7D,ADC,Absolute;X,Add with Carry,3,4,ABX
16:39:06.239 [Test worker] INFO  net.lomibao.nes.components.CPU6502 - 126,7E,ROR,Absolute;X,Rotate Right,3,7,ABX
16:39:06.240 [Test worker] INFO  net.lomibao.nes.components.CPU6502 - 127,7F,???,???,???,1,7,IMP
16:39:06.240 [Test worker] INFO  net.lomibao.nes.components.CPU6502 - 128,80,???,???,???,1,2,IMP
16:39:06.240 [Test worker] INFO  net.lomibao.nes.components.CPU6502 - 129,81,STA,(Indirect;X),Store Accumulator,2,6,IZX
16:39:06.240 [Test worker] INFO  net.lomibao.nes.components.CPU6502 - 130,82,???,???,???,1,2,IMP
16:39:06.240 [Test worker] INFO  net.lomibao.nes.components.CPU6502 - 131,83,???,???,???,1,6,IMP
16:39:06.241 [Test worker] INFO  net.lomibao.nes.components.CPU6502 - 132,84,STY,ZeroPage,Store Y Register,2,3,ZP0
16:39:06.241 [Test worker] INFO  net.lomibao.nes.components.CPU6502 - 133,85,STA,ZeroPage,Store Accumulator,2,3,ZP0
16:39:06.241 [Test worker] INFO  net.lomibao.nes.components.CPU6502 - 134,86,STX,ZeroPage,Store X Register,2,3,ZP0
16:39:06.241 [Test worker] INFO  net.lomibao.nes.components.CPU6502 - 135,87,???,???,???,1,3,IMP
16:39:06.241 [Test worker] INFO  net.lomibao.nes.components.CPU6502 - 136,88,DEY,Implied,Decrement Y Register,1,2,IMP
16:39:06.241 [Test worker] INFO  net.lomibao.nes.components.CPU6502 - 137,89,???,???,???,1,2,IMP
16:39:06.241 [Test worker] INFO  net.lomibao.nes.components.CPU6502 - 138,8A,TXA,Implied,Transfer X to Accumulator,1,2,IMP
16:39:06.241 [Test worker] INFO  net.lomibao.nes.components.CPU6502 - 139,8B,???,???,???,1,2,IMP
16:39:06.241 [Test worker] INFO  net.lomibao.nes.components.CPU6502 - 140,8C,STY,Absolute,Store Y Register,3,4,ABS
16:39:06.242 [Test worker] INFO  net.lomibao.nes.components.CPU6502 - 141,8D,STA,Absolute,Store Accumulator,3,4,ABS
16:39:06.242 [Test worker] INFO  net.lomibao.nes.components.CPU6502 - 142,8E,STX,Absolute,Store X Register,3,4,ABS
16:39:06.242 [Test worker] INFO  net.lomibao.nes.components.CPU6502 - 143,8F,???,???,???,1,4,IMP
16:39:06.242 [Test worker] INFO  net.lomibao.nes.components.CPU6502 - 144,90,BCC,Relative,Branch if Carry Clear,2,2,REL
16:39:06.242 [Test worker] INFO  net.lomibao.nes.components.CPU6502 - 145,91,STA,(Indirect);Y,Store Accumulator,2,6,IZY
16:39:06.242 [Test worker] INFO  net.lomibao.nes.components.CPU6502 - 146,92,???,???,???,1,2,IMP
16:39:06.242 [Test worker] INFO  net.lomibao.nes.components.CPU6502 - 147,93,???,???,???,1,6,IMP
16:39:06.242 [Test worker] INFO  net.lomibao.nes.components.CPU6502 - 148,94,STY,ZeroPage;X,Store Y Register,2,4,ZPX
16:39:06.242 [Test worker] INFO  net.lomibao.nes.components.CPU6502 - 149,95,STA,ZeroPage;X,Store Accumulator,2,4,ZPX
16:39:06.242 [Test worker] INFO  net.lomibao.nes.components.CPU6502 - 150,96,STX,ZeroPage;Y,Store X Register,2,4,ZPY
16:39:06.242 [Test worker] INFO  net.lomibao.nes.components.CPU6502 - 151,97,???,???,???,1,4,IMP
16:39:06.242 [Test worker] INFO  net.lomibao.nes.components.CPU6502 - 152,98,TYA,Implied,Transfer Y to Accumulator,1,2,IMP
16:39:06.242 [Test worker] INFO  net.lomibao.nes.components.CPU6502 - 153,99,STA,Absolute;Y,Store Accumulator,3,5,ABY
16:39:06.242 [Test worker] INFO  net.lomibao.nes.components.CPU6502 - 154,9A,TXS,Implied,Transfer X to Stack Pointer,1,2,IMP
16:39:06.242 [Test worker] INFO  net.lomibao.nes.components.CPU6502 - 155,9B,???,???,???,1,5,IMP
16:39:06.242 [Test worker] INFO  net.lomibao.nes.components.CPU6502 - 156,9C,???,???,???,1,5,IMP
16:39:06.242 [Test worker] INFO  net.lomibao.nes.components.CPU6502 - 157,9D,STA,Absolute;X,Store Accumulator,3,5,ABX
16:39:06.242 [Test worker] INFO  net.lomibao.nes.components.CPU6502 - 158,9E,???,???,???,1,5,IMP
16:39:06.242 [Test worker] INFO  net.lomibao.nes.components.CPU6502 - 159,9F,???,???,???,1,5,IMP
16:39:06.242 [Test worker] INFO  net.lomibao.nes.components.CPU6502 - 160,A0,LDY,Immediate,Load Y Register,2,2,IMM
16:39:06.244 [Test worker] INFO  net.lomibao.nes.components.CPU6502 - 161,A1,LDA,(Indirect;X),Load Accumulator,2,6,IZX
16:39:06.244 [Test worker] INFO  net.lomibao.nes.components.CPU6502 - 162,A2,LDX,Immediate,Load X Register,2,2,IMM
16:39:06.244 [Test worker] INFO  net.lomibao.nes.components.CPU6502 - 163,A3,???,???,???,1,6,IMP
16:39:06.244 [Test worker] INFO  net.lomibao.nes.components.CPU6502 - 164,A4,LDY,ZeroPage,Load Y Register,2,3,ZP0
16:39:06.244 [Test worker] INFO  net.lomibao.nes.components.CPU6502 - 165,A5,LDA,ZeroPage,Load Accumulator,2,3,ZP0
16:39:06.244 [Test worker] INFO  net.lomibao.nes.components.CPU6502 - 166,A6,LDX,ZeroPage,Load X Register,2,3,ZP0
16:39:06.244 [Test worker] INFO  net.lomibao.nes.components.CPU6502 - 167,A7,???,???,???,1,3,IMP
16:39:06.244 [Test worker] INFO  net.lomibao.nes.components.CPU6502 - 168,A8,TAY,Implied,Transfer Accumulator to Y,1,2,IMP
16:39:06.244 [Test worker] INFO  net.lomibao.nes.components.CPU6502 - 169,A9,LDA,Immediate,Load Accumulator,2,2,IMM
16:39:06.244 [Test worker] INFO  net.lomibao.nes.components.CPU6502 - 170,AA,TAX,Implied,Transfer Accumulator to X,1,2,IMP
16:39:06.244 [Test worker] INFO  net.lomibao.nes.components.CPU6502 - 171,AB,???,???,???,1,2,IMP
16:39:06.244 [Test worker] INFO  net.lomibao.nes.components.CPU6502 - 172,AC,LDY,Absolute,Load Y Register,3,4,ABS
16:39:06.244 [Test worker] INFO  net.lomibao.nes.components.CPU6502 - 173,AD,LDA,Absolute,Load Accumulator,3,4,ABS
16:39:06.244 [Test worker] INFO  net.lomibao.nes.components.CPU6502 - 174,AE,LDX,Absolute,Load X Register,3,4,ABS
16:39:06.245 [Test worker] INFO  net.lomibao.nes.components.CPU6502 - 175,AF,???,???,???,1,4,IMP
16:39:06.245 [Test worker] INFO  net.lomibao.nes.components.CPU6502 - 176,B0,BCS,Relative,Branch if Carry Set,2,2,REL
16:39:06.245 [Test worker] INFO  net.lomibao.nes.components.CPU6502 - 177,B1,LDA,(Indirect);Y,Load Accumulator,2,5,IZY
16:39:06.245 [Test worker] INFO  net.lomibao.nes.components.CPU6502 - 178,B2,???,???,???,1,2,IMP
16:39:06.245 [Test worker] INFO  net.lomibao.nes.components.CPU6502 - 179,B3,???,???,???,1,5,IMP
16:39:06.245 [Test worker] INFO  net.lomibao.nes.components.CPU6502 - 180,B4,LDY,ZeroPage;X,Load Y Register,2,4,ZPX
16:39:06.245 [Test worker] INFO  net.lomibao.nes.components.CPU6502 - 181,B5,LDA,ZeroPage;X,Load Accumulator,2,4,ZPX
16:39:06.245 [Test worker] INFO  net.lomibao.nes.components.CPU6502 - 182,B6,LDX,ZeroPage;Y,Load X Register,2,4,ZPY
16:39:06.245 [Test worker] INFO  net.lomibao.nes.components.CPU6502 - 183,B7,???,???,???,1,4,IMP
16:39:06.245 [Test worker] INFO  net.lomibao.nes.components.CPU6502 - 184,B8,CLV,Implied,Clear Overflow Flag,1,2,IMP
16:39:06.245 [Test worker] INFO  net.lomibao.nes.components.CPU6502 - 185,B9,LDA,Absolute;Y,Load Accumulator,3,4,ABY
16:39:06.245 [Test worker] INFO  net.lomibao.nes.components.CPU6502 - 186,BA,TSX,Implied,Transfer Stack Pointer to X,1,2,IMP
16:39:06.245 [Test worker] INFO  net.lomibao.nes.components.CPU6502 - 187,BB,???,???,???,1,4,IMP
16:39:06.245 [Test worker] INFO  net.lomibao.nes.components.CPU6502 - 188,BC,LDY,Absolute;X,Load Y Register,3,4,ABX
16:39:06.245 [Test worker] INFO  net.lomibao.nes.components.CPU6502 - 189,BD,LDA,Absolute;X,Load Accumulator,3,4,ABX
16:39:06.245 [Test worker] INFO  net.lomibao.nes.components.CPU6502 - 190,BE,LDX,Absolute;Y,Load X Register,3,4,ABY
16:39:06.247 [Test worker] INFO  net.lomibao.nes.components.CPU6502 - 191,BF,???,???,???,1,4,IMP
16:39:06.247 [Test worker] INFO  net.lomibao.nes.components.CPU6502 - 192,C0,CPY,Immediate,Compare Y Register,2,2,IMM
16:39:06.247 [Test worker] INFO  net.lomibao.nes.components.CPU6502 - 193,C1,CMP,(Indirect;X),Compare,2,6,IZX
16:39:06.247 [Test worker] INFO  net.lomibao.nes.components.CPU6502 - 194,C2,???,???,???,1,2,IMP
16:39:06.247 [Test worker] INFO  net.lomibao.nes.components.CPU6502 - 195,C3,???,???,???,1,8,IMP
16:39:06.247 [Test worker] INFO  net.lomibao.nes.components.CPU6502 - 196,C4,CPY,ZeroPage,Compare Y Register,2,3,ZP0
16:39:06.247 [Test worker] INFO  net.lomibao.nes.components.CPU6502 - 197,C5,CMP,ZeroPage,Compare,2,3,ZP0
16:39:06.247 [Test worker] INFO  net.lomibao.nes.components.CPU6502 - 198,C6,DEC,ZeroPage,Decrement Memory,2,5,ZP0
16:39:06.247 [Test worker] INFO  net.lomibao.nes.components.CPU6502 - 199,C7,???,???,???,1,5,IMP
16:39:06.248 [Test worker] INFO  net.lomibao.nes.components.CPU6502 - 200,C8,INY,Implied,Increment Y Register,1,2,IMP
16:39:06.248 [Test worker] INFO  net.lomibao.nes.components.CPU6502 - 201,C9,CMP,Immediate,Compare,2,2,IMM
16:39:06.248 [Test worker] INFO  net.lomibao.nes.components.CPU6502 - 202,CA,DEX,Implied,Decrement X Register,1,2,IMP
16:39:06.248 [Test worker] INFO  net.lomibao.nes.components.CPU6502 - 203,CB,???,???,???,1,2,IMP
16:39:06.248 [Test worker] INFO  net.lomibao.nes.components.CPU6502 - 204,CC,CPY,Absolute,Compare Y Register,3,4,ABS
16:39:06.248 [Test worker] INFO  net.lomibao.nes.components.CPU6502 - 205,CD,CMP,Absolute,Compare,3,4,ABS
16:39:06.248 [Test worker] INFO  net.lomibao.nes.components.CPU6502 - 206,CE,DEC,Absolute,Decrement Memory,3,6,ABS
16:39:06.248 [Test worker] INFO  net.lomibao.nes.components.CPU6502 - 207,CF,???,???,???,1,6,IMP
16:39:06.248 [Test worker] INFO  net.lomibao.nes.components.CPU6502 - 208,D0,BNE,Relative,Branch if Not Equal,2,2,REL
16:39:06.248 [Test worker] INFO  net.lomibao.nes.components.CPU6502 - 209,D1,CMP,(Indirect);Y,Compare,2,5,IZY
16:39:06.249 [Test worker] INFO  net.lomibao.nes.components.CPU6502 - 210,D2,???,???,???,1,2,IMP
16:39:06.249 [Test worker] INFO  net.lomibao.nes.components.CPU6502 - 211,D3,???,???,???,1,8,IMP
16:39:06.249 [Test worker] INFO  net.lomibao.nes.components.CPU6502 - 212,D4,???,???,???,1,4,IMP
16:39:06.249 [Test worker] INFO  net.lomibao.nes.components.CPU6502 - 213,D5,CMP,ZeroPage;X,Compare,2,4,ZPX
16:39:06.249 [Test worker] INFO  net.lomibao.nes.components.CPU6502 - 214,D6,DEC,ZeroPage;X,Decrement Memory,2,6,ZPX
16:39:06.249 [Test worker] INFO  net.lomibao.nes.components.CPU6502 - 215,D7,???,???,???,1,6,IMP
16:39:06.249 [Test worker] INFO  net.lomibao.nes.components.CPU6502 - 216,D8,CLD,Implied,Clear Decimal Mode,1,2,IMP
16:39:06.249 [Test worker] INFO  net.lomibao.nes.components.CPU6502 - 217,D9,CMP,Absolute;Y,Compare,3,4,ABY
16:39:06.249 [Test worker] INFO  net.lomibao.nes.components.CPU6502 - 218,DA,NOP,???,???,1,2,IMP
16:39:06.249 [Test worker] INFO  net.lomibao.nes.components.CPU6502 - 219,DB,???,???,???,1,7,IMP
16:39:06.249 [Test worker] INFO  net.lomibao.nes.components.CPU6502 - 220,DC,???,???,???,1,4,IMP
16:39:06.249 [Test worker] INFO  net.lomibao.nes.components.CPU6502 - 221,DD,CMP,Absolute;X,Compare,3,4,ABX
16:39:06.249 [Test worker] INFO  net.lomibao.nes.components.CPU6502 - 222,DE,DEC,Absolute;X,Decrement Memory,3,7,ABX
16:39:06.249 [Test worker] INFO  net.lomibao.nes.components.CPU6502 - 223,DF,???,???,???,1,7,IMP
16:39:06.250 [Test worker] INFO  net.lomibao.nes.components.CPU6502 - 224,E0,CPX,Immediate,Compare X Register,2,2,IMM
16:39:06.250 [Test worker] INFO  net.lomibao.nes.components.CPU6502 - 225,E1,SBC,(Indirect;X),Subtract with Carry,2,6,IZX
16:39:06.250 [Test worker] INFO  net.lomibao.nes.components.CPU6502 - 226,E2,???,???,???,1,2,IMP
16:39:06.250 [Test worker] INFO  net.lomibao.nes.components.CPU6502 - 227,E3,???,???,???,1,8,IMP
16:39:06.250 [Test worker] INFO  net.lomibao.nes.components.CPU6502 - 228,E4,CPX,ZeroPage,Compare X Register,2,3,ZP0
16:39:06.250 [Test worker] INFO  net.lomibao.nes.components.CPU6502 - 229,E5,SBC,ZeroPage,Subtract with Carry,2,3,ZP0
16:39:06.250 [Test worker] INFO  net.lomibao.nes.components.CPU6502 - 230,E6,INC,ZeroPage,Increment Memory,2,5,ZP0
16:39:06.250 [Test worker] INFO  net.lomibao.nes.components.CPU6502 - 231,E7,???,???,???,1,5,IMP
16:39:06.250 [Test worker] INFO  net.lomibao.nes.components.CPU6502 - 232,E8,INX,Implied,Increment X Register,1,2,IMP
16:39:06.250 [Test worker] INFO  net.lomibao.nes.components.CPU6502 - 233,E9,SBC,Immediate,Subtract with Carry,2,2,IMM
16:39:06.250 [Test worker] INFO  net.lomibao.nes.components.CPU6502 - 234,EA,NOP,Implied,No Operation,1,2,IMP
16:39:06.250 [Test worker] INFO  net.lomibao.nes.components.CPU6502 - 235,EB,???,???,???,1,2,IMP
16:39:06.250 [Test worker] INFO  net.lomibao.nes.components.CPU6502 - 236,EC,CPX,Absolute,Compare X Register,3,4,ABS
16:39:06.250 [Test worker] INFO  net.lomibao.nes.components.CPU6502 - 237,ED,SBC,Absolute,Subtract with Carry,3,4,ABS
16:39:06.250 [Test worker] INFO  net.lomibao.nes.components.CPU6502 - 238,EE,INC,Absolute,Increment Memory,3,6,ABS
16:39:06.250 [Test worker] INFO  net.lomibao.nes.components.CPU6502 - 239,EF,???,???,???,1,6,IMP
16:39:06.252 [Test worker] INFO  net.lomibao.nes.components.CPU6502 - 240,F0,BEQ,Relative,Branch if Equal,2,2,REL
16:39:06.252 [Test worker] INFO  net.lomibao.nes.components.CPU6502 - 241,F1,SBC,(Indirect);Y,Subtract with Carry,2,5,IZY
16:39:06.252 [Test worker] INFO  net.lomibao.nes.components.CPU6502 - 242,F2,???,???,???,1,2,IMP
16:39:06.252 [Test worker] INFO  net.lomibao.nes.components.CPU6502 - 243,F3,???,???,???,1,8,IMP
16:39:06.252 [Test worker] INFO  net.lomibao.nes.components.CPU6502 - 244,F4,???,???,???,1,4,IMP
16:39:06.252 [Test worker] INFO  net.lomibao.nes.components.CPU6502 - 245,F5,SBC,ZeroPage;X,Subtract with Carry,2,4,ZPX
16:39:06.253 [Test worker] INFO  net.lomibao.nes.components.CPU6502 - 246,F6,INC,ZeroPage;X,Increment Memory,2,6,ZPX
16:39:06.253 [Test worker] INFO  net.lomibao.nes.components.CPU6502 - 247,F7,???,???,???,1,6,IMP
16:39:06.254 [Test worker] INFO  net.lomibao.nes.components.CPU6502 - 248,F8,SED,Implied,Set Decimal Flag,1,2,IMP
16:39:06.254 [Test worker] INFO  net.lomibao.nes.components.CPU6502 - 249,F9,SBC,Absolute;Y,Subtract with Carry,3,4,ABY
16:39:06.255 [Test worker] INFO  net.lomibao.nes.components.CPU6502 - 250,FA,NOP,???,???,1,2,IMP
16:39:06.255 [Test worker] INFO  net.lomibao.nes.components.CPU6502 - 251,FB,???,???,???,1,7,IMP
16:39:06.255 [Test worker] INFO  net.lomibao.nes.components.CPU6502 - 252,FC,???,???,???,1,4,IMP
16:39:06.255 [Test worker] INFO  net.lomibao.nes.components.CPU6502 - 253,FD,SBC,Absolute;X,Subtract with Carry,3,4,ABX
16:39:06.255 [Test worker] INFO  net.lomibao.nes.components.CPU6502 - 254,FE,INC,Absolute;X,Increment Memory,3,7,ABX
16:39:06.256 [Test worker] INFO  net.lomibao.nes.components.CPU6502 - 255,FF,???,???,???,1,7,IMP
16:39:06.293 [Test worker] INFO  net.lomibao.nes.components.CPU6502 - 0,00,BRK,Implied,Force Interrupt,1,7,IMM
16:39:06.293 [Test worker] INFO  net.lomibao.nes.components.CPU6502 - 1,01,ORA,(Indirect;X),Logical Inclusive OR,2,6,IZX
16:39:06.293 [Test worker] INFO  net.lomibao.nes.components.CPU6502 - 2,02,???,???,???,1,2,IMP
16:39:06.293 [Test worker] INFO  net.lomibao.nes.components.CPU6502 - 3,03,???,???,???,1,8,IMP
16:39:06.293 [Test worker] INFO  net.lomibao.nes.components.CPU6502 - 4,04,???,???,???,1,3,IMP
16:39:06.293 [Test worker] INFO  net.lomibao.nes.components.CPU6502 - 5,05,ORA,ZeroPage,Logical Inclusive OR,2,3,ZP0
16:39:06.294 [Test worker] INFO  net.lomibao.nes.components.CPU6502 - 6,06,ASL,ZeroPage,Arithmetic Shift Left,2,5,ZP0
16:39:06.294 [Test worker] INFO  net.lomibao.nes.components.CPU6502 - 7,07,???,???,???,1,5,IMP
16:39:06.294 [Test worker] INFO  net.lomibao.nes.components.CPU6502 - 8,08,PHP,Implied,Push Processor Status,1,3,IMP
16:39:06.294 [Test worker] INFO  net.lomibao.nes.components.CPU6502 - 9,09,ORA,Immediate,Logical Inclusive OR,2,2,IMM
16:39:06.294 [Test worker] INFO  net.lomibao.nes.components.CPU6502 - 10,0A,ASL,Accumulator,Arithmetic Shift Left,1,2,IMP
16:39:06.294 [Test worker] INFO  net.lomibao.nes.components.CPU6502 - 11,0B,???,???,???,1,2,IMP
16:39:06.294 [Test worker] INFO  net.lomibao.nes.components.CPU6502 - 12,0C,???,???,???,1,4,IMP
16:39:06.294 [Test worker] INFO  net.lomibao.nes.components.CPU6502 - 13,0D,ORA,Absolute,Logical Inclusive OR,3,4,ABS
16:39:06.294 [Test worker] INFO  net.lomibao.nes.components.CPU6502 - 14,0E,ASL,Absolute,Arithmetic Shift Left,3,6,ABS
16:39:06.294 [Test worker] INFO  net.lomibao.nes.components.CPU6502 - 15,0F,???,???,???,1,6,IMP
16:39:06.294 [Test worker] INFO  net.lomibao.nes.components.CPU6502 - 16,10,BPL,Relative,Branch if Positive,2,2,REL
16:39:06.294 [Test worker] INFO  net.lomibao.nes.components.CPU6502 - 17,11,ORA,(Indirect);Y,Logical Inclusive OR,2,5,IZY
16:39:06.294 [Test worker] INFO  net.lomibao.nes.components.CPU6502 - 18,12,???,???,???,1,2,IMP
16:39:06.294 [Test worker] INFO  net.lomibao.nes.components.CPU6502 - 19,13,???,???,???,1,8,IMP
16:39:06.294 [Test worker] INFO  net.lomibao.nes.components.CPU6502 - 20,14,???,???,???,1,4,IMP
16:39:06.294 [Test worker] INFO  net.lomibao.nes.components.CPU6502 - 21,15,ORA,ZeroPage;X,Logical Inclusive OR,2,4,ZPX
16:39:06.294 [Test worker] INFO  net.lomibao.nes.components.CPU6502 - 22,16,ASL,ZeroPage;X,Arithmetic Shift Left,2,6,ZPX
16:39:06.295 [Test worker] INFO  net.lomibao.nes.components.CPU6502 - 23,17,???,???,???,1,6,IMP
16:39:06.295 [Test worker] INFO  net.lomibao.nes.components.CPU6502 - 24,18,CLC,Implied,Clear Carry Flag,1,2,IMP
16:39:06.295 [Test worker] INFO  net.lomibao.nes.components.CPU6502 - 25,19,ORA,Absolute;Y,Logical Inclusive OR,3,4,ABY
16:39:06.295 [Test worker] INFO  net.lomibao.nes.components.CPU6502 - 26,1A,???,???,???,1,2,IMP
16:39:06.295 [Test worker] INFO  net.lomibao.nes.components.CPU6502 - 27,1B,???,???,???,1,7,IMP
16:39:06.295 [Test worker] INFO  net.lomibao.nes.components.CPU6502 - 28,1C,???,???,???,1,4,IMP
16:39:06.295 [Test worker] INFO  net.lomibao.nes.components.CPU6502 - 29,1D,ORA,Absolute;X,Logical Inclusive OR,3,4,ABX
16:39:06.295 [Test worker] INFO  net.lomibao.nes.components.CPU6502 - 30,1E,ASL,Absolute;X,Arithmetic Shift Left,3,7,ABX
16:39:06.295 [Test worker] INFO  net.lomibao.nes.components.CPU6502 - 31,1F,???,???,???,1,7,IMP
16:39:06.295 [Test worker] INFO  net.lomibao.nes.components.CPU6502 - 32,20,JSR,Absolute,Jump to Subroutine,3,6,ABS
16:39:06.295 [Test worker] INFO  net.lomibao.nes.components.CPU6502 - 33,21,AND,(Indirect;X),Logical AND,2,6,IZX
16:39:06.295 [Test worker] INFO  net.lomibao.nes.components.CPU6502 - 34,22,???,???,???,1,2,IMP
16:39:06.295 [Test worker] INFO  net.lomibao.nes.components.CPU6502 - 35,23,???,???,???,1,8,IMP
16:39:06.295 [Test worker] INFO  net.lomibao.nes.components.CPU6502 - 36,24,BIT,ZeroPage,Bit Test,2,3,ZP0
16:39:06.295 [Test worker] INFO  net.lomibao.nes.components.CPU6502 - 37,25,AND,ZeroPage,Logical AND,2,3,ZP0
16:39:06.295 [Test worker] INFO  net.lomibao.nes.components.CPU6502 - 38,26,ROL,ZeroPage,Rotate Left,2,5,ZP0
16:39:06.296 [Test worker] INFO  net.lomibao.nes.components.CPU6502 - 39,27,???,???,???,1,5,IMP
16:39:06.296 [Test worker] INFO  net.lomibao.nes.components.CPU6502 - 40,28,PLP,Implied,Pull Processor Status,1,4,IMP
16:39:06.296 [Test worker] INFO  net.lomibao.nes.components.CPU6502 - 41,29,AND,Immediate,Logical AND,2,2,IMM
16:39:06.296 [Test worker] INFO  net.lomibao.nes.components.CPU6502 - 42,2A,ROL,Accumulator,Rotate Left,1,2,IMP
16:39:06.296 [Test worker] INFO  net.lomibao.nes.components.CPU6502 - 43,2B,???,???,???,1,2,IMP
16:39:06.296 [Test worker] INFO  net.lomibao.nes.components.CPU6502 - 44,2C,BIT,Absolute,Bit Test,3,4,ABS
16:39:06.296 [Test worker] INFO  net.lomibao.nes.components.CPU6502 - 45,2D,AND,Absolute,Logical AND,3,4,ABS
16:39:06.296 [Test worker] INFO  net.lomibao.nes.components.CPU6502 - 46,2E,ROL,Absolute,Rotate Left,3,6,ABS
16:39:06.296 [Test worker] INFO  net.lomibao.nes.components.CPU6502 - 47,2F,???,???,???,1,6,IMP
16:39:06.296 [Test worker] INFO  net.lomibao.nes.components.CPU6502 - 48,30,BMI,Relative,Branch if Minus,2,2,REL
16:39:06.296 [Test worker] INFO  net.lomibao.nes.components.CPU6502 - 49,31,AND,(Indirect);Y,Logical AND,2,5,IZY
16:39:06.296 [Test worker] INFO  net.lomibao.nes.components.CPU6502 - 50,32,???,???,???,1,2,IMP
16:39:06.296 [Test worker] INFO  net.lomibao.nes.components.CPU6502 - 51,33,???,???,???,1,8,IMP
16:39:06.297 [Test worker] INFO  net.lomibao.nes.components.CPU6502 - 52,34,???,???,???,1,4,IMP
16:39:06.297 [Test worker] INFO  net.lomibao.nes.components.CPU6502 - 53,35,AND,ZeroPage;X,Logical AND,2,4,ZPX
16:39:06.297 [Test worker] INFO  net.lomibao.nes.components.CPU6502 - 54,36,ROL,ZeroPage;X,Rotate Left,2,6,ZPX
16:39:06.297 [Test worker] INFO  net.lomibao.nes.components.CPU6502 - 55,37,???,???,???,1,6,IMP
16:39:06.297 [Test worker] INFO  net.lomibao.nes.components.CPU6502 - 56,38,SEC,Implied,Set Carry Flag,1,2,IMP
16:39:06.297 [Test worker] INFO  net.lomibao.nes.components.CPU6502 - 57,39,AND,Absolute;Y,Logical AND,3,4,ABY
16:39:06.297 [Test worker] INFO  net.lomibao.nes.components.CPU6502 - 58,3A,???,???,???,1,2,IMP
16:39:06.297 [Test worker] INFO  net.lomibao.nes.components.CPU6502 - 59,3B,???,???,???,1,7,IMP
16:39:06.297 [Test worker] INFO  net.lomibao.nes.components.CPU6502 - 60,3C,???,???,???,1,4,IMP
16:39:06.297 [Test worker] INFO  net.lomibao.nes.components.CPU6502 - 61,3D,AND,Absolute;X,Logical AND,3,4,ABX
16:39:06.297 [Test worker] INFO  net.lomibao.nes.components.CPU6502 - 62,3E,ROL,Absolute;X,Rotate Left,3,7,ABX
16:39:06.297 [Test worker] INFO  net.lomibao.nes.components.CPU6502 - 63,3F,???,???,???,1,7,IMP
16:39:06.297 [Test worker] INFO  net.lomibao.nes.components.CPU6502 - 64,40,RTI,Implied,Return from Interrupt,1,6,IMP
16:39:06.297 [Test worker] INFO  net.lomibao.nes.components.CPU6502 - 65,41,EOR,(Indirect;X),Exclusive OR,2,6,IZX
16:39:06.297 [Test worker] INFO  net.lomibao.nes.components.CPU6502 - 66,42,???,???,???,1,2,IMP
16:39:06.297 [Test worker] INFO  net.lomibao.nes.components.CPU6502 - 67,43,???,???,???,1,8,IMP
16:39:06.297 [Test worker] INFO  net.lomibao.nes.components.CPU6502 - 68,44,???,???,???,1,3,IMP
16:39:06.298 [Test worker] INFO  net.lomibao.nes.components.CPU6502 - 69,45,EOR,ZeroPage,Exclusive OR,2,3,ZP0
16:39:06.298 [Test worker] INFO  net.lomibao.nes.components.CPU6502 - 70,46,LSR,ZeroPage,Logical Shift Right,2,5,ZP0
16:39:06.298 [Test worker] INFO  net.lomibao.nes.components.CPU6502 - 71,47,???,???,???,1,5,IMP
16:39:06.298 [Test worker] INFO  net.lomibao.nes.components.CPU6502 - 72,48,PHA,Implied,Push Accumulator,1,3,IMP
16:39:06.298 [Test worker] INFO  net.lomibao.nes.components.CPU6502 - 73,49,EOR,Immediate,Exclusive OR,2,2,IMM
16:39:06.298 [Test worker] INFO  net.lomibao.nes.components.CPU6502 - 74,4A,LSR,Accumulator,Logical Shift Right,1,2,IMP
16:39:06.298 [Test worker] INFO  net.lomibao.nes.components.CPU6502 - 75,4B,???,???,???,1,2,IMP
16:39:06.298 [Test worker] INFO  net.lomibao.nes.components.CPU6502 - 76,4C,JMP,Absolute,Jump,3,3,ABS
16:39:06.298 [Test worker] INFO  net.lomibao.nes.components.CPU6502 - 77,4D,EOR,Absolute,Exclusive OR,3,4,ABS
16:39:06.298 [Test worker] INFO  net.lomibao.nes.components.CPU6502 - 78,4E,LSR,Absolute,Logical Shift Right,3,6,ABS
16:39:06.298 [Test worker] INFO  net.lomibao.nes.components.CPU6502 - 79,4F,???,???,???,1,6,IMP
16:39:06.298 [Test worker] INFO  net.lomibao.nes.components.CPU6502 - 80,50,BVC,Relative,Branch if Overflow Clear,2,2,REL
16:39:06.298 [Test worker] INFO  net.lomibao.nes.components.CPU6502 - 81,51,EOR,(Indirect);Y,Exclusive OR,2,5,IZY
16:39:06.298 [Test worker] INFO  net.lomibao.nes.components.CPU6502 - 82,52,???,???,???,1,2,IMP
16:39:06.298 [Test worker] INFO  net.lomibao.nes.components.CPU6502 - 83,53,???,???,???,1,8,IMP
16:39:06.299 [Test worker] INFO  net.lomibao.nes.components.CPU6502 - 84,54,???,???,???,1,4,IMP
16:39:06.299 [Test worker] INFO  net.lomibao.nes.components.CPU6502 - 85,55,EOR,ZeroPage;X,Exclusive OR,2,4,ZPX
16:39:06.299 [Test worker] INFO  net.lomibao.nes.components.CPU6502 - 86,56,LSR,ZeroPage;X,Logical Shift Right,2,6,ZPX
16:39:06.299 [Test worker] INFO  net.lomibao.nes.components.CPU6502 - 87,57,???,???,???,1,6,IMP
16:39:06.299 [Test worker] INFO  net.lomibao.nes.components.CPU6502 - 88,58,CLI,Implied,Clear Interrupt Disable,1,2,IMP
16:39:06.299 [Test worker] INFO  net.lomibao.nes.components.CPU6502 - 89,59,EOR,Absolute;Y,Exclusive OR,3,4,ABY
16:39:06.299 [Test worker] INFO  net.lomibao.nes.components.CPU6502 - 90,5A,???,???,???,1,2,IMP
16:39:06.299 [Test worker] INFO  net.lomibao.nes.components.CPU6502 - 91,5B,???,???,???,1,7,IMP
16:39:06.299 [Test worker] INFO  net.lomibao.nes.components.CPU6502 - 92,5C,???,???,???,1,4,IMP
16:39:06.299 [Test worker] INFO  net.lomibao.nes.components.CPU6502 - 93,5D,EOR,Absolute;X,Exclusive OR,3,4,ABX
16:39:06.299 [Test worker] INFO  net.lomibao.nes.components.CPU6502 - 94,5E,LSR,Absolute;X,Logical Shift Right,3,7,ABX
16:39:06.299 [Test worker] INFO  net.lomibao.nes.components.CPU6502 - 95,5F,???,???,???,1,7,IMP
16:39:06.299 [Test worker] INFO  net.lomibao.nes.components.CPU6502 - 96,60,RTS,Implied,Return from Subroutine,1,6,IMP
16:39:06.299 [Test worker] INFO  net.lomibao.nes.components.CPU6502 - 97,61,ADC,(Indirect;X),Add with Carry,2,6,IZX
16:39:06.299 [Test worker] INFO  net.lomibao.nes.components.CPU6502 - 98,62,???,???,???,1,2,IMP
16:39:06.299 [Test worker] INFO  net.lomibao.nes.components.CPU6502 - 99,63,???,???,???,1,8,IMP
16:39:06.299 [Test worker] INFO  net.lomibao.nes.components.CPU6502 - 100,64,???,???,???,1,3,IMP
16:39:06.299 [Test worker] INFO  net.lomibao.nes.components.CPU6502 - 101,65,ADC,ZeroPage,Add with Carry,2,3,ZP0
16:39:06.299 [Test worker] INFO  net.lomibao.nes.components.CPU6502 - 102,66,ROR,ZeroPage,Rotate Right,2,5,ZP0
16:39:06.299 [Test worker] INFO  net.lomibao.nes.components.CPU6502 - 103,67,???,???,???,1,5,IMP
16:39:06.299 [Test worker] INFO  net.lomibao.nes.components.CPU6502 - 104,68,PLA,Implied,Pull Accumulator,1,4,IMP
16:39:06.299 [Test worker] INFO  net.lomibao.nes.components.CPU6502 - 105,69,ADC,Immediate,Add with Carry,2,2,IMM
16:39:06.299 [Test worker] INFO  net.lomibao.nes.components.CPU6502 - 106,6A,ROR,Accumulator,Rotate Right,1,2,IMP
16:39:06.299 [Test worker] INFO  net.lomibao.nes.components.CPU6502 - 107,6B,???,???,???,1,2,IMP
16:39:06.299 [Test worker] INFO  net.lomibao.nes.components.CPU6502 - 108,6C,JMP,Indirect ,Jump,3,5,IND
16:39:06.300 [Test worker] INFO  net.lomibao.nes.components.CPU6502 - 109,6D,ADC,Absolute,Add with Carry,3,4,ABS
16:39:06.300 [Test worker] INFO  net.lomibao.nes.components.CPU6502 - 110,6E,ROR,Absolute,Rotate Right,3,6,ABS
16:39:06.300 [Test worker] INFO  net.lomibao.nes.components.CPU6502 - 111,6F,???,???,???,1,6,IMP
16:39:06.300 [Test worker] INFO  net.lomibao.nes.components.CPU6502 - 112,70,BVS,Relative,Branch if Overflow Set,2,2,REL
16:39:06.300 [Test worker] INFO  net.lomibao.nes.components.CPU6502 - 113,71,ADC,(Indirect);Y,Add with Carry,2,5,IZY
16:39:06.300 [Test worker] INFO  net.lomibao.nes.components.CPU6502 - 114,72,???,???,???,1,2,IMP
16:39:06.300 [Test worker] INFO  net.lomibao.nes.components.CPU6502 - 115,73,???,???,???,1,8,IMP
16:39:06.300 [Test worker] INFO  net.lomibao.nes.components.CPU6502 - 116,74,???,???,???,1,4,IMP
16:39:06.300 [Test worker] INFO  net.lomibao.nes.components.CPU6502 - 117,75,ADC,ZeroPage;X,Add with Carry,2,4,ZPX
16:39:06.300 [Test worker] INFO  net.lomibao.nes.components.CPU6502 - 118,76,ROR,ZeroPage;X,Rotate Right,2,6,ZPX
16:39:06.300 [Test worker] INFO  net.lomibao.nes.components.CPU6502 - 119,77,???,???,???,1,6,IMP
16:39:06.300 [Test worker] INFO  net.lomibao.nes.components.CPU6502 - 120,78,SEI,Implied,Set Interrupt Disable,1,2,IMP
16:39:06.300 [Test worker] INFO  net.lomibao.nes.components.CPU6502 - 121,79,ADC,Absolute;Y,Add with Carry,3,4,ABY
16:39:06.300 [Test worker] INFO  net.lomibao.nes.components.CPU6502 - 122,7A,???,???,???,1,2,IMP
16:39:06.302 [Test worker] INFO  net.lomibao.nes.components.CPU6502 - 123,7B,???,???,???,1,7,IMP
16:39:06.302 [Test worker] INFO  net.lomibao.nes.components.CPU6502 - 124,7C,???,???,???,1,4,IMP
16:39:06.302 [Test worker] INFO  net.lomibao.nes.components.CPU6502 - 125,7D,ADC,Absolute;X,Add with Carry,3,4,ABX
16:39:06.302 [Test worker] INFO  net.lomibao.nes.components.CPU6502 - 126,7E,ROR,Absolute;X,Rotate Right,3,7,ABX
16:39:06.303 [Test worker] INFO  net.lomibao.nes.components.CPU6502 - 127,7F,???,???,???,1,7,IMP
16:39:06.303 [Test worker] INFO  net.lomibao.nes.components.CPU6502 - 128,80,???,???,???,1,2,IMP
16:39:06.303 [Test worker] INFO  net.lomibao.nes.components.CPU6502 - 129,81,STA,(Indirect;X),Store Accumulator,2,6,IZX
16:39:06.303 [Test worker] INFO  net.lomibao.nes.components.CPU6502 - 130,82,???,???,???,1,2,IMP
16:39:06.303 [Test worker] INFO  net.lomibao.nes.components.CPU6502 - 131,83,???,???,???,1,6,IMP
16:39:06.303 [Test worker] INFO  net.lomibao.nes.components.CPU6502 - 132,84,STY,ZeroPage,Store Y Register,2,3,ZP0
16:39:06.303 [Test worker] INFO  net.lomibao.nes.components.CPU6502 - 133,85,STA,ZeroPage,Store Accumulator,2,3,ZP0
16:39:06.303 [Test worker] INFO  net.lomibao.nes.components.CPU6502 - 134,86,STX,ZeroPage,Store X Register,2,3,ZP0
16:39:06.303 [Test worker] INFO  net.lomibao.nes.components.CPU6502 - 135,87,???,???,???,1,3,IMP
16:39:06.303 [Test worker] INFO  net.lomibao.nes.components.CPU6502 - 136,88,DEY,Implied,Decrement Y Register,1,2,IMP
16:39:06.303 [Test worker] INFO  net.lomibao.nes.components.CPU6502 - 137,89,???,???,???,1,2,IMP
16:39:06.304 [Test worker] INFO  net.lomibao.nes.components.CPU6502 - 138,8A,TXA,Implied,Transfer X to Accumulator,1,2,IMP
16:39:06.304 [Test worker] INFO  net.lomibao.nes.components.CPU6502 - 139,8B,???,???,???,1,2,IMP
16:39:06.304 [Test worker] INFO  net.lomibao.nes.components.CPU6502 - 140,8C,STY,Absolute,Store Y Register,3,4,ABS
16:39:06.304 [Test worker] INFO  net.lomibao.nes.components.CPU6502 - 141,8D,STA,Absolute,Store Accumulator,3,4,ABS
16:39:06.304 [Test worker] INFO  net.lomibao.nes.components.CPU6502 - 142,8E,STX,Absolute,Store X Register,3,4,ABS
16:39:06.304 [Test worker] INFO  net.lomibao.nes.components.CPU6502 - 143,8F,???,???,???,1,4,IMP
16:39:06.304 [Test worker] INFO  net.lomibao.nes.components.CPU6502 - 144,90,BCC,Relative,Branch if Carry Clear,2,2,REL
16:39:06.304 [Test worker] INFO  net.lomibao.nes.components.CPU6502 - 145,91,STA,(Indirect);Y,Store Accumulator,2,6,IZY
16:39:06.304 [Test worker] INFO  net.lomibao.nes.components.CPU6502 - 146,92,???,???,???,1,2,IMP
16:39:06.304 [Test worker] INFO  net.lomibao.nes.components.CPU6502 - 147,93,???,???,???,1,6,IMP
16:39:06.304 [Test worker] INFO  net.lomibao.nes.components.CPU6502 - 148,94,STY,ZeroPage;X,Store Y Register,2,4,ZPX
16:39:06.304 [Test worker] INFO  net.lomibao.nes.components.CPU6502 - 149,95,STA,ZeroPage;X,Store Accumulator,2,4,ZPX
16:39:06.304 [Test worker] INFO  net.lomibao.nes.components.CPU6502 - 150,96,STX,ZeroPage;Y,Store X Register,2,4,ZPY
16:39:06.304 [Test worker] INFO  net.lomibao.nes.components.CPU6502 - 151,97,???,???,???,1,4,IMP
16:39:06.304 [Test worker] INFO  net.lomibao.nes.components.CPU6502 - 152,98,TYA,Implied,Transfer Y to Accumulator,1,2,IMP
16:39:06.304 [Test worker] INFO  net.lomibao.nes.components.CPU6502 - 153,99,STA,Absolute;Y,Store Accumulator,3,5,ABY
16:39:06.304 [Test worker] INFO  net.lomibao.nes.components.CPU6502 - 154,9A,TXS,Implied,Transfer X to Stack Pointer,1,2,IMP
16:39:06.305 [Test worker] INFO  net.lomibao.nes.components.CPU6502 - 155,9B,???,???,???,1,5,IMP
16:39:06.305 [Test worker] INFO  net.lomibao.nes.components.CPU6502 - 156,9C,???,???,???,1,5,IMP
16:39:06.305 [Test worker] INFO  net.lomibao.nes.components.CPU6502 - 157,9D,STA,Absolute;X,Store Accumulator,3,5,ABX
16:39:06.305 [Test worker] INFO  net.lomibao.nes.components.CPU6502 - 158,9E,???,???,???,1,5,IMP
16:39:06.305 [Test worker] INFO  net.lomibao.nes.components.CPU6502 - 159,9F,???,???,???,1,5,IMP
16:39:06.305 [Test worker] INFO  net.lomibao.nes.components.CPU6502 - 160,A0,LDY,Immediate,Load Y Register,2,2,IMM
16:39:06.305 [Test worker] INFO  net.lomibao.nes.components.CPU6502 - 161,A1,LDA,(Indirect;X),Load Accumulator,2,6,IZX
16:39:06.305 [Test worker] INFO  net.lomibao.nes.components.CPU6502 - 162,A2,LDX,Immediate,Load X Register,2,2,IMM
16:39:06.305 [Test worker] INFO  net.lomibao.nes.components.CPU6502 - 163,A3,???,???,???,1,6,IMP
16:39:06.305 [Test worker] INFO  net.lomibao.nes.components.CPU6502 - 164,A4,LDY,ZeroPage,Load Y Register,2,3,ZP0
16:39:06.305 [Test worker] INFO  net.lomibao.nes.components.CPU6502 - 165,A5,LDA,ZeroPage,Load Accumulator,2,3,ZP0
16:39:06.305 [Test worker] INFO  net.lomibao.nes.components.CPU6502 - 166,A6,LDX,ZeroPage,Load X Register,2,3,ZP0
16:39:06.305 [Test worker] INFO  net.lomibao.nes.components.CPU6502 - 167,A7,???,???,???,1,3,IMP
16:39:06.305 [Test worker] INFO  net.lomibao.nes.components.CPU6502 - 168,A8,TAY,Implied,Transfer Accumulator to Y,1,2,IMP
16:39:06.305 [Test worker] INFO  net.lomibao.nes.components.CPU6502 - 169,A9,LDA,Immediate,Load Accumulator,2,2,IMM
16:39:06.305 [Test worker] INFO  net.lomibao.nes.components.CPU6502 - 170,AA,TAX,Implied,Transfer Accumulator to X,1,2,IMP
16:39:06.305 [Test worker] INFO  net.lomibao.nes.components.CPU6502 - 171,AB,???,???,???,1,2,IMP
16:39:06.306 [Test worker] INFO  net.lomibao.nes.components.CPU6502 - 172,AC,LDY,Absolute,Load Y Register,3,4,ABS
16:39:06.306 [Test worker] INFO  net.lomibao.nes.components.CPU6502 - 173,AD,LDA,Absolute,Load Accumulator,3,4,ABS
16:39:06.306 [Test worker] INFO  net.lomibao.nes.components.CPU6502 - 174,AE,LDX,Absolute,Load X Register,3,4,ABS
16:39:06.306 [Test worker] INFO  net.lomibao.nes.components.CPU6502 - 175,AF,???,???,???,1,4,IMP
16:39:06.306 [Test worker] INFO  net.lomibao.nes.components.CPU6502 - 176,B0,BCS,Relative,Branch if Carry Set,2,2,REL
16:39:06.306 [Test worker] INFO  net.lomibao.nes.components.CPU6502 - 177,B1,LDA,(Indirect);Y,Load Accumulator,2,5,IZY
16:39:06.306 [Test worker] INFO  net.lomibao.nes.components.CPU6502 - 178,B2,???,???,???,1,2,IMP
16:39:06.306 [Test worker] INFO  net.lomibao.nes.components.CPU6502 - 179,B3,???,???,???,1,5,IMP
16:39:06.306 [Test worker] INFO  net.lomibao.nes.components.CPU6502 - 180,B4,LDY,ZeroPage;X,Load Y Register,2,4,ZPX
16:39:06.306 [Test worker] INFO  net.lomibao.nes.components.CPU6502 - 181,B5,LDA,ZeroPage;X,Load Accumulator,2,4,ZPX
16:39:06.306 [Test worker] INFO  net.lomibao.nes.components.CPU6502 - 182,B6,LDX,ZeroPage;Y,Load X Register,2,4,ZPY
16:39:06.306 [Test worker] INFO  net.lomibao.nes.components.CPU6502 - 183,B7,???,???,???,1,4,IMP
16:39:06.306 [Test worker] INFO  net.lomibao.nes.components.CPU6502 - 184,B8,CLV,Implied,Clear Overflow Flag,1,2,IMP
16:39:06.306 [Test worker] INFO  net.lomibao.nes.components.CPU6502 - 185,B9,LDA,Absolute;Y,Load Accumulator,3,4,ABY
16:39:06.306 [Test worker] INFO  net.lomibao.nes.components.CPU6502 - 186,BA,TSX,Implied,Transfer Stack Pointer to X,1,2,IMP
16:39:06.306 [Test worker] INFO  net.lomibao.nes.components.CPU6502 - 187,BB,???,???,???,1,4,IMP
16:39:06.306 [Test worker] INFO  net.lomibao.nes.components.CPU6502 - 188,BC,LDY,Absolute;X,Load Y Register,3,4,ABX
16:39:06.306 [Test worker] INFO  net.lomibao.nes.components.CPU6502 - 189,BD,LDA,Absolute;X,Load Accumulator,3,4,ABX
16:39:06.306 [Test worker] INFO  net.lomibao.nes.components.CPU6502 - 190,BE,LDX,Absolute;Y,Load X Register,3,4,ABY
16:39:06.306 [Test worker] INFO  net.lomibao.nes.components.CPU6502 - 191,BF,???,???,???,1,4,IMP
16:39:06.306 [Test worker] INFO  net.lomibao.nes.components.CPU6502 - 192,C0,CPY,Immediate,Compare Y Register,2,2,IMM
16:39:06.306 [Test worker] INFO  net.lomibao.nes.components.CPU6502 - 193,C1,CMP,(Indirect;X),Compare,2,6,IZX
16:39:06.306 [Test worker] INFO  net.lomibao.nes.components.CPU6502 - 194,C2,???,???,???,1,2,IMP
16:39:06.306 [Test worker] INFO  net.lomibao.nes.components.CPU6502 - 195,C3,???,???,???,1,8,IMP
16:39:06.306 [Test worker] INFO  net.lomibao.nes.components.CPU6502 - 196,C4,CPY,ZeroPage,Compare Y Register,2,3,ZP0
16:39:06.306 [Test worker] INFO  net.lomibao.nes.components.CPU6502 - 197,C5,CMP,ZeroPage,Compare,2,3,ZP0
16:39:06.306 [Test worker] INFO  net.lomibao.nes.components.CPU6502 - 198,C6,DEC,ZeroPage,Decrement Memory,2,5,ZP0
16:39:06.306 [Test worker] INFO  net.lomibao.nes.components.CPU6502 - 199,C7,???,???,???,1,5,IMP
16:39:06.306 [Test worker] INFO  net.lomibao.nes.components.CPU6502 - 200,C8,INY,Implied,Increment Y Register,1,2,IMP
16:39:06.306 [Test worker] INFO  net.lomibao.nes.components.CPU6502 - 201,C9,CMP,Immediate,Compare,2,2,IMM
16:39:06.306 [Test worker] INFO  net.lomibao.nes.components.CPU6502 - 202,CA,DEX,Implied,Decrement X Register,1,2,IMP
16:39:06.306 [Test worker] INFO  net.lomibao.nes.components.CPU6502 - 203,CB,???,???,???,1,2,IMP
16:39:06.307 [Test worker] INFO  net.lomibao.nes.components.CPU6502 - 204,CC,CPY,Absolute,Compare Y Register,3,4,ABS
16:39:06.307 [Test worker] INFO  net.lomibao.nes.components.CPU6502 - 205,CD,CMP,Absolute,Compare,3,4,ABS
16:39:06.307 [Test worker] INFO  net.lomibao.nes.components.CPU6502 - 206,CE,DEC,Absolute,Decrement Memory,3,6,ABS
16:39:06.307 [Test worker] INFO  net.lomibao.nes.components.CPU6502 - 207,CF,???,???,???,1,6,IMP
16:39:06.307 [Test worker] INFO  net.lomibao.nes.components.CPU6502 - 208,D0,BNE,Relative,Branch if Not Equal,2,2,REL
16:39:06.307 [Test worker] INFO  net.lomibao.nes.components.CPU6502 - 209,D1,CMP,(Indirect);Y,Compare,2,5,IZY
16:39:06.307 [Test worker] INFO  net.lomibao.nes.components.CPU6502 - 210,D2,???,???,???,1,2,IMP
16:39:06.307 [Test worker] INFO  net.lomibao.nes.components.CPU6502 - 211,D3,???,???,???,1,8,IMP
16:39:06.307 [Test worker] INFO  net.lomibao.nes.components.CPU6502 - 212,D4,???,???,???,1,4,IMP
16:39:06.307 [Test worker] INFO  net.lomibao.nes.components.CPU6502 - 213,D5,CMP,ZeroPage;X,Compare,2,4,ZPX
16:39:06.308 [Test worker] INFO  net.lomibao.nes.components.CPU6502 - 214,D6,DEC,ZeroPage;X,Decrement Memory,2,6,ZPX
16:39:06.308 [Test worker] INFO  net.lomibao.nes.components.CPU6502 - 215,D7,???,???,???,1,6,IMP
16:39:06.308 [Test worker] INFO  net.lomibao.nes.components.CPU6502 - 216,D8,CLD,Implied,Clear Decimal Mode,1,2,IMP
16:39:06.308 [Test worker] INFO  net.lomibao.nes.components.CPU6502 - 217,D9,CMP,Absolute;Y,Compare,3,4,ABY
16:39:06.308 [Test worker] INFO  net.lomibao.nes.components.CPU6502 - 218,DA,NOP,???,???,1,2,IMP
16:39:06.308 [Test worker] INFO  net.lomibao.nes.components.CPU6502 - 219,DB,???,???,???,1,7,IMP
16:39:06.308 [Test worker] INFO  net.lomibao.nes.components.CPU6502 - 220,DC,???,???,???,1,4,IMP
16:39:06.308 [Test worker] INFO  net.lomibao.nes.components.CPU6502 - 221,DD,CMP,Absolute;X,Compare,3,4,ABX
16:39:06.308 [Test worker] INFO  net.lomibao.nes.components.CPU6502 - 222,DE,DEC,Absolute;X,Decrement Memory,3,7,ABX
16:39:06.308 [Test worker] INFO  net.lomibao.nes.components.CPU6502 - 223,DF,???,???,???,1,7,IMP
16:39:06.308 [Test worker] INFO  net.lomibao.nes.components.CPU6502 - 224,E0,CPX,Immediate,Compare X Register,2,2,IMM
16:39:06.308 [Test worker] INFO  net.lomibao.nes.components.CPU6502 - 225,E1,SBC,(Indirect;X),Subtract with Carry,2,6,IZX
16:39:06.309 [Test worker] INFO  net.lomibao.nes.components.CPU6502 - 226,E2,???,???,???,1,2,IMP
16:39:06.309 [Test worker] INFO  net.lomibao.nes.components.CPU6502 - 227,E3,???,???,???,1,8,IMP
16:39:06.309 [Test worker] INFO  net.lomibao.nes.components.CPU6502 - 228,E4,CPX,ZeroPage,Compare X Register,2,3,ZP0
16:39:06.309 [Test worker] INFO  net.lomibao.nes.components.CPU6502 - 229,E5,SBC,ZeroPage,Subtract with Carry,2,3,ZP0
16:39:06.309 [Test worker] INFO  net.lomibao.nes.components.CPU6502 - 230,E6,INC,ZeroPage,Increment Memory,2,5,ZP0
16:39:06.309 [Test worker] INFO  net.lomibao.nes.components.CPU6502 - 231,E7,???,???,???,1,5,IMP
16:39:06.309 [Test worker] INFO  net.lomibao.nes.components.CPU6502 - 232,E8,INX,Implied,Increment X Register,1,2,IMP
16:39:06.309 [Test worker] INFO  net.lomibao.nes.components.CPU6502 - 233,E9,SBC,Immediate,Subtract with Carry,2,2,IMM
16:39:06.309 [Test worker] INFO  net.lomibao.nes.components.CPU6502 - 234,EA,NOP,Implied,No Operation,1,2,IMP
16:39:06.309 [Test worker] INFO  net.lomibao.nes.components.CPU6502 - 235,EB,???,???,???,1,2,IMP
16:39:06.309 [Test worker] INFO  net.lomibao.nes.components.CPU6502 - 236,EC,CPX,Absolute,Compare X Register,3,4,ABS
16:39:06.309 [Test worker] INFO  net.lomibao.nes.components.CPU6502 - 237,ED,SBC,Absolute,Subtract with Carry,3,4,ABS
16:39:06.313 [Test worker] INFO  net.lomibao.nes.components.CPU6502 - 238,EE,INC,Absolute,Increment Memory,3,6,ABS
16:39:06.313 [Test worker] INFO  net.lomibao.nes.components.CPU6502 - 239,EF,???,???,???,1,6,IMP
16:39:06.313 [Test worker] INFO  net.lomibao.nes.components.CPU6502 - 240,F0,BEQ,Relative,Branch if Equal,2,2,REL
16:39:06.313 [Test worker] INFO  net.lomibao.nes.components.CPU6502 - 241,F1,SBC,(Indirect);Y,Subtract with Carry,2,5,IZY
16:39:06.313 [Test worker] INFO  net.lomibao.nes.components.CPU6502 - 242,F2,???,???,???,1,2,IMP
16:39:06.313 [Test worker] INFO  net.lomibao.nes.components.CPU6502 - 243,F3,???,???,???,1,8,IMP
16:39:06.313 [Test worker] INFO  net.lomibao.nes.components.CPU6502 - 244,F4,???,???,???,1,4,IMP
16:39:06.313 [Test worker] INFO  net.lomibao.nes.components.CPU6502 - 245,F5,SBC,ZeroPage;X,Subtract with Carry,2,4,ZPX
16:39:06.313 [Test worker] INFO  net.lomibao.nes.components.CPU6502 - 246,F6,INC,ZeroPage;X,Increment Memory,2,6,ZPX
16:39:06.313 [Test worker] INFO  net.lomibao.nes.components.CPU6502 - 247,F7,???,???,???,1,6,IMP
16:39:06.313 [Test worker] INFO  net.lomibao.nes.components.CPU6502 - 248,F8,SED,Implied,Set Decimal Flag,1,2,IMP
16:39:06.313 [Test worker] INFO  net.lomibao.nes.components.CPU6502 - 249,F9,SBC,Absolute;Y,Subtract with Carry,3,4,ABY
16:39:06.315 [Test worker] INFO  net.lomibao.nes.components.CPU6502 - 250,FA,NOP,???,???,1,2,IMP
16:39:06.315 [Test worker] INFO  net.lomibao.nes.components.CPU6502 - 251,FB,???,???,???,1,7,IMP
16:39:06.315 [Test worker] INFO  net.lomibao.nes.components.CPU6502 - 252,FC,???,???,???,1,4,IMP
16:39:06.315 [Test worker] INFO  net.lomibao.nes.components.CPU6502 - 253,FD,SBC,Absolute;X,Subtract with Carry,3,4,ABX
16:39:06.315 [Test worker] INFO  net.lomibao.nes.components.CPU6502 - 254,FE,INC,Absolute;X,Increment Memory,3,7,ABX
16:39:06.319 [Test worker] INFO  net.lomibao.nes.components.CPU6502 - 255,FF,???,???,???,1,7,IMP
16:39:06.341 [Test worker] INFO  net.lomibao.nes.components.CPU6502 - 0,00,BRK,Implied,Force Interrupt,1,7,IMM
16:39:06.341 [Test worker] INFO  net.lomibao.nes.components.CPU6502 - 1,01,ORA,(Indirect;X),Logical Inclusive OR,2,6,IZX
16:39:06.341 [Test worker] INFO  net.lomibao.nes.components.CPU6502 - 2,02,???,???,???,1,2,IMP
16:39:06.341 [Test worker] INFO  net.lomibao.nes.components.CPU6502 - 3,03,???,???,???,1,8,IMP
16:39:06.341 [Test worker] INFO  net.lomibao.nes.components.CPU6502 - 4,04,???,???,???,1,3,IMP
16:39:06.341 [Test worker] INFO  net.lomibao.nes.components.CPU6502 - 5,05,ORA,ZeroPage,Logical Inclusive OR,2,3,ZP0
16:39:06.341 [Test worker] INFO  net.lomibao.nes.components.CPU6502 - 6,06,ASL,ZeroPage,Arithmetic Shift Left,2,5,ZP0
16:39:06.341 [Test worker] INFO  net.lomibao.nes.components.CPU6502 - 7,07,???,???,???,1,5,IMP
16:39:06.341 [Test worker] INFO  net.lomibao.nes.components.CPU6502 - 8,08,PHP,Implied,Push Processor Status,1,3,IMP
16:39:06.341 [Test worker] INFO  net.lomibao.nes.components.CPU6502 - 9,09,ORA,Immediate,Logical Inclusive OR,2,2,IMM
16:39:06.341 [Test worker] INFO  net.lomibao.nes.components.CPU6502 - 10,0A,ASL,Accumulator,Arithmetic Shift Left,1,2,IMP
16:39:06.341 [Test worker] INFO  net.lomibao.nes.components.CPU6502 - 11,0B,???,???,???,1,2,IMP
16:39:06.341 [Test worker] INFO  net.lomibao.nes.components.CPU6502 - 12,0C,???,???,???,1,4,IMP
16:39:06.341 [Test worker] INFO  net.lomibao.nes.components.CPU6502 - 13,0D,ORA,Absolute,Logical Inclusive OR,3,4,ABS
16:39:06.341 [Test worker] INFO  net.lomibao.nes.components.CPU6502 - 14,0E,ASL,Absolute,Arithmetic Shift Left,3,6,ABS
16:39:06.341 [Test worker] INFO  net.lomibao.nes.components.CPU6502 - 15,0F,???,???,???,1,6,IMP
16:39:06.341 [Test worker] INFO  net.lomibao.nes.components.CPU6502 - 16,10,BPL,Relative,Branch if Positive,2,2,REL
16:39:06.341 [Test worker] INFO  net.lomibao.nes.components.CPU6502 - 17,11,ORA,(Indirect);Y,Logical Inclusive OR,2,5,IZY
16:39:06.341 [Test worker] INFO  net.lomibao.nes.components.CPU6502 - 18,12,???,???,???,1,2,IMP
16:39:06.341 [Test worker] INFO  net.lomibao.nes.components.CPU6502 - 19,13,???,???,???,1,8,IMP
16:39:06.341 [Test worker] INFO  net.lomibao.nes.components.CPU6502 - 20,14,???,???,???,1,4,IMP
16:39:06.341 [Test worker] INFO  net.lomibao.nes.components.CPU6502 - 21,15,ORA,ZeroPage;X,Logical Inclusive OR,2,4,ZPX
16:39:06.341 [Test worker] INFO  net.lomibao.nes.components.CPU6502 - 22,16,ASL,ZeroPage;X,Arithmetic Shift Left,2,6,ZPX
16:39:06.341 [Test worker] INFO  net.lomibao.nes.components.CPU6502 - 23,17,???,???,???,1,6,IMP
16:39:06.341 [Test worker] INFO  net.lomibao.nes.components.CPU6502 - 24,18,CLC,Implied,Clear Carry Flag,1,2,IMP
16:39:06.341 [Test worker] INFO  net.lomibao.nes.components.CPU6502 - 25,19,ORA,Absolute;Y,Logical Inclusive OR,3,4,ABY
16:39:06.343 [Test worker] INFO  net.lomibao.nes.components.CPU6502 - 26,1A,???,???,???,1,2,IMP
16:39:06.343 [Test worker] INFO  net.lomibao.nes.components.CPU6502 - 27,1B,???,???,???,1,7,IMP
16:39:06.343 [Test worker] INFO  net.lomibao.nes.components.CPU6502 - 28,1C,???,???,???,1,4,IMP
16:39:06.343 [Test worker] INFO  net.lomibao.nes.components.CPU6502 - 29,1D,ORA,Absolute;X,Logical Inclusive OR,3,4,ABX
16:39:06.343 [Test worker] INFO  net.lomibao.nes.components.CPU6502 - 30,1E,ASL,Absolute;X,Arithmetic Shift Left,3,7,ABX
16:39:06.343 [Test worker] INFO  net.lomibao.nes.components.CPU6502 - 31,1F,???,???,???,1,7,IMP
16:39:06.343 [Test worker] INFO  net.lomibao.nes.components.CPU6502 - 32,20,JSR,Absolute,Jump to Subroutine,3,6,ABS
16:39:06.343 [Test worker] INFO  net.lomibao.nes.components.CPU6502 - 33,21,AND,(Indirect;X),Logical AND,2,6,IZX
16:39:06.343 [Test worker] INFO  net.lomibao.nes.components.CPU6502 - 34,22,???,???,???,1,2,IMP
16:39:06.343 [Test worker] INFO  net.lomibao.nes.components.CPU6502 - 35,23,???,???,???,1,8,IMP
16:39:06.343 [Test worker] INFO  net.lomibao.nes.components.CPU6502 - 36,24,BIT,ZeroPage,Bit Test,2,3,ZP0
16:39:06.343 [Test worker] INFO  net.lomibao.nes.components.CPU6502 - 37,25,AND,ZeroPage,Logical AND,2,3,ZP0
16:39:06.343 [Test worker] INFO  net.lomibao.nes.components.CPU6502 - 38,26,ROL,ZeroPage,Rotate Left,2,5,ZP0
16:39:06.343 [Test worker] INFO  net.lomibao.nes.components.CPU6502 - 39,27,???,???,???,1,5,IMP
16:39:06.343 [Test worker] INFO  net.lomibao.nes.components.CPU6502 - 40,28,PLP,Implied,Pull Processor Status,1,4,IMP
16:39:06.343 [Test worker] INFO  net.lomibao.nes.components.CPU6502 - 41,29,AND,Immediate,Logical AND,2,2,IMM
16:39:06.343 [Test worker] INFO  net.lomibao.nes.components.CPU6502 - 42,2A,ROL,Accumulator,Rotate Left,1,2,IMP
16:39:06.343 [Test worker] INFO  net.lomibao.nes.components.CPU6502 - 43,2B,???,???,???,1,2,IMP
16:39:06.344 [Test worker] INFO  net.lomibao.nes.components.CPU6502 - 44,2C,BIT,Absolute,Bit Test,3,4,ABS
16:39:06.344 [Test worker] INFO  net.lomibao.nes.components.CPU6502 - 45,2D,AND,Absolute,Logical AND,3,4,ABS
16:39:06.344 [Test worker] INFO  net.lomibao.nes.components.CPU6502 - 46,2E,ROL,Absolute,Rotate Left,3,6,ABS
16:39:06.344 [Test worker] INFO  net.lomibao.nes.components.CPU6502 - 47,2F,???,???,???,1,6,IMP
16:39:06.344 [Test worker] INFO  net.lomibao.nes.components.CPU6502 - 48,30,BMI,Relative,Branch if Minus,2,2,REL
16:39:06.344 [Test worker] INFO  net.lomibao.nes.components.CPU6502 - 49,31,AND,(Indirect);Y,Logical AND,2,5,IZY
16:39:06.344 [Test worker] INFO  net.lomibao.nes.components.CPU6502 - 50,32,???,???,???,1,2,IMP
16:39:06.344 [Test worker] INFO  net.lomibao.nes.components.CPU6502 - 51,33,???,???,???,1,8,IMP
16:39:06.344 [Test worker] INFO  net.lomibao.nes.components.CPU6502 - 52,34,???,???,???,1,4,IMP
16:39:06.344 [Test worker] INFO  net.lomibao.nes.components.CPU6502 - 53,35,AND,ZeroPage;X,Logical AND,2,4,ZPX
16:39:06.344 [Test worker] INFO  net.lomibao.nes.components.CPU6502 - 54,36,ROL,ZeroPage;X,Rotate Left,2,6,ZPX
16:39:06.344 [Test worker] INFO  net.lomibao.nes.components.CPU6502 - 55,37,???,???,???,1,6,IMP
16:39:06.344 [Test worker] INFO  net.lomibao.nes.components.CPU6502 - 56,38,SEC,Implied,Set Carry Flag,1,2,IMP
16:39:06.345 [Test worker] INFO  net.lomibao.nes.components.CPU6502 - 57,39,AND,Absolute;Y,Logical AND,3,4,ABY
16:39:06.345 [Test worker] INFO  net.lomibao.nes.components.CPU6502 - 58,3A,???,???,???,1,2,IMP
16:39:06.345 [Test worker] INFO  net.lomibao.nes.components.CPU6502 - 59,3B,???,???,???,1,7,IMP
16:39:06.345 [Test worker] INFO  net.lomibao.nes.components.CPU6502 - 60,3C,???,???,???,1,4,IMP
16:39:06.345 [Test worker] INFO  net.lomibao.nes.components.CPU6502 - 61,3D,AND,Absolute;X,Logical AND,3,4,ABX
16:39:06.345 [Test worker] INFO  net.lomibao.nes.components.CPU6502 - 62,3E,ROL,Absolute;X,Rotate Left,3,7,ABX
16:39:06.345 [Test worker] INFO  net.lomibao.nes.components.CPU6502 - 63,3F,???,???,???,1,7,IMP
16:39:06.345 [Test worker] INFO  net.lomibao.nes.components.CPU6502 - 64,40,RTI,Implied,Return from Interrupt,1,6,IMP
16:39:06.345 [Test worker] INFO  net.lomibao.nes.components.CPU6502 - 65,41,EOR,(Indirect;X),Exclusive OR,2,6,IZX
16:39:06.345 [Test worker] INFO  net.lomibao.nes.components.CPU6502 - 66,42,???,???,???,1,2,IMP
16:39:06.345 [Test worker] INFO  net.lomibao.nes.components.CPU6502 - 67,43,???,???,???,1,8,IMP
16:39:06.345 [Test worker] INFO  net.lomibao.nes.components.CPU6502 - 68,44,???,???,???,1,3,IMP
16:39:06.345 [Test worker] INFO  net.lomibao.nes.components.CPU6502 - 69,45,EOR,ZeroPage,Exclusive OR,2,3,ZP0
16:39:06.345 [Test worker] INFO  net.lomibao.nes.components.CPU6502 - 70,46,LSR,ZeroPage,Logical Shift Right,2,5,ZP0
16:39:06.345 [Test worker] INFO  net.lomibao.nes.components.CPU6502 - 71,47,???,???,???,1,5,IMP
16:39:06.345 [Test worker] INFO  net.lomibao.nes.components.CPU6502 - 72,48,PHA,Implied,Push Accumulator,1,3,IMP
16:39:06.345 [Test worker] INFO  net.lomibao.nes.components.CPU6502 - 73,49,EOR,Immediate,Exclusive OR,2,2,IMM
16:39:06.345 [Test worker] INFO  net.lomibao.nes.components.CPU6502 - 74,4A,LSR,Accumulator,Logical Shift Right,1,2,IMP
16:39:06.345 [Test worker] INFO  net.lomibao.nes.components.CPU6502 - 75,4B,???,???,???,1,2,IMP
16:39:06.345 [Test worker] INFO  net.lomibao.nes.components.CPU6502 - 76,4C,JMP,Absolute,Jump,3,3,ABS
16:39:06.345 [Test worker] INFO  net.lomibao.nes.components.CPU6502 - 77,4D,EOR,Absolute,Exclusive OR,3,4,ABS
16:39:06.345 [Test worker] INFO  net.lomibao.nes.components.CPU6502 - 78,4E,LSR,Absolute,Logical Shift Right,3,6,ABS
16:39:06.345 [Test worker] INFO  net.lomibao.nes.components.CPU6502 - 79,4F,???,???,???,1,6,IMP
16:39:06.346 [Test worker] INFO  net.lomibao.nes.components.CPU6502 - 80,50,BVC,Relative,Branch if Overflow Clear,2,2,REL
16:39:06.346 [Test worker] INFO  net.lomibao.nes.components.CPU6502 - 81,51,EOR,(Indirect);Y,Exclusive OR,2,5,IZY
16:39:06.346 [Test worker] INFO  net.lomibao.nes.components.CPU6502 - 82,52,???,???,???,1,2,IMP
16:39:06.346 [Test worker] INFO  net.lomibao.nes.components.CPU6502 - 83,53,???,???,???,1,8,IMP
16:39:06.346 [Test worker] INFO  net.lomibao.nes.components.CPU6502 - 84,54,???,???,???,1,4,IMP
16:39:06.346 [Test worker] INFO  net.lomibao.nes.components.CPU6502 - 85,55,EOR,ZeroPage;X,Exclusive OR,2,4,ZPX
16:39:06.346 [Test worker] INFO  net.lomibao.nes.components.CPU6502 - 86,56,LSR,ZeroPage;X,Logical Shift Right,2,6,ZPX
16:39:06.346 [Test worker] INFO  net.lomibao.nes.components.CPU6502 - 87,57,???,???,???,1,6,IMP
16:39:06.346 [Test worker] INFO  net.lomibao.nes.components.CPU6502 - 88,58,CLI,Implied,Clear Interrupt Disable,1,2,IMP
16:39:06.347 [Test worker] INFO  net.lomibao.nes.components.CPU6502 - 89,59,EOR,Absolute;Y,Exclusive OR,3,4,ABY
16:39:06.347 [Test worker] INFO  net.lomibao.nes.components.CPU6502 - 90,5A,???,???,???,1,2,IMP
16:39:06.347 [Test worker] INFO  net.lomibao.nes.components.CPU6502 - 91,5B,???,???,???,1,7,IMP
16:39:06.347 [Test worker] INFO  net.lomibao.nes.components.CPU6502 - 92,5C,???,???,???,1,4,IMP
16:39:06.347 [Test worker] INFO  net.lomibao.nes.components.CPU6502 - 93,5D,EOR,Absolute;X,Exclusive OR,3,4,ABX
16:39:06.347 [Test worker] INFO  net.lomibao.nes.components.CPU6502 - 94,5E,LSR,Absolute;X,Logical Shift Right,3,7,ABX
16:39:06.347 [Test worker] INFO  net.lomibao.nes.components.CPU6502 - 95,5F,???,???,???,1,7,IMP
16:39:06.347 [Test worker] INFO  net.lomibao.nes.components.CPU6502 - 96,60,RTS,Implied,Return from Subroutine,1,6,IMP
16:39:06.347 [Test worker] INFO  net.lomibao.nes.components.CPU6502 - 97,61,ADC,(Indirect;X),Add with Carry,2,6,IZX
16:39:06.347 [Test worker] INFO  net.lomibao.nes.components.CPU6502 - 98,62,???,???,???,1,2,IMP
16:39:06.347 [Test worker] INFO  net.lomibao.nes.components.CPU6502 - 99,63,???,???,???,1,8,IMP
16:39:06.347 [Test worker] INFO  net.lomibao.nes.components.CPU6502 - 100,64,???,???,???,1,3,IMP
16:39:06.347 [Test worker] INFO  net.lomibao.nes.components.CPU6502 - 101,65,ADC,ZeroPage,Add with Carry,2,3,ZP0
16:39:06.347 [Test worker] INFO  net.lomibao.nes.components.CPU6502 - 102,66,ROR,ZeroPage,Rotate Right,2,5,ZP0
16:39:06.347 [Test worker] INFO  net.lomibao.nes.components.CPU6502 - 103,67,???,???,???,1,5,IMP
16:39:06.347 [Test worker] INFO  net.lomibao.nes.components.CPU6502 - 104,68,PLA,Implied,Pull Accumulator,1,4,IMP
16:39:06.347 [Test worker] INFO  net.lomibao.nes.components.CPU6502 - 105,69,ADC,Immediate,Add with Carry,2,2,IMM
16:39:06.347 [Test worker] INFO  net.lomibao.nes.components.CPU6502 - 106,6A,ROR,Accumulator,Rotate Right,1,2,IMP
16:39:06.347 [Test worker] INFO  net.lomibao.nes.components.CPU6502 - 107,6B,???,???,???,1,2,IMP
16:39:06.347 [Test worker] INFO  net.lomibao.nes.components.CPU6502 - 108,6C,JMP,Indirect ,Jump,3,5,IND
16:39:06.347 [Test worker] INFO  net.lomibao.nes.components.CPU6502 - 109,6D,ADC,Absolute,Add with Carry,3,4,ABS
16:39:06.347 [Test worker] INFO  net.lomibao.nes.components.CPU6502 - 110,6E,ROR,Absolute,Rotate Right,3,6,ABS
16:39:06.347 [Test worker] INFO  net.lomibao.nes.components.CPU6502 - 111,6F,???,???,???,1,6,IMP
16:39:06.347 [Test worker] INFO  net.lomibao.nes.components.CPU6502 - 112,70,BVS,Relative,Branch if Overflow Set,2,2,REL
16:39:06.347 [Test worker] INFO  net.lomibao.nes.components.CPU6502 - 113,71,ADC,(Indirect);Y,Add with Carry,2,5,IZY
16:39:06.347 [Test worker] INFO  net.lomibao.nes.components.CPU6502 - 114,72,???,???,???,1,2,IMP
16:39:06.347 [Test worker] INFO  net.lomibao.nes.components.CPU6502 - 115,73,???,???,???,1,8,IMP
16:39:06.347 [Test worker] INFO  net.lomibao.nes.components.CPU6502 - 116,74,???,???,???,1,4,IMP
16:39:06.347 [Test worker] INFO  net.lomibao.nes.components.CPU6502 - 117,75,ADC,ZeroPage;X,Add with Carry,2,4,ZPX
16:39:06.347 [Test worker] INFO  net.lomibao.nes.components.CPU6502 - 118,76,ROR,ZeroPage;X,Rotate Right,2,6,ZPX
16:39:06.347 [Test worker] INFO  net.lomibao.nes.components.CPU6502 - 119,77,???,???,???,1,6,IMP
16:39:06.347 [Test worker] INFO  net.lomibao.nes.components.CPU6502 - 120,78,SEI,Implied,Set Interrupt Disable,1,2,IMP
16:39:06.347 [Test worker] INFO  net.lomibao.nes.components.CPU6502 - 121,79,ADC,Absolute;Y,Add with Carry,3,4,ABY
16:39:06.347 [Test worker] INFO  net.lomibao.nes.components.CPU6502 - 122,7A,???,???,???,1,2,IMP
16:39:06.347 [Test worker] INFO  net.lomibao.nes.components.CPU6502 - 123,7B,???,???,???,1,7,IMP
16:39:06.347 [Test worker] INFO  net.lomibao.nes.components.CPU6502 - 124,7C,???,???,???,1,4,IMP
16:39:06.347 [Test worker] INFO  net.lomibao.nes.components.CPU6502 - 125,7D,ADC,Absolute;X,Add with Carry,3,4,ABX
16:39:06.348 [Test worker] INFO  net.lomibao.nes.components.CPU6502 - 126,7E,ROR,Absolute;X,Rotate Right,3,7,ABX
16:39:06.348 [Test worker] INFO  net.lomibao.nes.components.CPU6502 - 127,7F,???,???,???,1,7,IMP
16:39:06.348 [Test worker] INFO  net.lomibao.nes.components.CPU6502 - 128,80,???,???,???,1,2,IMP
16:39:06.348 [Test worker] INFO  net.lomibao.nes.components.CPU6502 - 129,81,STA,(Indirect;X),Store Accumulator,2,6,IZX
16:39:06.348 [Test worker] INFO  net.lomibao.nes.components.CPU6502 - 130,82,???,???,???,1,2,IMP
16:39:06.348 [Test worker] INFO  net.lomibao.nes.components.CPU6502 - 131,83,???,???,???,1,6,IMP
16:39:06.348 [Test worker] INFO  net.lomibao.nes.components.CPU6502 - 132,84,STY,ZeroPage,Store Y Register,2,3,ZP0
16:39:06.348 [Test worker] INFO  net.lomibao.nes.components.CPU6502 - 133,85,STA,ZeroPage,Store Accumulator,2,3,ZP0
16:39:06.349 [Test worker] INFO  net.lomibao.nes.components.CPU6502 - 134,86,STX,ZeroPage,Store X Register,2,3,ZP0
16:39:06.349 [Test worker] INFO  net.lomibao.nes.components.CPU6502 - 135,87,???,???,???,1,3,IMP
16:39:06.349 [Test worker] INFO  net.lomibao.nes.components.CPU6502 - 136,88,DEY,Implied,Decrement Y Register,1,2,IMP
16:39:06.349 [Test worker] INFO  net.lomibao.nes.components.CPU6502 - 137,89,???,???,???,1,2,IMP
16:39:06.349 [Test worker] INFO  net.lomibao.nes.components.CPU6502 - 138,8A,TXA,Implied,Transfer X to Accumulator,1,2,IMP
16:39:06.349 [Test worker] INFO  net.lomibao.nes.components.CPU6502 - 139,8B,???,???,???,1,2,IMP
16:39:06.349 [Test worker] INFO  net.lomibao.nes.components.CPU6502 - 140,8C,STY,Absolute,Store Y Register,3,4,ABS
16:39:06.350 [Test worker] INFO  net.lomibao.nes.components.CPU6502 - 141,8D,STA,Absolute,Store Accumulator,3,4,ABS
16:39:06.350 [Test worker] INFO  net.lomibao.nes.components.CPU6502 - 142,8E,STX,Absolute,Store X Register,3,4,ABS
16:39:06.350 [Test worker] INFO  net.lomibao.nes.components.CPU6502 - 143,8F,???,???,???,1,4,IMP
16:39:06.350 [Test worker] INFO  net.lomibao.nes.components.CPU6502 - 144,90,BCC,Relative,Branch if Carry Clear,2,2,REL
16:39:06.350 [Test worker] INFO  net.lomibao.nes.components.CPU6502 - 145,91,STA,(Indirect);Y,Store Accumulator,2,6,IZY
16:39:06.350 [Test worker] INFO  net.lomibao.nes.components.CPU6502 - 146,92,???,???,???,1,2,IMP
16:39:06.350 [Test worker] INFO  net.lomibao.nes.components.CPU6502 - 147,93,???,???,???,1,6,IMP
16:39:06.350 [Test worker] INFO  net.lomibao.nes.components.CPU6502 - 148,94,STY,ZeroPage;X,Store Y Register,2,4,ZPX
16:39:06.350 [Test worker] INFO  net.lomibao.nes.components.CPU6502 - 149,95,STA,ZeroPage;X,Store Accumulator,2,4,ZPX
16:39:06.350 [Test worker] INFO  net.lomibao.nes.components.CPU6502 - 150,96,STX,ZeroPage;Y,Store X Register,2,4,ZPY
16:39:06.350 [Test worker] INFO  net.lomibao.nes.components.CPU6502 - 151,97,???,???,???,1,4,IMP
16:39:06.350 [Test worker] INFO  net.lomibao.nes.components.CPU6502 - 152,98,TYA,Implied,Transfer Y to Accumulator,1,2,IMP
16:39:06.350 [Test worker] INFO  net.lomibao.nes.components.CPU6502 - 153,99,STA,Absolute;Y,Store Accumulator,3,5,ABY
16:39:06.350 [Test worker] INFO  net.lomibao.nes.components.CPU6502 - 154,9A,TXS,Implied,Transfer X to Stack Pointer,1,2,IMP
16:39:06.350 [Test worker] INFO  net.lomibao.nes.components.CPU6502 - 155,9B,???,???,???,1,5,IMP
16:39:06.350 [Test worker] INFO  net.lomibao.nes.components.CPU6502 - 156,9C,???,???,???,1,5,IMP
16:39:06.350 [Test worker] INFO  net.lomibao.nes.components.CPU6502 - 157,9D,STA,Absolute;X,Store Accumulator,3,5,ABX
16:39:06.350 [Test worker] INFO  net.lomibao.nes.components.CPU6502 - 158,9E,???,???,???,1,5,IMP
16:39:06.350 [Test worker] INFO  net.lomibao.nes.components.CPU6502 - 159,9F,???,???,???,1,5,IMP
16:39:06.350 [Test worker] INFO  net.lomibao.nes.components.CPU6502 - 160,A0,LDY,Immediate,Load Y Register,2,2,IMM
16:39:06.351 [Test worker] INFO  net.lomibao.nes.components.CPU6502 - 161,A1,LDA,(Indirect;X),Load Accumulator,2,6,IZX
16:39:06.351 [Test worker] INFO  net.lomibao.nes.components.CPU6502 - 162,A2,LDX,Immediate,Load X Register,2,2,IMM
16:39:06.351 [Test worker] INFO  net.lomibao.nes.components.CPU6502 - 163,A3,???,???,???,1,6,IMP
16:39:06.351 [Test worker] INFO  net.lomibao.nes.components.CPU6502 - 164,A4,LDY,ZeroPage,Load Y Register,2,3,ZP0
16:39:06.351 [Test worker] INFO  net.lomibao.nes.components.CPU6502 - 165,A5,LDA,ZeroPage,Load Accumulator,2,3,ZP0
16:39:06.351 [Test worker] INFO  net.lomibao.nes.components.CPU6502 - 166,A6,LDX,ZeroPage,Load X Register,2,3,ZP0
16:39:06.351 [Test worker] INFO  net.lomibao.nes.components.CPU6502 - 167,A7,???,???,???,1,3,IMP
16:39:06.351 [Test worker] INFO  net.lomibao.nes.components.CPU6502 - 168,A8,TAY,Implied,Transfer Accumulator to Y,1,2,IMP
16:39:06.351 [Test worker] INFO  net.lomibao.nes.components.CPU6502 - 169,A9,LDA,Immediate,Load Accumulator,2,2,IMM
16:39:06.351 [Test worker] INFO  net.lomibao.nes.components.CPU6502 - 170,AA,TAX,Implied,Transfer Accumulator to X,1,2,IMP
16:39:06.352 [Test worker] INFO  net.lomibao.nes.components.CPU6502 - 171,AB,???,???,???,1,2,IMP
16:39:06.352 [Test worker] INFO  net.lomibao.nes.components.CPU6502 - 172,AC,LDY,Absolute,Load Y Register,3,4,ABS
16:39:06.352 [Test worker] INFO  net.lomibao.nes.components.CPU6502 - 173,AD,LDA,Absolute,Load Accumulator,3,4,ABS
16:39:06.352 [Test worker] INFO  net.lomibao.nes.components.CPU6502 - 174,AE,LDX,Absolute,Load X Register,3,4,ABS
16:39:06.352 [Test worker] INFO  net.lomibao.nes.components.CPU6502 - 175,AF,???,???,???,1,4,IMP
16:39:06.352 [Test worker] INFO  net.lomibao.nes.components.CPU6502 - 176,B0,BCS,Relative,Branch if Carry Set,2,2,REL
16:39:06.352 [Test worker] INFO  net.lomibao.nes.components.CPU6502 - 177,B1,LDA,(Indirect);Y,Load Accumulator,2,5,IZY
16:39:06.352 [Test worker] INFO  net.lomibao.nes.components.CPU6502 - 178,B2,???,???,???,1,2,IMP
16:39:06.352 [Test worker] INFO  net.lomibao.nes.components.CPU6502 - 179,B3,???,???,???,1,5,IMP
16:39:06.353 [Test worker] INFO  net.lomibao.nes.components.CPU6502 - 180,B4,LDY,ZeroPage;X,Load Y Register,2,4,ZPX
16:39:06.353 [Test worker] INFO  net.lomibao.nes.components.CPU6502 - 181,B5,LDA,ZeroPage;X,Load Accumulator,2,4,ZPX
16:39:06.353 [Test worker] INFO  net.lomibao.nes.components.CPU6502 - 182,B6,LDX,ZeroPage;Y,Load X Register,2,4,ZPY
16:39:06.353 [Test worker] INFO  net.lomibao.nes.components.CPU6502 - 183,B7,???,???,???,1,4,IMP
16:39:06.353 [Test worker] INFO  net.lomibao.nes.components.CPU6502 - 184,B8,CLV,Implied,Clear Overflow Flag,1,2,IMP
16:39:06.353 [Test worker] INFO  net.lomibao.nes.components.CPU6502 - 185,B9,LDA,Absolute;Y,Load Accumulator,3,4,ABY
16:39:06.353 [Test worker] INFO  net.lomibao.nes.components.CPU6502 - 186,BA,TSX,Implied,Transfer Stack Pointer to X,1,2,IMP
16:39:06.353 [Test worker] INFO  net.lomibao.nes.components.CPU6502 - 187,BB,???,???,???,1,4,IMP
16:39:06.353 [Test worker] INFO  net.lomibao.nes.components.CPU6502 - 188,BC,LDY,Absolute;X,Load Y Register,3,4,ABX
16:39:06.353 [Test worker] INFO  net.lomibao.nes.components.CPU6502 - 189,BD,LDA,Absolute;X,Load Accumulator,3,4,ABX
16:39:06.353 [Test worker] INFO  net.lomibao.nes.components.CPU6502 - 190,BE,LDX,Absolute;Y,Load X Register,3,4,ABY
16:39:06.353 [Test worker] INFO  net.lomibao.nes.components.CPU6502 - 191,BF,???,???,???,1,4,IMP
16:39:06.353 [Test worker] INFO  net.lomibao.nes.components.CPU6502 - 192,C0,CPY,Immediate,Compare Y Register,2,2,IMM
16:39:06.353 [Test worker] INFO  net.lomibao.nes.components.CPU6502 - 193,C1,CMP,(Indirect;X),Compare,2,6,IZX
16:39:06.353 [Test worker] INFO  net.lomibao.nes.components.CPU6502 - 194,C2,???,???,???,1,2,IMP
16:39:06.353 [Test worker] INFO  net.lomibao.nes.components.CPU6502 - 195,C3,???,???,???,1,8,IMP
16:39:06.353 [Test worker] INFO  net.lomibao.nes.components.CPU6502 - 196,C4,CPY,ZeroPage,Compare Y Register,2,3,ZP0
16:39:06.353 [Test worker] INFO  net.lomibao.nes.components.CPU6502 - 197,C5,CMP,ZeroPage,Compare,2,3,ZP0
16:39:06.353 [Test worker] INFO  net.lomibao.nes.components.CPU6502 - 198,C6,DEC,ZeroPage,Decrement Memory,2,5,ZP0
16:39:06.353 [Test worker] INFO  net.lomibao.nes.components.CPU6502 - 199,C7,???,???,???,1,5,IMP
16:39:06.353 [Test worker] INFO  net.lomibao.nes.components.CPU6502 - 200,C8,INY,Implied,Increment Y Register,1,2,IMP
16:39:06.353 [Test worker] INFO  net.lomibao.nes.components.CPU6502 - 201,C9,CMP,Immediate,Compare,2,2,IMM
16:39:06.353 [Test worker] INFO  net.lomibao.nes.components.CPU6502 - 202,CA,DEX,Implied,Decrement X Register,1,2,IMP
16:39:06.353 [Test worker] INFO  net.lomibao.nes.components.CPU6502 - 203,CB,???,???,???,1,2,IMP
16:39:06.353 [Test worker] INFO  net.lomibao.nes.components.CPU6502 - 204,CC,CPY,Absolute,Compare Y Register,3,4,ABS
16:39:06.353 [Test worker] INFO  net.lomibao.nes.components.CPU6502 - 205,CD,CMP,Absolute,Compare,3,4,ABS
16:39:06.354 [Test worker] INFO  net.lomibao.nes.components.CPU6502 - 206,CE,DEC,Absolute,Decrement Memory,3,6,ABS
16:39:06.354 [Test worker] INFO  net.lomibao.nes.components.CPU6502 - 207,CF,???,???,???,1,6,IMP
16:39:06.354 [Test worker] INFO  net.lomibao.nes.components.CPU6502 - 208,D0,BNE,Relative,Branch if Not Equal,2,2,REL
16:39:06.354 [Test worker] INFO  net.lomibao.nes.components.CPU6502 - 209,D1,CMP,(Indirect);Y,Compare,2,5,IZY
16:39:06.354 [Test worker] INFO  net.lomibao.nes.components.CPU6502 - 210,D2,???,???,???,1,2,IMP
16:39:06.354 [Test worker] INFO  net.lomibao.nes.components.CPU6502 - 211,D3,???,???,???,1,8,IMP
16:39:06.354 [Test worker] INFO  net.lomibao.nes.components.CPU6502 - 212,D4,???,???,???,1,4,IMP
16:39:06.354 [Test worker] INFO  net.lomibao.nes.components.CPU6502 - 213,D5,CMP,ZeroPage;X,Compare,2,4,ZPX
16:39:06.354 [Test worker] INFO  net.lomibao.nes.components.CPU6502 - 214,D6,DEC,ZeroPage;X,Decrement Memory,2,6,ZPX
16:39:06.354 [Test worker] INFO  net.lomibao.nes.components.CPU6502 - 215,D7,???,???,???,1,6,IMP
16:39:06.354 [Test worker] INFO  net.lomibao.nes.components.CPU6502 - 216,D8,CLD,Implied,Clear Decimal Mode,1,2,IMP
16:39:06.354 [Test worker] INFO  net.lomibao.nes.components.CPU6502 - 217,D9,CMP,Absolute;Y,Compare,3,4,ABY
16:39:06.354 [Test worker] INFO  net.lomibao.nes.components.CPU6502 - 218,DA,NOP,???,???,1,2,IMP
16:39:06.354 [Test worker] INFO  net.lomibao.nes.components.CPU6502 - 219,DB,???,???,???,1,7,IMP
16:39:06.354 [Test worker] INFO  net.lomibao.nes.components.CPU6502 - 220,DC,???,???,???,1,4,IMP
16:39:06.354 [Test worker] INFO  net.lomibao.nes.components.CPU6502 - 221,DD,CMP,Absolute;X,Compare,3,4,ABX
16:39:06.354 [Test worker] INFO  net.lomibao.nes.components.CPU6502 - 222,DE,DEC,Absolute;X,Decrement Memory,3,7,ABX
16:39:06.354 [Test worker] INFO  net.lomibao.nes.components.CPU6502 - 223,DF,???,???,???,1,7,IMP
16:39:06.354 [Test worker] INFO  net.lomibao.nes.components.CPU6502 - 224,E0,CPX,Immediate,Compare X Register,2,2,IMM
16:39:06.354 [Test worker] INFO  net.lomibao.nes.components.CPU6502 - 225,E1,SBC,(Indirect;X),Subtract with Carry,2,6,IZX
16:39:06.354 [Test worker] INFO  net.lomibao.nes.components.CPU6502 - 226,E2,???,???,???,1,2,IMP
16:39:06.354 [Test worker] INFO  net.lomibao.nes.components.CPU6502 - 227,E3,???,???,???,1,8,IMP
16:39:06.354 [Test worker] INFO  net.lomibao.nes.components.CPU6502 - 228,E4,CPX,ZeroPage,Compare X Register,2,3,ZP0
16:39:06.354 [Test worker] INFO  net.lomibao.nes.components.CPU6502 - 229,E5,SBC,ZeroPage,Subtract with Carry,2,3,ZP0
16:39:06.355 [Test worker] INFO  net.lomibao.nes.components.CPU6502 - 230,E6,INC,ZeroPage,Increment Memory,2,5,ZP0
16:39:06.355 [Test worker] INFO  net.lomibao.nes.components.CPU6502 - 231,E7,???,???,???,1,5,IMP
16:39:06.355 [Test worker] INFO  net.lomibao.nes.components.CPU6502 - 232,E8,INX,Implied,Increment X Register,1,2,IMP
16:39:06.355 [Test worker] INFO  net.lomibao.nes.components.CPU6502 - 233,E9,SBC,Immediate,Subtract with Carry,2,2,IMM
16:39:06.355 [Test worker] INFO  net.lomibao.nes.components.CPU6502 - 234,EA,NOP,Implied,No Operation,1,2,IMP
16:39:06.355 [Test worker] INFO  net.lomibao.nes.components.CPU6502 - 235,EB,???,???,???,1,2,IMP
16:39:06.355 [Test worker] INFO  net.lomibao.nes.components.CPU6502 - 236,EC,CPX,Absolute,Compare X Register,3,4,ABS
16:39:06.355 [Test worker] INFO  net.lomibao.nes.components.CPU6502 - 237,ED,SBC,Absolute,Subtract with Carry,3,4,ABS
16:39:06.355 [Test worker] INFO  net.lomibao.nes.components.CPU6502 - 238,EE,INC,Absolute,Increment Memory,3,6,ABS
16:39:06.355 [Test worker] INFO  net.lomibao.nes.components.CPU6502 - 239,EF,???,???,???,1,6,IMP
16:39:06.355 [Test worker] INFO  net.lomibao.nes.components.CPU6502 - 240,F0,BEQ,Relative,Branch if Equal,2,2,REL
16:39:06.355 [Test worker] INFO  net.lomibao.nes.components.CPU6502 - 241,F1,SBC,(Indirect);Y,Subtract with Carry,2,5,IZY
16:39:06.355 [Test worker] INFO  net.lomibao.nes.components.CPU6502 - 242,F2,???,???,???,1,2,IMP
16:39:06.355 [Test worker] INFO  net.lomibao.nes.components.CPU6502 - 243,F3,???,???,???,1,8,IMP
16:39:06.355 [Test worker] INFO  net.lomibao.nes.components.CPU6502 - 244,F4,???,???,???,1,4,IMP
16:39:06.356 [Test worker] INFO  net.lomibao.nes.components.CPU6502 - 245,F5,SBC,ZeroPage;X,Subtract with Carry,2,4,ZPX
16:39:06.356 [Test worker] INFO  net.lomibao.nes.components.CPU6502 - 246,F6,INC,ZeroPage;X,Increment Memory,2,6,ZPX
16:39:06.356 [Test worker] INFO  net.lomibao.nes.components.CPU6502 - 247,F7,???,???,???,1,6,IMP
16:39:06.356 [Test worker] INFO  net.lomibao.nes.components.CPU6502 - 248,F8,SED,Implied,Set Decimal Flag,1,2,IMP
16:39:06.356 [Test worker] INFO  net.lomibao.nes.components.CPU6502 - 249,F9,SBC,Absolute;Y,Subtract with Carry,3,4,ABY
16:39:06.356 [Test worker] INFO  net.lomibao.nes.components.CPU6502 - 250,FA,NOP,???,???,1,2,IMP
16:39:06.356 [Test worker] INFO  net.lomibao.nes.components.CPU6502 - 251,FB,???,???,???,1,7,IMP
16:39:06.356 [Test worker] INFO  net.lomibao.nes.components.CPU6502 - 252,FC,???,???,???,1,4,IMP
16:39:06.356 [Test worker] INFO  net.lomibao.nes.components.CPU6502 - 253,FD,SBC,Absolute;X,Subtract with Carry,3,4,ABX
16:39:06.356 [Test worker] INFO  net.lomibao.nes.components.CPU6502 - 254,FE,INC,Absolute;X,Increment Memory,3,7,ABX
16:39:06.356 [Test worker] INFO  net.lomibao.nes.components.CPU6502 - 255,FF,???,???,???,1,7,IMP
16:39:06.361 [Test worker] ERROR net.lomibao.nes.components.Ram - attempting to read memory out of range 32768. valid range [0,8192]
16:39:20.504 [Test worker] INFO  net.lomibao.nes.components.CPU6502 - 0,00,BRK,Implied,Force Interrupt,1,7,IMM
16:39:20.511 [Test worker] INFO  net.lomibao.nes.components.CPU6502 - 1,01,ORA,(Indirect;X),Logical Inclusive OR,2,6,IZX
16:39:20.511 [Test worker] INFO  net.lomibao.nes.components.CPU6502 - 2,02,???,???,???,1,2,IMP
16:39:20.511 [Test worker] INFO  net.lomibao.nes.components.CPU6502 - 3,03,???,???,???,1,8,IMP
16:39:20.512 [Test worker] INFO  net.lomibao.nes.components.CPU6502 - 4,04,???,???,???,1,3,IMP
16:39:20.512 [Test worker] INFO  net.lomibao.nes.components.CPU6502 - 5,05,ORA,ZeroPage,Logical Inclusive OR,2,3,ZP0
16:39:20.513 [Test worker] INFO  net.lomibao.nes.components.CPU6502 - 6,06,ASL,ZeroPage,Arithmetic Shift Left,2,5,ZP0
16:39:20.513 [Test worker] INFO  net.lomibao.nes.components.CPU6502 - 7,07,???,???,???,1,5,IMP
16:39:20.514 [Test worker] INFO  net.lomibao.nes.components.CPU6502 - 8,08,PHP,Implied,Push Processor Status,1,3,IMP
16:39:20.514 [Test worker] INFO  net.lomibao.nes.components.CPU6502 - 9,09,ORA,Immediate,Logical Inclusive OR,2,2,IMM
16:39:20.514 [Test worker] INFO  net.lomibao.nes.components.CPU6502 - 10,0A,ASL,Accumulator,Arithmetic Shift Left,1,2,IMP
16:39:20.514 [Test worker] INFO  net.lomibao.nes.components.CPU6502 - 11,0B,???,???,???,1,2,IMP
16:39:20.515 [Test worker] INFO  net.lomibao.nes.components.CPU6502 - 12,0C,???,???,???,1,4,IMP
16:39:20.515 [Test worker] INFO  net.lomibao.nes.components.CPU6502 - 13,0D,ORA,Absolute,Logical Inclusive OR,3,4,ABS
16:39:20.515 [Test worker] INFO  net.lomibao.nes.components.CPU6502 - 14,0E,ASL,Absolute,Arithmetic Shift Left,3,6,ABS
16:39:20.515 [Test worker] INFO  net.lomibao.nes.components.CPU6502 - 15,0F,???,???,???,1,6,IMP
16:39:20.516 [Test worker] INFO  net.lomibao.nes.components.CPU6502 - 16,10,BPL,Relative,Branch if Positive,2,2,REL
16:39:20.516 [Test worker] INFO  net.lomibao.nes.components.CPU6502 - 17,11,ORA,(Indirect);Y,Logical Inclusive OR,2,5,IZY
16:39:20.516 [Test worker] INFO  net.lomibao.nes.components.CPU6502 - 18,12,???,???,???,1,2,IMP
16:39:20.516 [Test worker] INFO  net.lomibao.nes.components.CPU6502 - 19,13,???,???,???,1,8,IMP
16:39:20.516 [Test worker] INFO  net.lomibao.nes.components.CPU6502 - 20,14,???,???,???,1,4,IMP
16:39:20.516 [Test worker] INFO  net.lomibao.nes.components.CPU6502 - 21,15,ORA,ZeroPage;X,Logical Inclusive OR,2,4,ZPX
16:39:20.516 [Test worker] INFO  net.lomibao.nes.components.CPU6502 - 22,16,ASL,ZeroPage;X,Arithmetic Shift Left,2,6,ZPX
16:39:20.517 [Test worker] INFO  net.lomibao.nes.components.CPU6502 - 23,17,???,???,???,1,6,IMP
16:39:20.517 [Test worker] INFO  net.lomibao.nes.components.CPU6502 - 24,18,CLC,Implied,Clear Carry Flag,1,2,IMP
16:39:20.517 [Test worker] INFO  net.lomibao.nes.components.CPU6502 - 25,19,ORA,Absolute;Y,Logical Inclusive OR,3,4,ABY
16:39:20.517 [Test worker] INFO  net.lomibao.nes.components.CPU6502 - 26,1A,???,???,???,1,2,IMP
16:39:20.517 [Test worker] INFO  net.lomibao.nes.components.CPU6502 - 27,1B,???,???,???,1,7,IMP
16:39:20.517 [Test worker] INFO  net.lomibao.nes.components.CPU6502 - 28,1C,???,???,???,1,4,IMP
16:39:20.517 [Test worker] INFO  net.lomibao.nes.components.CPU6502 - 29,1D,ORA,Absolute;X,Logical Inclusive OR,3,4,ABX
16:39:20.518 [Test worker] INFO  net.lomibao.nes.components.CPU6502 - 30,1E,ASL,Absolute;X,Arithmetic Shift Left,3,7,ABX
16:39:20.518 [Test worker] INFO  net.lomibao.nes.components.CPU6502 - 31,1F,???,???,???,1,7,IMP
16:39:20.518 [Test worker] INFO  net.lomibao.nes.components.CPU6502 - 32,20,JSR,Absolute,Jump to Subroutine,3,6,ABS
16:39:20.518 [Test worker] INFO  net.lomibao.nes.components.CPU6502 - 33,21,AND,(Indirect;X),Logical AND,2,6,IZX
16:39:20.518 [Test worker] INFO  net.lomibao.nes.components.CPU6502 - 34,22,???,???,???,1,2,IMP
16:39:20.518 [Test worker] INFO  net.lomibao.nes.components.CPU6502 - 35,23,???,???,???,1,8,IMP
16:39:20.519 [Test worker] INFO  net.lomibao.nes.components.CPU6502 - 36,24,BIT,ZeroPage,Bit Test,2,3,ZP0
16:39:20.519 [Test worker] INFO  net.lomibao.nes.components.CPU6502 - 37,25,AND,ZeroPage,Logical AND,2,3,ZP0
16:39:20.519 [Test worker] INFO  net.lomibao.nes.components.CPU6502 - 38,26,ROL,ZeroPage,Rotate Left,2,5,ZP0
16:39:20.519 [Test worker] INFO  net.lomibao.nes.components.CPU6502 - 39,27,???,???,???,1,5,IMP
16:39:20.519 [Test worker] INFO  net.lomibao.nes.components.CPU6502 - 40,28,PLP,Implied,Pull Processor Status,1,4,IMP
16:39:20.519 [Test worker] INFO  net.lomibao.nes.components.CPU6502 - 41,29,AND,Immediate,Logical AND,2,2,IMM
16:39:20.520 [Test worker] INFO  net.lomibao.nes.components.CPU6502 - 42,2A,ROL,Accumulator,Rotate Left,1,2,IMP
16:39:20.520 [Test worker] INFO  net.lomibao.nes.components.CPU6502 - 43,2B,???,???,???,1,2,IMP
16:39:20.520 [Test worker] INFO  net.lomibao.nes.components.CPU6502 - 44,2C,BIT,Absolute,Bit Test,3,4,ABS
16:39:20.520 [Test worker] INFO  net.lomibao.nes.components.CPU6502 - 45,2D,AND,Absolute,Logical AND,3,4,ABS
16:39:20.520 [Test worker] INFO  net.lomibao.nes.components.CPU6502 - 46,2E,ROL,Absolute,Rotate Left,3,6,ABS
16:39:20.520 [Test worker] INFO  net.lomibao.nes.components.CPU6502 - 47,2F,???,???,???,1,6,IMP
16:39:20.521 [Test worker] INFO  net.lomibao.nes.components.CPU6502 - 48,30,BMI,Relative,Branch if Minus,2,2,REL
16:39:20.521 [Test worker] INFO  net.lomibao.nes.components.CPU6502 - 49,31,AND,(Indirect);Y,Logical AND,2,5,IZY
16:39:20.521 [Test worker] INFO  net.lomibao.nes.components.CPU6502 - 50,32,???,???,???,1,2,IMP
16:39:20.521 [Test worker] INFO  net.lomibao.nes.components.CPU6502 - 51,33,???,???,???,1,8,IMP
16:39:20.521 [Test worker] INFO  net.lomibao.nes.components.CPU6502 - 52,34,???,???,???,1,4,IMP
16:39:20.521 [Test worker] INFO  net.lomibao.nes.components.CPU6502 - 53,35,AND,ZeroPage;X,Logical AND,2,4,ZPX
16:39:20.521 [Test worker] INFO  net.lomibao.nes.components.CPU6502 - 54,36,ROL,ZeroPage;X,Rotate Left,2,6,ZPX
16:39:20.521 [Test worker] INFO  net.lomibao.nes.components.CPU6502 - 55,37,???,???,???,1,6,IMP
16:39:20.521 [Test worker] INFO  net.lomibao.nes.components.CPU6502 - 56,38,SEC,Implied,Set Carry Flag,1,2,IMP
16:39:20.521 [Test worker] INFO  net.lomibao.nes.components.CPU6502 - 57,39,AND,Absolute;Y,Logical AND,3,4,ABY
16:39:20.521 [Test worker] INFO  net.lomibao.nes.components.CPU6502 - 58,3A,???,???,???,1,2,IMP
16:39:20.523 [Test worker] INFO  net.lomibao.nes.components.CPU6502 - 59,3B,???,???,???,1,7,IMP
16:39:20.523 [Test worker] INFO  net.lomibao.nes.components.CPU6502 - 60,3C,???,???,???,1,4,IMP
16:39:20.523 [Test worker] INFO  net.lomibao.nes.components.CPU6502 - 61,3D,AND,Absolute;X,Logical AND,3,4,ABX
16:39:20.524 [Test worker] INFO  net.lomibao.nes.components.CPU6502 - 62,3E,ROL,Absolute;X,Rotate Left,3,7,ABX
16:39:20.525 [Test worker] INFO  net.lomibao.nes.components.CPU6502 - 63,3F,???,???,???,1,7,IMP
16:39:20.525 [Test worker] INFO  net.lomibao.nes.components.CPU6502 - 64,40,RTI,Implied,Return from Interrupt,1,6,IMP
16:39:20.525 [Test worker] INFO  net.lomibao.nes.components.CPU6502 - 65,41,EOR,(Indirect;X),Exclusive OR,2,6,IZX
16:39:20.525 [Test worker] INFO  net.lomibao.nes.components.CPU6502 - 66,42,???,???,???,1,2,IMP
16:39:20.525 [Test worker] INFO  net.lomibao.nes.components.CPU6502 - 67,43,???,???,???,1,8,IMP
16:39:20.525 [Test worker] INFO  net.lomibao.nes.components.CPU6502 - 68,44,???,???,???,1,3,IMP
16:39:20.525 [Test worker] INFO  net.lomibao.nes.components.CPU6502 - 69,45,EOR,ZeroPage,Exclusive OR,2,3,ZP0
16:39:20.526 [Test worker] INFO  net.lomibao.nes.components.CPU6502 - 70,46,LSR,ZeroPage,Logical Shift Right,2,5,ZP0
16:39:20.526 [Test worker] INFO  net.lomibao.nes.components.CPU6502 - 71,47,???,???,???,1,5,IMP
16:39:20.526 [Test worker] INFO  net.lomibao.nes.components.CPU6502 - 72,48,PHA,Implied,Push Accumulator,1,3,IMP
16:39:20.526 [Test worker] INFO  net.lomibao.nes.components.CPU6502 - 73,49,EOR,Immediate,Exclusive OR,2,2,IMM
16:39:20.526 [Test worker] INFO  net.lomibao.nes.components.CPU6502 - 74,4A,LSR,Accumulator,Logical Shift Right,1,2,IMP
16:39:20.526 [Test worker] INFO  net.lomibao.nes.components.CPU6502 - 75,4B,???,???,???,1,2,IMP
16:39:20.526 [Test worker] INFO  net.lomibao.nes.components.CPU6502 - 76,4C,JMP,Absolute,Jump,3,3,ABS
16:39:20.526 [Test worker] INFO  net.lomibao.nes.components.CPU6502 - 77,4D,EOR,Absolute,Exclusive OR,3,4,ABS
16:39:20.527 [Test worker] INFO  net.lomibao.nes.components.CPU6502 - 78,4E,LSR,Absolute,Logical Shift Right,3,6,ABS
16:39:20.527 [Test worker] INFO  net.lomibao.nes.components.CPU6502 - 79,4F,???,???,???,1,6,IMP
16:39:20.527 [Test worker] INFO  net.lomibao.nes.components.CPU6502 - 80,50,BVC,Relative,Branch if Overflow Clear,2,2,REL
16:39:20.527 [Test worker] INFO  net.lomibao.nes.components.CPU6502 - 81,51,EOR,(Indirect);Y,Exclusive OR,2,5,IZY
16:39:20.527 [Test worker] INFO  net.lomibao.nes.components.CPU6502 - 82,52,???,???,???,1,2,IMP
16:39:20.527 [Test worker] INFO  net.lomibao.nes.components.CPU6502 - 83,53,???,???,???,1,8,IMP
16:39:20.527 [Test worker] INFO  net.lomibao.nes.components.CPU6502 - 84,54,???,???,???,1,4,IMP
16:39:20.527 [Test worker] INFO  net.lomibao.nes.components.CPU6502 - 85,55,EOR,ZeroPage;X,Exclusive OR,2,4,ZPX
16:39:20.527 [Test worker] INFO  net.lomibao.nes.components.CPU6502 - 86,56,LSR,ZeroPage;X,Logical Shift Right,2,6,ZPX
16:39:20.528 [Test worker] INFO  net.lomibao.nes.components.CPU6502 - 87,57,???,???,???,1,6,IMP
16:39:20.528 [Test worker] INFO  net.lomibao.nes.components.CPU6502 - 88,58,CLI,Implied,Clear Interrupt Disable,1,2,IMP
16:39:20.528 [Test worker] INFO  net.lomibao.nes.components.CPU6502 - 89,59,EOR,Absolute;Y,Exclusive OR,3,4,ABY
16:39:20.528 [Test worker] INFO  net.lomibao.nes.components.CPU6502 - 90,5A,???,???,???,1,2,IMP
16:39:20.528 [Test worker] INFO  net.lomibao.nes.components.CPU6502 - 91,5B,???,???,???,1,7,IMP
16:39:20.528 [Test worker] INFO  net.lomibao.nes.components.CPU6502 - 92,5C,???,???,???,1,4,IMP
16:39:20.528 [Test worker] INFO  net.lomibao.nes.components.CPU6502 - 93,5D,EOR,Absolute;X,Exclusive OR,3,4,ABX
16:39:20.529 [Test worker] INFO  net.lomibao.nes.components.CPU6502 - 94,5E,LSR,Absolute;X,Logical Shift Right,3,7,ABX
16:39:20.529 [Test worker] INFO  net.lomibao.nes.components.CPU6502 - 95,5F,???,???,???,1,7,IMP
16:39:20.529 [Test worker] INFO  net.lomibao.nes.components.CPU6502 - 96,60,RTS,Implied,Return from Subroutine,1,6,IMP
16:39:20.529 [Test worker] INFO  net.lomibao.nes.components.CPU6502 - 97,61,ADC,(Indirect;X),Add with Carry,2,6,IZX
16:39:20.529 [Test worker] INFO  net.lomibao.nes.components.CPU6502 - 98,62,???,???,???,1,2,IMP
16:39:20.529 [Test worker] INFO  net.lomibao.nes.components.CPU6502 - 99,63,???,???,???,1,8,IMP
16:39:20.529 [Test worker] INFO  net.lomibao.nes.components.CPU6502 - 100,64,???,???,???,1,3,IMP
16:39:20.529 [Test worker] INFO  net.lomibao.nes.components.CPU6502 - 101,65,ADC,ZeroPage,Add with Carry,2,3,ZP0
16:39:20.529 [Test worker] INFO  net.lomibao.nes.components.CPU6502 - 102,66,ROR,ZeroPage,Rotate Right,2,5,ZP0
16:39:20.529 [Test worker] INFO  net.lomibao.nes.components.CPU6502 - 103,67,???,???,???,1,5,IMP
16:39:20.530 [Test worker] INFO  net.lomibao.nes.components.CPU6502 - 104,68,PLA,Implied,Pull Accumulator,1,4,IMP
16:39:20.530 [Test worker] INFO  net.lomibao.nes.components.CPU6502 - 105,69,ADC,Immediate,Add with Carry,2,2,IMM
16:39:20.530 [Test worker] INFO  net.lomibao.nes.components.CPU6502 - 106,6A,ROR,Accumulator,Rotate Right,1,2,IMP
16:39:20.530 [Test worker] INFO  net.lomibao.nes.components.CPU6502 - 107,6B,???,???,???,1,2,IMP
16:39:20.530 [Test worker] INFO  net.lomibao.nes.components.CPU6502 - 108,6C,JMP,Indirect ,Jump,3,5,IND
16:39:20.530 [Test worker] INFO  net.lomibao.nes.components.CPU6502 - 109,6D,ADC,Absolute,Add with Carry,3,4,ABS
16:39:20.530 [Test worker] INFO  net.lomibao.nes.components.CPU6502 - 110,6E,ROR,Absolute,Rotate Right,3,6,ABS
16:39:20.530 [Test worker] INFO  net.lomibao.nes.components.CPU6502 - 111,6F,???,???,???,1,6,IMP
16:39:20.530 [Test worker] INFO  net.lomibao.nes.components.CPU6502 - 112,70,BVS,Relative,Branch if Overflow Set,2,2,REL
16:39:20.531 [Test worker] INFO  net.lomibao.nes.components.CPU6502 - 113,71,ADC,(Indirect);Y,Add with Carry,2,5,IZY
16:39:20.531 [Test worker] INFO  net.lomibao.nes.components.CPU6502 - 114,72,???,???,???,1,2,IMP
16:39:20.531 [Test worker] INFO  net.lomibao.nes.components.CPU6502 - 115,73,???,???,???,1,8,IMP
16:39:20.531 [Test worker] INFO  net.lomibao.nes.components.CPU6502 - 116,74,???,???,???,1,4,IMP
16:39:20.531 [Test worker] INFO  net.lomibao.nes.components.CPU6502 - 117,75,ADC,ZeroPage;X,Add with Carry,2,4,ZPX
16:39:20.531 [Test worker] INFO  net.lomibao.nes.components.CPU6502 - 118,76,ROR,ZeroPage;X,Rotate Right,2,6,ZPX
16:39:20.531 [Test worker] INFO  net.lomibao.nes.components.CPU6502 - 119,77,???,???,???,1,6,IMP
16:39:20.532 [Test worker] INFO  net.lomibao.nes.components.CPU6502 - 120,78,SEI,Implied,Set Interrupt Disable,1,2,IMP
16:39:20.532 [Test worker] INFO  net.lomibao.nes.components.CPU6502 - 121,79,ADC,Absolute;Y,Add with Carry,3,4,ABY
16:39:20.532 [Test worker] INFO  net.lomibao.nes.components.CPU6502 - 122,7A,???,???,???,1,2,IMP
16:39:20.532 [Test worker] INFO  net.lomibao.nes.components.CPU6502 - 123,7B,???,???,???,1,7,IMP
16:39:20.532 [Test worker] INFO  net.lomibao.nes.components.CPU6502 - 124,7C,???,???,???,1,4,IMP
16:39:20.533 [Test worker] INFO  net.lomibao.nes.components.CPU6502 - 125,7D,ADC,Absolute;X,Add with Carry,3,4,ABX
16:39:20.533 [Test worker] INFO  net.lomibao.nes.components.CPU6502 - 126,7E,ROR,Absolute;X,Rotate Right,3,7,ABX
16:39:20.533 [Test worker] INFO  net.lomibao.nes.components.CPU6502 - 127,7F,???,???,???,1,7,IMP
16:39:20.533 [Test worker] INFO  net.lomibao.nes.components.CPU6502 - 128,80,???,???,???,1,2,IMP
16:39:20.533 [Test worker] INFO  net.lomibao.nes.components.CPU6502 - 129,81,STA,(Indirect;X),Store Accumulator,2,6,IZX
16:39:20.534 [Test worker] INFO  net.lomibao.nes.components.CPU6502 - 130,82,???,???,???,1,2,IMP
16:39:20.534 [Test worker] INFO  net.lomibao.nes.components.CPU6502 - 131,83,???,???,???,1,6,IMP
16:39:20.534 [Test worker] INFO  net.lomibao.nes.components.CPU6502 - 132,84,STY,ZeroPage,Store Y Register,2,3,ZP0
16:39:20.534 [Test worker] INFO  net.lomibao.nes.components.CPU6502 - 133,85,STA,ZeroPage,Store Accumulator,2,3,ZP0
16:39:20.534 [Test worker] INFO  net.lomibao.nes.components.CPU6502 - 134,86,STX,ZeroPage,Store X Register,2,3,ZP0
16:39:20.534 [Test worker] INFO  net.lomibao.nes.components.CPU6502 - 135,87,???,???,???,1,3,IMP
16:39:20.534 [Test worker] INFO  net.lomibao.nes.components.CPU6502 - 136,88,DEY,Implied,Decrement Y Register,1,2,IMP
16:39:20.534 [Test worker] INFO  net.lomibao.nes.components.CPU6502 - 137,89,???,???,???,1,2,IMP
16:39:20.534 [Test worker] INFO  net.lomibao.nes.components.CPU6502 - 138,8A,TXA,Implied,Transfer X to Accumulator,1,2,IMP
16:39:20.534 [Test worker] INFO  net.lomibao.nes.components.CPU6502 - 139,8B,???,???,???,1,2,IMP
16:39:20.534 [Test worker] INFO  net.lomibao.nes.components.CPU6502 - 140,8C,STY,Absolute,Store Y Register,3,4,ABS
16:39:20.534 [Test worker] INFO  net.lomibao.nes.components.CPU6502 - 141,8D,STA,Absolute,Store Accumulator,3,4,ABS
16:39:20.534 [Test worker] INFO  net.lomibao.nes.components.CPU6502 - 142,8E,STX,Absolute,Store X Register,3,4,ABS
16:39:20.534 [Test worker] INFO  net.lomibao.nes.components.CPU6502 - 143,8F,???,???,???,1,4,IMP
16:39:20.534 [Test worker] INFO  net.lomibao.nes.components.CPU6502 - 144,90,BCC,Relative,Branch if Carry Clear,2,2,REL
16:39:20.534 [Test worker] INFO  net.lomibao.nes.components.CPU6502 - 145,91,STA,(Indirect);Y,Store Accumulator,2,6,IZY
16:39:20.534 [Test worker] INFO  net.lomibao.nes.components.CPU6502 - 146,92,???,???,???,1,2,IMP
16:39:20.534 [Test worker] INFO  net.lomibao.nes.components.CPU6502 - 147,93,???,???,???,1,6,IMP
16:39:20.535 [Test worker] INFO  net.lomibao.nes.components.CPU6502 - 148,94,STY,ZeroPage;X,Store Y Register,2,4,ZPX
16:39:20.535 [Test worker] INFO  net.lomibao.nes.components.CPU6502 - 149,95,STA,ZeroPage;X,Store Accumulator,2,4,ZPX
16:39:20.535 [Test worker] INFO  net.lomibao.nes.components.CPU6502 - 150,96,STX,ZeroPage;Y,Store X Register,2,4,ZPY
16:39:20.535 [Test worker] INFO  net.lomibao.nes.components.CPU6502 - 151,97,???,???,???,1,4,IMP
16:39:20.535 [Test worker] INFO  net.lomibao.nes.components.CPU6502 - 152,98,TYA,Implied,Transfer Y to Accumulator,1,2,IMP
16:39:20.536 [Test worker] INFO  net.lomibao.nes.components.CPU6502 - 153,99,STA,Absolute;Y,Store Accumulator,3,5,ABY
16:39:20.536 [Test worker] INFO  net.lomibao.nes.components.CPU6502 - 154,9A,TXS,Implied,Transfer X to Stack Pointer,1,2,IMP
16:39:20.536 [Test worker] INFO  net.lomibao.nes.components.CPU6502 - 155,9B,???,???,???,1,5,IMP
16:39:20.536 [Test worker] INFO  net.lomibao.nes.components.CPU6502 - 156,9C,???,???,???,1,5,IMP
16:39:20.536 [Test worker] INFO  net.lomibao.nes.components.CPU6502 - 157,9D,STA,Absolute;X,Store Accumulator,3,5,ABX
16:39:20.536 [Test worker] INFO  net.lomibao.nes.components.CPU6502 - 158,9E,???,???,???,1,5,IMP
16:39:20.536 [Test worker] INFO  net.lomibao.nes.components.CPU6502 - 159,9F,???,???,???,1,5,IMP
16:39:20.536 [Test worker] INFO  net.lomibao.nes.components.CPU6502 - 160,A0,LDY,Immediate,Load Y Register,2,2,IMM
16:39:20.536 [Test worker] INFO  net.lomibao.nes.components.CPU6502 - 161,A1,LDA,(Indirect;X),Load Accumulator,2,6,IZX
16:39:20.536 [Test worker] INFO  net.lomibao.nes.components.CPU6502 - 162,A2,LDX,Immediate,Load X Register,2,2,IMM
16:39:20.536 [Test worker] INFO  net.lomibao.nes.components.CPU6502 - 163,A3,???,???,???,1,6,IMP
16:39:20.537 [Test worker] INFO  net.lomibao.nes.components.CPU6502 - 164,A4,LDY,ZeroPage,Load Y Register,2,3,ZP0
16:39:20.537 [Test worker] INFO  net.lomibao.nes.components.CPU6502 - 165,A5,LDA,ZeroPage,Load Accumulator,2,3,ZP0
16:39:20.537 [Test worker] INFO  net.lomibao.nes.components.CPU6502 - 166,A6,LDX,ZeroPage,Load X Register,2,3,ZP0
16:39:20.537 [Test worker] INFO  net.lomibao.nes.components.CPU6502 - 167,A7,???,???,???,1,3,IMP
16:39:20.537 [Test worker] INFO  net.lomibao.nes.components.CPU6502 - 168,A8,TAY,Implied,Transfer Accumulator to Y,1,2,IMP
16:39:20.537 [Test worker] INFO  net.lomibao.nes.components.CPU6502 - 169,A9,LDA,Immediate,Load Accumulator,2,2,IMM
16:39:20.537 [Test worker] INFO  net.lomibao.nes.components.CPU6502 - 170,AA,TAX,Implied,Transfer Accumulator to X,1,2,IMP
16:39:20.537 [Test worker] INFO  net.lomibao.nes.components.CPU6502 - 171,AB,???,???,???,1,2,IMP
16:39:20.537 [Test worker] INFO  net.lomibao.nes.components.CPU6502 - 172,AC,LDY,Absolute,Load Y Register,3,4,ABS
16:39:20.537 [Test worker] INFO  net.lomibao.nes.components.CPU6502 - 173,AD,LDA,Absolute,Load Accumulator,3,4,ABS
16:39:20.537 [Test worker] INFO  net.lomibao.nes.components.CPU6502 - 174,AE,LDX,Absolute,Load X Register,3,4,ABS
16:39:20.538 [Test worker] INFO  net.lomibao.nes.components.CPU6502 - 175,AF,???,???,???,1,4,IMP
16:39:20.538 [Test worker] INFO  net.lomibao.nes.components.CPU6502 - 176,B0,BCS,Relative,Branch if Carry Set,2,2,REL
16:39:20.538 [Test worker] INFO  net.lomibao.nes.components.CPU6502 - 177,B1,LDA,(Indirect);Y,Load Accumulator,2,5,IZY
16:39:20.538 [Test worker] INFO  net.lomibao.nes.components.CPU6502 - 178,B2,???,???,???,1,2,IMP
16:39:20.538 [Test worker] INFO  net.lomibao.nes.components.CPU6502 - 179,B3,???,???,???,1,5,IMP
16:39:20.538 [Test worker] INFO  net.lomibao.nes.components.CPU6502 - 180,B4,LDY,ZeroPage;X,Load Y Register,2,4,ZPX
16:39:20.538 [Test worker] INFO  net.lomibao.nes.components.CPU6502 - 181,B5,LDA,ZeroPage;X,Load Accumulator,2,4,ZPX
16:39:20.538 [Test worker] INFO  net.lomibao.nes.components.CPU6502 - 182,B6,LDX,ZeroPage;Y,Load X Register,2,4,ZPY
16:39:20.538 [Test worker] INFO  net.lomibao.nes.components.CPU6502 - 183,B7,???,???,???,1,4,IMP
16:39:20.538 [Test worker] INFO  net.lomibao.nes.components.CPU6502 - 184,B8,CLV,Implied,Clear Overflow Flag,1,2,IMP
16:39:20.538 [Test worker] INFO  net.lomibao.nes.components.CPU6502 - 185,B9,LDA,Absolute;Y,Load Accumulator,3,4,ABY
16:39:20.538 [Test worker] INFO  net.lomibao.nes.components.CPU6502 - 186,BA,TSX,Implied,Transfer Stack Pointer to X,1,2,IMP
16:39:20.538 [Test worker] INFO  net.lomibao.nes.components.CPU6502 - 187,BB,???,???,???,1,4,IMP
16:39:20.538 [Test worker] INFO  net.lomibao.nes.components.CPU6502 - 188,BC,LDY,Absolute;X,Load Y Register,3,4,ABX
16:39:20.539 [Test worker] INFO  net.lomibao.nes.components.CPU6502 - 189,BD,LDA,Absolute;X,Load Accumulator,3,4,ABX
16:39:20.539 [Test worker] INFO  net.lomibao.nes.components.CPU6502 - 190,BE,LDX,Absolute;Y,Load X Register,3,4,ABY
16:39:20.539 [Test worker] INFO  net.lomibao.nes.components.CPU6502 - 191,BF,???,???,???,1,4,IMP
16:39:20.539 [Test worker] INFO  net.lomibao.nes.components.CPU6502 - 192,C0,CPY,Immediate,Compare Y Register,2,2,IMM
16:39:20.539 [Test worker] INFO  net.lomibao.nes.components.CPU6502 - 193,C1,CMP,(Indirect;X),Compare,2,6,IZX
16:39:20.539 [Test worker] INFO  net.lomibao.nes.components.CPU6502 - 194,C2,???,???,???,1,2,IMP
16:39:20.539 [Test worker] INFO  net.lomibao.nes.components.CPU6502 - 195,C3,???,???,???,1,8,IMP
16:39:20.540 [Test worker] INFO  net.lomibao.nes.components.CPU6502 - 196,C4,CPY,ZeroPage,Compare Y Register,2,3,ZP0
16:39:20.540 [Test worker] INFO  net.lomibao.nes.components.CPU6502 - 197,C5,CMP,ZeroPage,Compare,2,3,ZP0
16:39:20.540 [Test worker] INFO  net.lomibao.nes.components.CPU6502 - 198,C6,DEC,ZeroPage,Decrement Memory,2,5,ZP0
16:39:20.540 [Test worker] INFO  net.lomibao.nes.components.CPU6502 - 199,C7,???,???,???,1,5,IMP
16:39:20.540 [Test worker] INFO  net.lomibao.nes.components.CPU6502 - 200,C8,INY,Implied,Increment Y Register,1,2,IMP
16:39:20.540 [Test worker] INFO  net.lomibao.nes.components.CPU6502 - 201,C9,CMP,Immediate,Compare,2,2,IMM
16:39:20.540 [Test worker] INFO  net.lomibao.nes.components.CPU6502 - 202,CA,DEX,Implied,Decrement X Register,1,2,IMP
16:39:20.540 [Test worker] INFO  net.lomibao.nes.components.CPU6502 - 203,CB,???,???,???,1,2,IMP
16:39:20.540 [Test worker] INFO  net.lomibao.nes.components.CPU6502 - 204,CC,CPY,Absolute,Compare Y Register,3,4,ABS
16:39:20.540 [Test worker] INFO  net.lomibao.nes.components.CPU6502 - 205,CD,CMP,Absolute,Compare,3,4,ABS
16:39:20.541 [Test worker] INFO  net.lomibao.nes.components.CPU6502 - 206,CE,DEC,Absolute,Decrement Memory,3,6,ABS
16:39:20.541 [Test worker] INFO  net.lomibao.nes.components.CPU6502 - 207,CF,???,???,???,1,6,IMP
16:39:20.541 [Test worker] INFO  net.lomibao.nes.components.CPU6502 - 208,D0,BNE,Relative,Branch if Not Equal,2,2,REL
16:39:20.541 [Test worker] INFO  net.lomibao.nes.components.CPU6502 - 209,D1,CMP,(Indirect);Y,Compare,2,5,IZY
16:39:20.541 [Test worker] INFO  net.lomibao.nes.components.CPU6502 - 210,D2,???,???,???,1,2,IMP
16:39:20.541 [Test worker] INFO  net.lomibao.nes.components.CPU6502 - 211,D3,???,???,???,1,8,IMP
16:39:20.541 [Test worker] INFO  net.lomibao.nes.components.CPU6502 - 212,D4,???,???,???,1,4,IMP
16:39:20.542 [Test worker] INFO  net.lomibao.nes.components.CPU6502 - 213,D5,CMP,ZeroPage;X,Compare,2,4,ZPX
16:39:20.542 [Test worker] INFO  net.lomibao.nes.components.CPU6502 - 214,D6,DEC,ZeroPage;X,Decrement Memory,2,6,ZPX
16:39:20.542 [Test worker] INFO  net.lomibao.nes.components.CPU6502 - 215,D7,???,???,???,1,6,IMP
16:39:20.542 [Test worker] INFO  net.lomibao.nes.components.CPU6502 - 216,D8,CLD,Implied,Clear Decimal Mode,1,2,IMP
16:39:20.542 [Test worker] INFO  net.lomibao.nes.components.CPU6502 - 217,D9,CMP,Absolute;Y,Compare,3,4,ABY
16:39:20.542 [Test worker] INFO  net.lomibao.nes.components.CPU6502 - 218,DA,NOP,???,???,1,2,IMP
16:39:20.542 [Test worker] INFO  net.lomibao.nes.components.CPU6502 - 219,DB,???,???,???,1,7,IMP
16:39:20.542 [Test worker] INFO  net.lomibao.nes.components.CPU6502 - 220,DC,???,???,???,1,4,IMP
16:39:20.542 [Test worker] INFO  net.lomibao.nes.components.CPU6502 - 221,DD,CMP,Absolute;X,Compare,3,4,ABX
16:39:20.542 [Test worker] INFO  net.lomibao.nes.components.CPU6502 - 222,DE,DEC,Absolute;X,Decrement Memory,3,7,ABX
16:39:20.542 [Test worker] INFO  net.lomibao.nes.components.CPU6502 - 223,DF,???,???,???,1,7,IMP
16:39:20.542 [Test worker] INFO  net.lomibao.nes.components.CPU6502 - 224,E0,CPX,Immediate,Compare X Register,2,2,IMM
16:39:20.542 [Test worker] INFO  net.lomibao.nes.components.CPU6502 - 225,E1,SBC,(Indirect;X),Subtract with Carry,2,6,IZX
16:39:20.542 [Test worker] INFO  net.lomibao.nes.components.CPU6502 - 226,E2,???,???,???,1,2,IMP
16:39:20.542 [Test worker] INFO  net.lomibao.nes.components.CPU6502 - 227,E3,???,???,???,1,8,IMP
16:39:20.542 [Test worker] INFO  net.lomibao.nes.components.CPU6502 - 228,E4,CPX,ZeroPage,Compare X Register,2,3,ZP0
16:39:20.542 [Test worker] INFO  net.lomibao.nes.components.CPU6502 - 229,E5,SBC,ZeroPage,Subtract with Carry,2,3,ZP0
16:39:20.542 [Test worker] INFO  net.lomibao.nes.components.CPU6502 - 230,E6,INC,ZeroPage,Increment Memory,2,5,ZP0
16:39:20.542 [Test worker] INFO  net.lomibao.nes.components.CPU6502 - 231,E7,???,???,???,1,5,IMP
16:39:20.542 [Test worker] INFO  net.lomibao.nes.components.CPU6502 - 232,E8,INX,Implied,Increment X Register,1,2,IMP
16:39:20.544 [Test worker] INFO  net.lomibao.nes.components.CPU6502 - 233,E9,SBC,Immediate,Subtract with Carry,2,2,IMM
16:39:20.544 [Test worker] INFO  net.lomibao.nes.components.CPU6502 - 234,EA,NOP,Implied,No Operation,1,2,IMP
16:39:20.544 [Test worker] INFO  net.lomibao.nes.components.CPU6502 - 235,EB,???,???,???,1,2,IMP
16:39:20.544 [Test worker] INFO  net.lomibao.nes.components.CPU6502 - 236,EC,CPX,Absolute,Compare X Register,3,4,ABS
16:39:20.544 [Test worker] INFO  net.lomibao.nes.components.CPU6502 - 237,ED,SBC,Absolute,Subtract with Carry,3,4,ABS
16:39:20.544 [Test worker] INFO  net.lomibao.nes.components.CPU6502 - 238,EE,INC,Absolute,Increment Memory,3,6,ABS
16:39:20.544 [Test worker] INFO  net.lomibao.nes.components.CPU6502 - 239,EF,???,???,???,1,6,IMP
16:39:20.544 [Test worker] INFO  net.lomibao.nes.components.CPU6502 - 240,F0,BEQ,Relative,Branch if Equal,2,2,REL
16:39:20.544 [Test worker] INFO  net.lomibao.nes.components.CPU6502 - 241,F1,SBC,(Indirect);Y,Subtract with Carry,2,5,IZY
16:39:20.544 [Test worker] INFO  net.lomibao.nes.components.CPU6502 - 242,F2,???,???,???,1,2,IMP
16:39:20.544 [Test worker] INFO  net.lomibao.nes.components.CPU6502 - 243,F3,???,???,???,1,8,IMP
16:39:20.544 [Test worker] INFO  net.lomibao.nes.components.CPU6502 - 244,F4,???,???,???,1,4,IMP
16:39:20.544 [Test worker] INFO  net.lomibao.nes.components.CPU6502 - 245,F5,SBC,ZeroPage;X,Subtract with Carry,2,4,ZPX
16:39:20.544 [Test worker] INFO  net.lomibao.nes.components.CPU6502 - 246,F6,INC,ZeroPage;X,Increment Memory,2,6,ZPX
16:39:20.545 [Test worker] INFO  net.lomibao.nes.components.CPU6502 - 247,F7,???,???,???,1,6,IMP
16:39:20.545 [Test worker] INFO  net.lomibao.nes.components.CPU6502 - 248,F8,SED,Implied,Set Decimal Flag,1,2,IMP
16:39:20.545 [Test worker] INFO  net.lomibao.nes.components.CPU6502 - 249,F9,SBC,Absolute;Y,Subtract with Carry,3,4,ABY
16:39:20.545 [Test worker] INFO  net.lomibao.nes.components.CPU6502 - 250,FA,NOP,???,???,1,2,IMP
16:39:20.545 [Test worker] INFO  net.lomibao.nes.components.CPU6502 - 251,FB,???,???,???,1,7,IMP
16:39:20.545 [Test worker] INFO  net.lomibao.nes.components.CPU6502 - 252,FC,???,???,???,1,4,IMP
16:39:20.545 [Test worker] INFO  net.lomibao.nes.components.CPU6502 - 253,FD,SBC,Absolute;X,Subtract with Carry,3,4,ABX
16:39:20.546 [Test worker] INFO  net.lomibao.nes.components.CPU6502 - 254,FE,INC,Absolute;X,Increment Memory,3,7,ABX
16:39:20.546 [Test worker] INFO  net.lomibao.nes.components.CPU6502 - 255,FF,???,???,???,1,7,IMP
16:39:20.576 [Test worker] INFO  net.lomibao.nes.components.CPU6502 - 0,00,BRK,Implied,Force Interrupt,1,7,IMM
16:39:20.577 [Test worker] INFO  net.lomibao.nes.components.CPU6502 - 1,01,ORA,(Indirect;X),Logical Inclusive OR,2,6,IZX
16:39:20.577 [Test worker] INFO  net.lomibao.nes.components.CPU6502 - 2,02,???,???,???,1,2,IMP
16:39:20.577 [Test worker] INFO  net.lomibao.nes.components.CPU6502 - 3,03,???,???,???,1,8,IMP
16:39:20.577 [Test worker] INFO  net.lomibao.nes.components.CPU6502 - 4,04,???,???,???,1,3,IMP
16:39:20.577 [Test worker] INFO  net.lomibao.nes.components.CPU6502 - 5,05,ORA,ZeroPage,Logical Inclusive OR,2,3,ZP0
16:39:20.577 [Test worker] INFO  net.lomibao.nes.components.CPU6502 - 6,06,ASL,ZeroPage,Arithmetic Shift Left,2,5,ZP0
16:39:20.577 [Test worker] INFO  net.lomibao.nes.components.CPU6502 - 7,07,???,???,???,1,5,IMP
16:39:20.577 [Test worker] INFO  net.lomibao.nes.components.CPU6502 - 8,08,PHP,Implied,Push Processor Status,1,3,IMP
16:39:20.577 [Test worker] INFO  net.lomibao.nes.components.CPU6502 - 9,09,ORA,Immediate,Logical Inclusive OR,2,2,IMM
16:39:20.577 [Test worker] INFO  net.lomibao.nes.components.CPU6502 - 10,0A,ASL,Accumulator,Arithmetic Shift Left,1,2,IMP
16:39:20.577 [Test worker] INFO  net.lomibao.nes.components.CPU6502 - 11,0B,???,???,???,1,2,IMP
16:39:20.577 [Test worker] INFO  net.lomibao.nes.components.CPU6502 - 12,0C,???,???,???,1,4,IMP
16:39:20.577 [Test worker] INFO  net.lomibao.nes.components.CPU6502 - 13,0D,ORA,Absolute,Logical Inclusive OR,3,4,ABS
16:39:20.578 [Test worker] INFO  net.lomibao.nes.components.CPU6502 - 14,0E,ASL,Absolute,Arithmetic Shift Left,3,6,ABS
16:39:20.578 [Test worker] INFO  net.lomibao.nes.components.CPU6502 - 15,0F,???,???,???,1,6,IMP
16:39:20.578 [Test worker] INFO  net.lomibao.nes.components.CPU6502 - 16,10,BPL,Relative,Branch if Positive,2,2,REL
16:39:20.578 [Test worker] INFO  net.lomibao.nes.components.CPU6502 - 17,11,ORA,(Indirect);Y,Logical Inclusive OR,2,5,IZY
16:39:20.578 [Test worker] INFO  net.lomibao.nes.components.CPU6502 - 18,12,???,???,???,1,2,IMP
16:39:20.578 [Test worker] INFO  net.lomibao.nes.components.CPU6502 - 19,13,???,???,???,1,8,IMP
16:39:20.578 [Test worker] INFO  net.lomibao.nes.components.CPU6502 - 20,14,???,???,???,1,4,IMP
16:39:20.578 [Test worker] INFO  net.lomibao.nes.components.CPU6502 - 21,15,ORA,ZeroPage;X,Logical Inclusive OR,2,4,ZPX
16:39:20.578 [Test worker] INFO  net.lomibao.nes.components.CPU6502 - 22,16,ASL,ZeroPage;X,Arithmetic Shift Left,2,6,ZPX
16:39:20.578 [Test worker] INFO  net.lomibao.nes.components.CPU6502 - 23,17,???,???,???,1,6,IMP
16:39:20.578 [Test worker] INFO  net.lomibao.nes.components.CPU6502 - 24,18,CLC,Implied,Clear Carry Flag,1,2,IMP
16:39:20.578 [Test worker] INFO  net.lomibao.nes.components.CPU6502 - 25,19,ORA,Absolute;Y,Logical Inclusive OR,3,4,ABY
16:39:20.578 [Test worker] INFO  net.lomibao.nes.components.CPU6502 - 26,1A,???,???,???,1,2,IMP
16:39:20.578 [Test worker] INFO  net.lomibao.nes.components.CPU6502 - 27,1B,???,???,???,1,7,IMP
16:39:20.578 [Test worker] INFO  net.lomibao.nes.components.CPU6502 - 28,1C,???,???,???,1,4,IMP
16:39:20.578 [Test worker] INFO  net.lomibao.nes.components.CPU6502 - 29,1D,ORA,Absolute;X,Logical Inclusive OR,3,4,ABX
16:39:20.578 [Test worker] INFO  net.lomibao.nes.components.CPU6502 - 30,1E,ASL,Absolute;X,Arithmetic Shift Left,3,7,ABX
16:39:20.578 [Test worker] INFO  net.lomibao.nes.components.CPU6502 - 31,1F,???,???,???,1,7,IMP
16:39:20.578 [Test worker] INFO  net.lomibao.nes.components.CPU6502 - 32,20,JSR,Absolute,Jump to Subroutine,3,6,ABS
16:39:20.578 [Test worker] INFO  net.lomibao.nes.components.CPU6502 - 33,21,AND,(Indirect;X),Logical AND,2,6,IZX
16:39:20.578 [Test worker] INFO  net.lomibao.nes.components.CPU6502 - 34,22,???,???,???,1,2,IMP
16:39:20.578 [Test worker] INFO  net.lomibao.nes.components.CPU6502 - 35,23,???,???,???,1,8,IMP
16:39:20.578 [Test worker] INFO  net.lomibao.nes.components.CPU6502 - 36,24,BIT,ZeroPage,Bit Test,2,3,ZP0
16:39:20.578 [Test worker] INFO  net.lomibao.nes.components.CPU6502 - 37,25,AND,ZeroPage,Logical AND,2,3,ZP0
16:39:20.579 [Test worker] INFO  net.lomibao.nes.components.CPU6502 - 38,26,ROL,ZeroPage,Rotate Left,2,5,ZP0
16:39:20.579 [Test worker] INFO  net.lomibao.nes.components.CPU6502 - 39,27,???,???,???,1,5,IMP
16:39:20.579 [Test worker] INFO  net.lomibao.nes.components.CPU6502 - 40,28,PLP,Implied,Pull Processor Status,1,4,IMP
16:39:20.579 [Test worker] INFO  net.lomibao.nes.components.CPU6502 - 41,29,AND,Immediate,Logical AND,2,2,IMM
16:39:20.579 [Test worker] INFO  net.lomibao.nes.components.CPU6502 - 42,2A,ROL,Accumulator,Rotate Left,1,2,IMP
16:39:20.579 [Test worker] INFO  net.lomibao.nes.components.CPU6502 - 43,2B,???,???,???,1,2,IMP
16:39:20.579 [Test worker] INFO  net.lomibao.nes.components.CPU6502 - 44,2C,BIT,Absolute,Bit Test,3,4,ABS
16:39:20.579 [Test worker] INFO  net.lomibao.nes.components.CPU6502 - 45,2D,AND,Absolute,Logical AND,3,4,ABS
16:39:20.579 [Test worker] INFO  net.lomibao.nes.components.CPU6502 - 46,2E,ROL,Absolute,Rotate Left,3,6,ABS
16:39:20.579 [Test worker] INFO  net.lomibao.nes.components.CPU6502 - 47,2F,???,???,???,1,6,IMP
16:39:20.579 [Test worker] INFO  net.lomibao.nes.components.CPU6502 - 48,30,BMI,Relative,Branch if Minus,2,2,REL
16:39:20.580 [Test worker] INFO  net.lomibao.nes.components.CPU6502 - 49,31,AND,(Indirect);Y,Logical AND,2,5,IZY
16:39:20.580 [Test worker] INFO  net.lomibao.nes.components.CPU6502 - 50,32,???,???,???,1,2,IMP
16:39:20.580 [Test worker] INFO  net.lomibao.nes.components.CPU6502 - 51,33,???,???,???,1,8,IMP
16:39:20.580 [Test worker] INFO  net.lomibao.nes.components.CPU6502 - 52,34,???,???,???,1,4,IMP
16:39:20.580 [Test worker] INFO  net.lomibao.nes.components.CPU6502 - 53,35,AND,ZeroPage;X,Logical AND,2,4,ZPX
16:39:20.580 [Test worker] INFO  net.lomibao.nes.components.CPU6502 - 54,36,ROL,ZeroPage;X,Rotate Left,2,6,ZPX
16:39:20.580 [Test worker] INFO  net.lomibao.nes.components.CPU6502 - 55,37,???,???,???,1,6,IMP
16:39:20.580 [Test worker] INFO  net.lomibao.nes.components.CPU6502 - 56,38,SEC,Implied,Set Carry Flag,1,2,IMP
16:39:20.580 [Test worker] INFO  net.lomibao.nes.components.CPU6502 - 57,39,AND,Absolute;Y,Logical AND,3,4,ABY
16:39:20.580 [Test worker] INFO  net.lomibao.nes.components.CPU6502 - 58,3A,???,???,???,1,2,IMP
16:39:20.580 [Test worker] INFO  net.lomibao.nes.components.CPU6502 - 59,3B,???,???,???,1,7,IMP
16:39:20.580 [Test worker] INFO  net.lomibao.nes.components.CPU6502 - 60,3C,???,???,???,1,4,IMP
16:39:20.580 [Test worker] INFO  net.lomibao.nes.components.CPU6502 - 61,3D,AND,Absolute;X,Logical AND,3,4,ABX
16:39:20.581 [Test worker] INFO  net.lomibao.nes.components.CPU6502 - 62,3E,ROL,Absolute;X,Rotate Left,3,7,ABX
16:39:20.581 [Test worker] INFO  net.lomibao.nes.components.CPU6502 - 63,3F,???,???,???,1,7,IMP
16:39:20.581 [Test worker] INFO  net.lomibao.nes.components.CPU6502 - 64,40,RTI,Implied,Return from Interrupt,1,6,IMP
16:39:20.581 [Test worker] INFO  net.lomibao.nes.components.CPU6502 - 65,41,EOR,(Indirect;X),Exclusive OR,2,6,IZX
16:39:20.581 [Test worker] INFO  net.lomibao.nes.components.CPU6502 - 66,42,???,???,???,1,2,IMP
16:39:20.581 [Test worker] INFO  net.lomibao.nes.components.CPU6502 - 67,43,???,???,???,1,8,IMP
16:39:20.581 [Test worker] INFO  net.lomibao.nes.components.CPU6502 - 68,44,???,???,???,1,3,IMP
16:39:20.581 [Test worker] INFO  net.lomibao.nes.components.CPU6502 - 69,45,EOR,ZeroPage,Exclusive OR,2,3,ZP0
16:39:20.581 [Test worker] INFO  net.lomibao.nes.components.CPU6502 - 70,46,LSR,ZeroPage,Logical Shift Right,2,5,ZP0
16:39:20.583 [Test worker] INFO  net.lomibao.nes.components.CPU6502 - 71,47,???,???,???,1,5,IMP
16:39:20.583 [Test worker] INFO  net.lomibao.nes.components.CPU6502 - 72,48,PHA,Implied,Push Accumulator,1,3,IMP
16:39:20.583 [Test worker] INFO  net.lomibao.nes.components.CPU6502 - 73,49,EOR,Immediate,Exclusive OR,2,2,IMM
16:39:20.583 [Test worker] INFO  net.lomibao.nes.components.CPU6502 - 74,4A,LSR,Accumulator,Logical Shift Right,1,2,IMP
16:39:20.583 [Test worker] INFO  net.lomibao.nes.components.CPU6502 - 75,4B,???,???,???,1,2,IMP
16:39:20.584 [Test worker] INFO  net.lomibao.nes.components.CPU6502 - 76,4C,JMP,Absolute,Jump,3,3,ABS
16:39:20.584 [Test worker] INFO  net.lomibao.nes.components.CPU6502 - 77,4D,EOR,Absolute,Exclusive OR,3,4,ABS
16:39:20.584 [Test worker] INFO  net.lomibao.nes.components.CPU6502 - 78,4E,LSR,Absolute,Logical Shift Right,3,6,ABS
16:39:20.584 [Test worker] INFO  net.lomibao.nes.components.CPU6502 - 79,4F,???,???,???,1,6,IMP
16:39:20.584 [Test worker] INFO  net.lomibao.nes.components.CPU6502 - 80,50,BVC,Relative,Branch if Overflow Clear,2,2,REL
16:39:20.584 [Test worker] INFO  net.lomibao.nes.components.CPU6502 - 81,51,EOR,(Indirect);Y,Exclusive OR,2,5,IZY
16:39:20.585 [Test worker] INFO  net.lomibao.nes.components.CPU6502 - 82,52,???,???,???,1,2,IMP
16:39:20.585 [Test worker] INFO  net.lomibao.nes.components.CPU6502 - 83,53,???,???,???,1,8,IMP
16:39:20.585 [Test worker] INFO  net.lomibao.nes.components.CPU6502 - 84,54,???,???,???,1,4,IMP
16:39:20.585 [Test worker] INFO  net.lomibao.nes.components.CPU6502 - 85,55,EOR,ZeroPage;X,Exclusive OR,2,4,ZPX
16:39:20.585 [Test worker] INFO  net.lomibao.nes.components.CPU6502 - 86,56,LSR,ZeroPage;X,Logical Shift Right,2,6,ZPX
16:39:20.585 [Test worker] INFO  net.lomibao.nes.components.CPU6502 - 87,57,???,???,???,1,6,IMP
16:39:20.585 [Test worker] INFO  net.lomibao.nes.components.CPU6502 - 88,58,CLI,Implied,Clear Interrupt Disable,1,2,IMP
16:39:20.585 [Test worker] INFO  net.lomibao.nes.components.CPU6502 - 89,59,EOR,Absolute;Y,Exclusive OR,3,4,ABY
16:39:20.585 [Test worker] INFO  net.lomibao.nes.components.CPU6502 - 90,5A,???,???,???,1,2,IMP
16:39:20.585 [Test worker] INFO  net.lomibao.nes.components.CPU6502 - 91,5B,???,???,???,1,7,IMP
16:39:20.585 [Test worker] INFO  net.lomibao.nes.components.CPU6502 - 92,5C,???,???,???,1,4,IMP
16:39:20.585 [Test worker] INFO  net.lomibao.nes.components.CPU6502 - 93,5D,EOR,Absolute;X,Exclusive OR,3,4,ABX
16:39:20.585 [Test worker] INFO  net.lomibao.nes.components.CPU6502 - 94,5E,LSR,Absolute;X,Logical Shift Right,3,7,ABX
16:39:20.585 [Test worker] INFO  net.lomibao.nes.components.CPU6502 - 95,5F,???,???,???,1,7,IMP
16:39:20.585 [Test worker] INFO  net.lomibao.nes.components.CPU6502 - 96,60,RTS,Implied,Return from Subroutine,1,6,IMP
16:39:20.585 [Test worker] INFO  net.lomibao.nes.components.CPU6502 - 97,61,ADC,(Indirect;X),Add with Carry,2,6,IZX
16:39:20.585 [Test worker] INFO  net.lomibao.nes.components.CPU6502 - 98,62,???,???,???,1,2,IMP
16:39:20.585 [Test worker] INFO  net.lomibao.nes.components.CPU6502 - 99,63,???,???,???,1,8,IMP
16:39:20.585 [Test worker] INFO  net.lomibao.nes.components.CPU6502 - 100,64,???,???,???,1,3,IMP
16:39:20.585 [Test worker] INFO  net.lomibao.nes.components.CPU6502 - 101,65,ADC,ZeroPage,Add with Carry,2,3,ZP0
16:39:20.585 [Test worker] INFO  net.lomibao.nes.components.CPU6502 - 102,66,ROR,ZeroPage,Rotate Right,2,5,ZP0
16:39:20.585 [Test worker] INFO  net.lomibao.nes.components.CPU6502 - 103,67,???,???,???,1,5,IMP
16:39:20.586 [Test worker] INFO  net.lomibao.nes.components.CPU6502 - 104,68,PLA,Implied,Pull Accumulator,1,4,IMP
16:39:20.586 [Test worker] INFO  net.lomibao.nes.components.CPU6502 - 105,69,ADC,Immediate,Add with Carry,2,2,IMM
16:39:20.586 [Test worker] INFO  net.lomibao.nes.components.CPU6502 - 106,6A,ROR,Accumulator,Rotate Right,1,2,IMP
16:39:20.586 [Test worker] INFO  net.lomibao.nes.components.CPU6502 - 107,6B,???,???,???,1,2,IMP
16:39:20.586 [Test worker] INFO  net.lomibao.nes.components.CPU6502 - 108,6C,JMP,Indirect ,Jump,3,5,IND
16:39:20.586 [Test worker] INFO  net.lomibao.nes.components.CPU6502 - 109,6D,ADC,Absolute,Add with Carry,3,4,ABS
16:39:20.586 [Test worker] INFO  net.lomibao.nes.components.CPU6502 - 110,6E,ROR,Absolute,Rotate Right,3,6,ABS
16:39:20.586 [Test worker] INFO  net.lomibao.nes.components.CPU6502 - 111,6F,???,???,???,1,6,IMP
16:39:20.586 [Test worker] INFO  net.lomibao.nes.components.CPU6502 - 112,70,BVS,Relative,Branch if Overflow Set,2,2,REL
16:39:20.586 [Test worker] INFO  net.lomibao.nes.components.CPU6502 - 113,71,ADC,(Indirect);Y,Add with Carry,2,5,IZY
16:39:20.586 [Test worker] INFO  net.lomibao.nes.components.CPU6502 - 114,72,???,???,???,1,2,IMP
16:39:20.586 [Test worker] INFO  net.lomibao.nes.components.CPU6502 - 115,73,???,???,???,1,8,IMP
16:39:20.586 [Test worker] INFO  net.lomibao.nes.components.CPU6502 - 116,74,???,???,???,1,4,IMP
16:39:20.586 [Test worker] INFO  net.lomibao.nes.components.CPU6502 - 117,75,ADC,ZeroPage;X,Add with Carry,2,4,ZPX
16:39:20.586 [Test worker] INFO  net.lomibao.nes.components.CPU6502 - 118,76,ROR,ZeroPage;X,Rotate Right,2,6,ZPX
16:39:20.586 [Test worker] INFO  net.lomibao.nes.components.CPU6502 - 119,77,???,???,???,1,6,IMP
16:39:20.586 [Test worker] INFO  net.lomibao.nes.components.CPU6502 - 120,78,SEI,Implied,Set Interrupt Disable,1,2,IMP
16:39:20.587 [Test worker] INFO  net.lomibao.nes.components.CPU6502 - 121,79,ADC,Absolute;Y,Add with Carry,3,4,ABY
16:39:20.587 [Test worker] INFO  net.lomibao.nes.components.CPU6502 - 122,7A,???,???,???,1,2,IMP
16:39:20.587 [Test worker] INFO  net.lomibao.nes.components.CPU6502 - 123,7B,???,???,???,1,7,IMP
16:39:20.587 [Test worker] INFO  net.lomibao.nes.components.CPU6502 - 124,7C,???,???,???,1,4,IMP
16:39:20.587 [Test worker] INFO  net.lomibao.nes.components.CPU6502 - 125,7D,ADC,Absolute;X,Add with Carry,3,4,ABX
16:39:20.587 [Test worker] INFO  net.lomibao.nes.components.CPU6502 - 126,7E,ROR,Absolute;X,Rotate Right,3,7,ABX
16:39:20.587 [Test worker] INFO  net.lomibao.nes.components.CPU6502 - 127,7F,???,???,???,1,7,IMP
16:39:20.587 [Test worker] INFO  net.lomibao.nes.components.CPU6502 - 128,80,???,???,???,1,2,IMP
16:39:20.588 [Test worker] INFO  net.lomibao.nes.components.CPU6502 - 129,81,STA,(Indirect;X),Store Accumulator,2,6,IZX
16:39:20.588 [Test worker] INFO  net.lomibao.nes.components.CPU6502 - 130,82,???,???,???,1,2,IMP
16:39:20.588 [Test worker] INFO  net.lomibao.nes.components.CPU6502 - 131,83,???,???,???,1,6,IMP
16:39:20.588 [Test worker] INFO  net.lomibao.nes.components.CPU6502 - 132,84,STY,ZeroPage,Store Y Register,2,3,ZP0
16:39:20.588 [Test worker] INFO  net.lomibao.nes.components.CPU6502 - 133,85,STA,ZeroPage,Store Accumulator,2,3,ZP0
16:39:20.588 [Test worker] INFO  net.lomibao.nes.components.CPU6502 - 134,86,STX,ZeroPage,Store X Register,2,3,ZP0
16:39:20.588 [Test worker] INFO  net.lomibao.nes.components.CPU6502 - 135,87,???,???,???,1,3,IMP
16:39:20.588 [Test worker] INFO  net.lomibao.nes.components.CPU6502 - 136,88,DEY,Implied,Decrement Y Register,1,2,IMP
16:39:20.588 [Test worker] INFO  net.lomibao.nes.components.CPU6502 - 137,89,???,???,???,1,2,IMP
16:39:20.588 [Test worker] INFO  net.lomibao.nes.components.CPU6502 - 138,8A,TXA,Implied,Transfer X to Accumulator,1,2,IMP
16:39:20.588 [Test worker] INFO  net.lomibao.nes.components.CPU6502 - 139,8B,???,???,???,1,2,IMP
16:39:20.588 [Test worker] INFO  net.lomibao.nes.components.CPU6502 - 140,8C,STY,Absolute,Store Y Register,3,4,ABS
16:39:20.588 [Test worker] INFO  net.lomibao.nes.components.CPU6502 - 141,8D,STA,Absolute,Store Accumulator,3,4,ABS
16:39:20.588 [Test worker] INFO  net.lomibao.nes.components.CPU6502 - 142,8E,STX,Absolute,Store X Register,3,4,ABS
16:39:20.588 [Test worker] INFO  net.lomibao.nes.components.CPU6502 - 143,8F,???,???,???,1,4,IMP
16:39:20.590 [Test worker] INFO  net.lomibao.nes.components.CPU6502 - 144,90,BCC,Relative,Branch if Carry Clear,2,2,REL
16:39:20.590 [Test worker] INFO  net.lomibao.nes.components.CPU6502 - 145,91,STA,(Indirect);Y,Store Accumulator,2,6,IZY
16:39:20.590 [Test worker] INFO  net.lomibao.nes.components.CPU6502 - 146,92,???,???,???,1,2,IMP
16:39:20.590 [Test worker] INFO  net.lomibao.nes.components.CPU6502 - 147,93,???,???,???,1,6,IMP
16:39:20.590 [Test worker] INFO  net.lomibao.nes.components.CPU6502 - 148,94,STY,ZeroPage;X,Store Y Register,2,4,ZPX
16:39:20.590 [Test worker] INFO  net.lomibao.nes.components.CPU6502 - 149,95,STA,ZeroPage;X,Store Accumulator,2,4,ZPX
16:39:20.590 [Test worker] INFO  net.lomibao.nes.components.CPU6502 - 150,96,STX,ZeroPage;Y,Store X Register,2,4,ZPY
16:39:20.590 [Test worker] INFO  net.lomibao.nes.components.CPU6502 - 151,97,???,???,???,1,4,IMP
16:39:20.590 [Test worker] INFO  net.lomibao.nes.components.CPU6502 - 152,98,TYA,Implied,Transfer Y to Accumulator,1,2,IMP
16:39:20.590 [Test worker] INFO  net.lomibao.nes.components.CPU6502 - 153,99,STA,Absolute;Y,Store Accumulator,3,5,ABY
16:39:20.590 [Test worker] INFO  net.lomibao.nes.components.CPU6502 - 154,9A,TXS,Implied,Transfer X to Stack Pointer,1,2,IMP
16:39:20.590 [Test worker] INFO  net.lomibao.nes.components.CPU6502 - 155,9B,???,???,???,1,5,IMP
16:39:20.590 [Test worker] INFO  net.lomibao.nes.components.CPU6502 - 156,9C,???,???,???,1,5,IMP
16:39:20.590 [Test worker] INFO  net.lomibao.nes.components.CPU6502 - 157,9D,STA,Absolute;X,Store Accumulator,3,5,ABX
16:39:20.590 [Test worker] INFO  net.lomibao.nes.components.CPU6502 - 158,9E,???,???,???,1,5,IMP
16:39:20.590 [Test worker] INFO  net.lomibao.nes.components.CPU6502 - 159,9F,???,???,???,1,5,IMP
16:39:20.590 [Test worker] INFO  net.lomibao.nes.components.CPU6502 - 160,A0,LDY,Immediate,Load Y Register,2,2,IMM
16:39:20.591 [Test worker] INFO  net.lomibao.nes.components.CPU6502 - 161,A1,LDA,(Indirect;X),Load Accumulator,2,6,IZX
16:39:20.591 [Test worker] INFO  net.lomibao.nes.components.CPU6502 - 162,A2,LDX,Immediate,Load X Register,2,2,IMM
16:39:20.591 [Test worker] INFO  net.lomibao.nes.components.CPU6502 - 163,A3,???,???,???,1,6,IMP
16:39:20.591 [Test worker] INFO  net.lomibao.nes.components.CPU6502 - 164,A4,LDY,ZeroPage,Load Y Register,2,3,ZP0
16:39:20.591 [Test worker] INFO  net.lomibao.nes.components.CPU6502 - 165,A5,LDA,ZeroPage,Load Accumulator,2,3,ZP0
16:39:20.591 [Test worker] INFO  net.lomibao.nes.components.CPU6502 - 166,A6,LDX,ZeroPage,Load X Register,2,3,ZP0
16:39:20.591 [Test worker] INFO  net.lomibao.nes.components.CPU6502 - 167,A7,???,???,???,1,3,IMP
16:39:20.591 [Test worker] INFO  net.lomibao.nes.components.CPU6502 - 168,A8,TAY,Implied,Transfer Accumulator to Y,1,2,IMP
16:39:20.591 [Test worker] INFO  net.lomibao.nes.components.CPU6502 - 169,A9,LDA,Immediate,Load Accumulator,2,2,IMM
16:39:20.591 [Test worker] INFO  net.lomibao.nes.components.CPU6502 - 170,AA,TAX,Implied,Transfer Accumulator to X,1,2,IMP
16:39:20.591 [Test worker] INFO  net.lomibao.nes.components.CPU6502 - 171,AB,???,???,???,1,2,IMP
16:39:20.591 [Test worker] INFO  net.lomibao.nes.components.CPU6502 - 172,AC,LDY,Absolute,Load Y Register,3,4,ABS
16:39:20.591 [Test worker] INFO  net.lomibao.nes.components.CPU6502 - 173,AD,LDA,Absolute,Load Accumulator,3,4,ABS
16:39:20.591 [Test worker] INFO  net.lomibao.nes.components.CPU6502 - 174,AE,LDX,Absolute,Load X Register,3,4,ABS
16:39:20.591 [Test worker] INFO  net.lomibao.nes.components.CPU6502 - 175,AF,???,???,???,1,4,IMP
16:39:20.591 [Test worker] INFO  net.lomibao.nes.components.CPU6502 - 176,B0,BCS,Relative,Branch if Carry Set,2,2,REL
16:39:20.591 [Test worker] INFO  net.lomibao.nes.components.CPU6502 - 177,B1,LDA,(Indirect);Y,Load Accumulator,2,5,IZY
16:39:20.591 [Test worker] INFO  net.lomibao.nes.components.CPU6502 - 178,B2,???,???,???,1,2,IMP
16:39:20.592 [Test worker] INFO  net.lomibao.nes.components.CPU6502 - 179,B3,???,???,???,1,5,IMP
16:39:20.592 [Test worker] INFO  net.lomibao.nes.components.CPU6502 - 180,B4,LDY,ZeroPage;X,Load Y Register,2,4,ZPX
16:39:20.592 [Test worker] INFO  net.lomibao.nes.components.CPU6502 - 181,B5,LDA,ZeroPage;X,Load Accumulator,2,4,ZPX
16:39:20.592 [Test worker] INFO  net.lomibao.nes.components.CPU6502 - 182,B6,LDX,ZeroPage;Y,Load X Register,2,4,ZPY
16:39:20.592 [Test worker] INFO  net.lomibao.nes.components.CPU6502 - 183,B7,???,???,???,1,4,IMP
16:39:20.592 [Test worker] INFO  net.lomibao.nes.components.CPU6502 - 184,B8,CLV,Implied,Clear Overflow Flag,1,2,IMP
16:39:20.592 [Test worker] INFO  net.lomibao.nes.components.CPU6502 - 185,B9,LDA,Absolute;Y,Load Accumulator,3,4,ABY
16:39:20.592 [Test worker] INFO  net.lomibao.nes.components.CPU6502 - 186,BA,TSX,Implied,Transfer Stack Pointer to X,1,2,IMP
16:39:20.592 [Test worker] INFO  net.lomibao.nes.components.CPU6502 - 187,BB,???,???,???,1,4,IMP
16:39:20.592 [Test worker] INFO  net.lomibao.nes.components.CPU6502 - 188,BC,LDY,Absolute;X,Load Y Register,3,4,ABX
16:39:20.592 [Test worker] INFO  net.lomibao.nes.components.CPU6502 - 189,BD,LDA,Absolute;X,Load Accumulator,3,4,ABX
16:39:20.592 [Test worker] INFO  net.lomibao.nes.components.CPU6502 - 190,BE,LDX,Absolute;Y,Load X Register,3,4,ABY
16:39:20.592 [Test worker] INFO  net.lomibao.nes.components.CPU6502 - 191,BF,???,???,???,1,4,IMP
16:39:20.592 [Test worker] INFO  net.lomibao.nes.components.CPU6502 - 192,C0,CPY,Immediate,Compare Y Register,2,2,IMM
16:39:20.592 [Test worker] INFO  net.lomibao.nes.components.CPU6502 - 193,C1,CMP,(Indirect;X),Compare,2,6,IZX
16:39:20.592 [Test worker] INFO  net.lomibao.nes.components.CPU6502 - 194,C2,???,???,???,1,2,IMP
16:39:20.592 [Test worker] INFO  net.lomibao.nes.components.CPU6502 - 195,C3,???,???,???,1,8,IMP
16:39:20.592 [Test worker] INFO  net.lomibao.nes.components.CPU6502 - 196,C4,CPY,ZeroPage,Compare Y Register,2,3,ZP0
16:39:20.592 [Test worker] INFO  net.lomibao.nes.components.CPU6502 - 197,C5,CMP,ZeroPage,Compare,2,3,ZP0
16:39:20.592 [Test worker] INFO  net.lomibao.nes.components.CPU6502 - 198,C6,DEC,ZeroPage,Decrement Memory,2,5,ZP0
16:39:20.592 [Test worker] INFO  net.lomibao.nes.components.CPU6502 - 199,C7,???,???,???,1,5,IMP
16:39:20.592 [Test worker] INFO  net.lomibao.nes.components.CPU6502 - 200,C8,INY,Implied,Increment Y Register,1,2,IMP
16:39:20.592 [Test worker] INFO  net.lomibao.nes.components.CPU6502 - 201,C9,CMP,Immediate,Compare,2,2,IMM
16:39:20.592 [Test worker] INFO  net.lomibao.nes.components.CPU6502 - 202,CA,DEX,Implied,Decrement X Register,1,2,IMP
16:39:20.592 [Test worker] INFO  net.lomibao.nes.components.CPU6502 - 203,CB,???,???,???,1,2,IMP
16:39:20.592 [Test worker] INFO  net.lomibao.nes.components.CPU6502 - 204,CC,CPY,Absolute,Compare Y Register,3,4,ABS
16:39:20.592 [Test worker] INFO  net.lomibao.nes.components.CPU6502 - 205,CD,CMP,Absolute,Compare,3,4,ABS
16:39:20.592 [Test worker] INFO  net.lomibao.nes.components.CPU6502 - 206,CE,DEC,Absolute,Decrement Memory,3,6,ABS
16:39:20.592 [Test worker] INFO  net.lomibao.nes.components.CPU6502 - 207,CF,???,???,???,1,6,IMP
16:39:20.593 [Test worker] INFO  net.lomibao.nes.components.CPU6502 - 208,D0,BNE,Relative,Branch if Not Equal,2,2,REL
16:39:20.593 [Test worker] INFO  net.lomibao.nes.components.CPU6502 - 209,D1,CMP,(Indirect);Y,Compare,2,5,IZY
16:39:20.593 [Test worker] INFO  net.lomibao.nes.components.CPU6502 - 210,D2,???,???,???,1,2,IMP
16:39:20.593 [Test worker] INFO  net.lomibao.nes.components.CPU6502 - 211,D3,???,???,???,1,8,IMP
16:39:20.593 [Test worker] INFO  net.lomibao.nes.components.CPU6502 - 212,D4,???,???,???,1,4,IMP
16:39:20.593 [Test worker] INFO  net.lomibao.nes.components.CPU6502 - 213,D5,CMP,ZeroPage;X,Compare,2,4,ZPX
16:39:20.593 [Test worker] INFO  net.lomibao.nes.components.CPU6502 - 214,D6,DEC,ZeroPage;X,Decrement Memory,2,6,ZPX
16:39:20.593 [Test worker] INFO  net.lomibao.nes.components.CPU6502 - 215,D7,???,???,???,1,6,IMP
16:39:20.593 [Test worker] INFO  net.lomibao.nes.components.CPU6502 - 216,D8,CLD,Implied,Clear Decimal Mode,1,2,IMP
16:39:20.593 [Test worker] INFO  net.lomibao.nes.components.CPU6502 - 217,D9,CMP,Absolute;Y,Compare,3,4,ABY
16:39:20.593 [Test worker] INFO  net.lomibao.nes.components.CPU6502 - 218,DA,NOP,???,???,1,2,IMP
16:39:20.593 [Test worker] INFO  net.lomibao.nes.components.CPU6502 - 219,DB,???,???,???,1,7,IMP
16:39:20.593 [Test worker] INFO  net.lomibao.nes.components.CPU6502 - 220,DC,???,???,???,1,4,IMP
16:39:20.593 [Test worker] INFO  net.lomibao.nes.components.CPU6502 - 221,DD,CMP,Absolute;X,Compare,3,4,ABX
16:39:20.593 [Test worker] INFO  net.lomibao.nes.components.CPU6502 - 222,DE,DEC,Absolute;X,Decrement Memory,3,7,ABX
16:39:20.593 [Test worker] INFO  net.lomibao.nes.components.CPU6502 - 223,DF,???,???,???,1,7,IMP
16:39:20.593 [Test worker] INFO  net.lomibao.nes.components.CPU6502 - 224,E0,CPX,Immediate,Compare X Register,2,2,IMM
16:39:20.593 [Test worker] INFO  net.lomibao.nes.components.CPU6502 - 225,E1,SBC,(Indirect;X),Subtract with Carry,2,6,IZX
16:39:20.593 [Test worker] INFO  net.lomibao.nes.components.CPU6502 - 226,E2,???,???,???,1,2,IMP
16:39:20.593 [Test worker] INFO  net.lomibao.nes.components.CPU6502 - 227,E3,???,???,???,1,8,IMP
16:39:20.593 [Test worker] INFO  net.lomibao.nes.components.CPU6502 - 228,E4,CPX,ZeroPage,Compare X Register,2,3,ZP0
16:39:20.593 [Test worker] INFO  net.lomibao.nes.components.CPU6502 - 229,E5,SBC,ZeroPage,Subtract with Carry,2,3,ZP0
16:39:20.593 [Test worker] INFO  net.lomibao.nes.components.CPU6502 - 230,E6,INC,ZeroPage,Increment Memory,2,5,ZP0
16:39:20.593 [Test worker] INFO  net.lomibao.nes.components.CPU6502 - 231,E7,???,???,???,1,5,IMP
16:39:20.593 [Test worker] INFO  net.lomibao.nes.components.CPU6502 - 232,E8,INX,Implied,Increment X Register,1,2,IMP
16:39:20.595 [Test worker] INFO  net.lomibao.nes.components.CPU6502 - 233,E9,SBC,Immediate,Subtract with Carry,2,2,IMM
16:39:20.595 [Test worker] INFO  net.lomibao.nes.components.CPU6502 - 234,EA,NOP,Implied,No Operation,1,2,IMP
16:39:20.595 [Test worker] INFO  net.lomibao.nes.components.CPU6502 - 235,EB,???,???,???,1,2,IMP
16:39:20.595 [Test worker] INFO  net.lomibao.nes.components.CPU6502 - 236,EC,CPX,Absolute,Compare X Register,3,4,ABS
16:39:20.595 [Test worker] INFO  net.lomibao.nes.components.CPU6502 - 237,ED,SBC,Absolute,Subtract with Carry,3,4,ABS
16:39:20.595 [Test worker] INFO  net.lomibao.nes.components.CPU6502 - 238,EE,INC,Absolute,Increment Memory,3,6,ABS
16:39:20.595 [Test worker] INFO  net.lomibao.nes.components.CPU6502 - 239,EF,???,???,???,1,6,IMP
16:39:20.595 [Test worker] INFO  net.lomibao.nes.components.CPU6502 - 240,F0,BEQ,Relative,Branch if Equal,2,2,REL
16:39:20.595 [Test worker] INFO  net.lomibao.nes.components.CPU6502 - 241,F1,SBC,(Indirect);Y,Subtract with Carry,2,5,IZY
16:39:20.595 [Test worker] INFO  net.lomibao.nes.components.CPU6502 - 242,F2,???,???,???,1,2,IMP
16:39:20.595 [Test worker] INFO  net.lomibao.nes.components.CPU6502 - 243,F3,???,???,???,1,8,IMP
16:39:20.595 [Test worker] INFO  net.lomibao.nes.components.CPU6502 - 244,F4,???,???,???,1,4,IMP
16:39:20.595 [Test worker] INFO  net.lomibao.nes.components.CPU6502 - 245,F5,SBC,ZeroPage;X,Subtract with Carry,2,4,ZPX
16:39:20.595 [Test worker] INFO  net.lomibao.nes.components.CPU6502 - 246,F6,INC,ZeroPage;X,Increment Memory,2,6,ZPX
16:39:20.595 [Test worker] INFO  net.lomibao.nes.components.CPU6502 - 247,F7,???,???,???,1,6,IMP
16:39:20.595 [Test worker] INFO  net.lomibao.nes.components.CPU6502 - 248,F8,SED,Implied,Set Decimal Flag,1,2,IMP
16:39:20.595 [Test worker] INFO  net.lomibao.nes.components.CPU6502 - 249,F9,SBC,Absolute;Y,Subtract with Carry,3,4,ABY
16:39:20.595 [Test worker] INFO  net.lomibao.nes.components.CPU6502 - 250,FA,NOP,???,???,1,2,IMP
16:39:20.595 [Test worker] INFO  net.lomibao.nes.components.CPU6502 - 251,FB,???,???,???,1,7,IMP
16:39:20.595 [Test worker] INFO  net.lomibao.nes.components.CPU6502 - 252,FC,???,???,???,1,4,IMP
16:39:20.596 [Test worker] INFO  net.lomibao.nes.components.CPU6502 - 253,FD,SBC,Absolute;X,Subtract with Carry,3,4,ABX
16:39:20.597 [Test worker] INFO  net.lomibao.nes.components.CPU6502 - 254,FE,INC,Absolute;X,Increment Memory,3,7,ABX
16:39:20.597 [Test worker] INFO  net.lomibao.nes.components.CPU6502 - 255,FF,???,???,???,1,7,IMP
16:39:20.606 [Test worker] INFO  net.lomibao.nes.components.CPU6502 - 0,00,BRK,Implied,Force Interrupt,1,7,IMM
16:39:20.606 [Test worker] INFO  net.lomibao.nes.components.CPU6502 - 1,01,ORA,(Indirect;X),Logical Inclusive OR,2,6,IZX
16:39:20.606 [Test worker] INFO  net.lomibao.nes.components.CPU6502 - 2,02,???,???,???,1,2,IMP
16:39:20.606 [Test worker] INFO  net.lomibao.nes.components.CPU6502 - 3,03,???,???,???,1,8,IMP
16:39:20.606 [Test worker] INFO  net.lomibao.nes.components.CPU6502 - 4,04,???,???,???,1,3,IMP
16:39:20.606 [Test worker] INFO  net.lomibao.nes.components.CPU6502 - 5,05,ORA,ZeroPage,Logical Inclusive OR,2,3,ZP0
16:39:20.606 [Test worker] INFO  net.lomibao.nes.components.CPU6502 - 6,06,ASL,ZeroPage,Arithmetic Shift Left,2,5,ZP0
16:39:20.606 [Test worker] INFO  net.lomibao.nes.components.CPU6502 - 7,07,???,???,???,1,5,IMP
16:39:20.606 [Test worker] INFO  net.lomibao.nes.components.CPU6502 - 8,08,PHP,Implied,Push Processor Status,1,3,IMP
16:39:20.606 [Test worker] INFO  net.lomibao.nes.components.CPU6502 - 9,09,ORA,Immediate,Logical Inclusive OR,2,2,IMM
16:39:20.606 [Test worker] INFO  net.lomibao.nes.components.CPU6502 - 10,0A,ASL,Accumulator,Arithmetic Shift Left,1,2,IMP
16:39:20.606 [Test worker] INFO  net.lomibao.nes.components.CPU6502 - 11,0B,???,???,???,1,2,IMP
16:39:20.606 [Test worker] INFO  net.lomibao.nes.components.CPU6502 - 12,0C,???,???,???,1,4,IMP
16:39:20.606 [Test worker] INFO  net.lomibao.nes.components.CPU6502 - 13,0D,ORA,Absolute,Logical Inclusive OR,3,4,ABS
16:39:20.606 [Test worker] INFO  net.lomibao.nes.components.CPU6502 - 14,0E,ASL,Absolute,Arithmetic Shift Left,3,6,ABS
16:39:20.606 [Test worker] INFO  net.lomibao.nes.components.CPU6502 - 15,0F,???,???,???,1,6,IMP
16:39:20.606 [Test worker] INFO  net.lomibao.nes.components.CPU6502 - 16,10,BPL,Relative,Branch if Positive,2,2,REL
16:39:20.606 [Test worker] INFO  net.lomibao.nes.components.CPU6502 - 17,11,ORA,(Indirect);Y,Logical Inclusive OR,2,5,IZY
16:39:20.607 [Test worker] INFO  net.lomibao.nes.components.CPU6502 - 18,12,???,???,???,1,2,IMP
16:39:20.607 [Test worker] INFO  net.lomibao.nes.components.CPU6502 - 19,13,???,???,???,1,8,IMP
16:39:20.607 [Test worker] INFO  net.lomibao.nes.components.CPU6502 - 20,14,???,???,???,1,4,IMP
16:39:20.607 [Test worker] INFO  net.lomibao.nes.components.CPU6502 - 21,15,ORA,ZeroPage;X,Logical Inclusive OR,2,4,ZPX
16:39:20.607 [Test worker] INFO  net.lomibao.nes.components.CPU6502 - 22,16,ASL,ZeroPage;X,Arithmetic Shift Left,2,6,ZPX
16:39:20.607 [Test worker] INFO  net.lomibao.nes.components.CPU6502 - 23,17,???,???,???,1,6,IMP
16:39:20.607 [Test worker] INFO  net.lomibao.nes.components.CPU6502 - 24,18,CLC,Implied,Clear Carry Flag,1,2,IMP
16:39:20.607 [Test worker] INFO  net.lomibao.nes.components.CPU6502 - 25,19,ORA,Absolute;Y,Logical Inclusive OR,3,4,ABY
16:39:20.607 [Test worker] INFO  net.lomibao.nes.components.CPU6502 - 26,1A,???,???,???,1,2,IMP
16:39:20.607 [Test worker] INFO  net.lomibao.nes.components.CPU6502 - 27,1B,???,???,???,1,7,IMP
16:39:20.607 [Test worker] INFO  net.lomibao.nes.components.CPU6502 - 28,1C,???,???,???,1,4,IMP
16:39:20.607 [Test worker] INFO  net.lomibao.nes.components.CPU6502 - 29,1D,ORA,Absolute;X,Logical Inclusive OR,3,4,ABX
16:39:20.607 [Test worker] INFO  net.lomibao.nes.components.CPU6502 - 30,1E,ASL,Absolute;X,Arithmetic Shift Left,3,7,ABX
16:39:20.607 [Test worker] INFO  net.lomibao.nes.components.CPU6502 - 31,1F,???,???,???,1,7,IMP
16:39:20.607 [Test worker] INFO  net.lomibao.nes.components.CPU6502 - 32,20,JSR,Absolute,Jump to Subroutine,3,6,ABS
16:39:20.607 [Test worker] INFO  net.lomibao.nes.components.CPU6502 - 33,21,AND,(Indirect;X),Logical AND,2,6,IZX
16:39:20.607 [Test worker] INFO  net.lomibao.nes.components.CPU6502 - 34,22,???,???,???,1,2,IMP
16:39:20.607 [Test worker] INFO  net.lomibao.nes.components.CPU6502 - 35,23,???,???,???,1,8,IMP
16:39:20.607 [Test worker] INFO  net.lomibao.nes.components.CPU6502 - 36,24,BIT,ZeroPage,Bit Test,2,3,ZP0
16:39:20.607 [Test worker] INFO  net.lomibao.nes.components.CPU6502 - 37,25,AND,ZeroPage,Logical AND,2,3,ZP0
16:39:20.607 [Test worker] INFO  net.lomibao.nes.components.CPU6502 - 38,26,ROL,ZeroPage,Rotate Left,2,5,ZP0
16:39:20.607 [Test worker] INFO  net.lomibao.nes.components.CPU6502 - 39,27,???,???,???,1,5,IMP
16:39:20.607 [Test worker] INFO  net.lomibao.nes.components.CPU6502 - 40,28,PLP,Implied,Pull Processor Status,1,4,IMP
16:39:20.607 [Test worker] INFO  net.lomibao.nes.components.CPU6502 - 41,29,AND,Immediate,Logical AND,2,2,IMM
16:39:20.608 [Test worker] INFO  net.lomibao.nes.components.CPU6502 - 42,2A,ROL,Accumulator,Rotate Left,1,2,IMP
16:39:20.608 [Test worker] INFO  net.lomibao.nes.components.CPU6502 - 43,2B,???,???,???,1,2,IMP
16:39:20.608 [Test worker] INFO  net.lomibao.nes.components.CPU6502 - 44,2C,BIT,Absolute,Bit Test,3,4,ABS
16:39:20.608 [Test worker] INFO  net.lomibao.nes.components.CPU6502 - 45,2D,AND,Absolute,Logical AND,3,4,ABS
16:39:20.608 [Test worker] INFO  net.lomibao.nes.components.CPU6502 - 46,2E,ROL,Absolute,Rotate Left,3,6,ABS
16:39:20.608 [Test worker] INFO  net.lomibao.nes.components.CPU6502 - 47,2F,???,???,???,1,6,IMP
16:39:20.608 [Test worker] INFO  net.lomibao.nes.components.CPU6502 - 48,30,BMI,Relative,Branch if Minus,2,2,REL
16:39:20.608 [Test worker] INFO  net.lomibao.nes.components.CPU6502 - 49,31,AND,(Indirect);Y,Logical AND,2,5,IZY
16:39:20.608 [Test worker] INFO  net.lomibao.nes.components.CPU6502 - 50,32,???,???,???,1,2,IMP
16:39:20.608 [Test worker] INFO  net.lomibao.nes.components.CPU6502 - 51,33,???,???,???,1,8,IMP
16:39:20.608 [Test worker] INFO  net.lomibao.nes.components.CPU6502 - 52,34,???,???,???,1,4,IMP
16:39:20.608 [Test worker] INFO  net.lomibao.nes.components.CPU6502 - 53,35,AND,ZeroPage;X,Logical AND,2,4,ZPX
16:39:20.608 [Test worker] INFO  net.lomibao.nes.components.CPU6502 - 54,36,ROL,ZeroPage;X,Rotate Left,2,6,ZPX
16:39:20.608 [Test worker] INFO  net.lomibao.nes.components.CPU6502 - 55,37,???,???,???,1,6,IMP
16:39:20.608 [Test worker] INFO  net.lomibao.nes.components.CPU6502 - 56,38,SEC,Implied,Set Carry Flag,1,2,IMP
16:39:20.608 [Test worker] INFO  net.lomibao.nes.components.CPU6502 - 57,39,AND,Absolute;Y,Logical AND,3,4,ABY
16:39:20.608 [Test worker] INFO  net.lomibao.nes.components.CPU6502 - 58,3A,???,???,???,1,2,IMP
16:39:20.608 [Test worker] INFO  net.lomibao.nes.components.CPU6502 - 59,3B,???,???,???,1,7,IMP
16:39:20.608 [Test worker] INFO  net.lomibao.nes.components.CPU6502 - 60,3C,???,???,???,1,4,IMP
16:39:20.608 [Test worker] INFO  net.lomibao.nes.components.CPU6502 - 61,3D,AND,Absolute;X,Logical AND,3,4,ABX
16:39:20.608 [Test worker] INFO  net.lomibao.nes.components.CPU6502 - 62,3E,ROL,Absolute;X,Rotate Left,3,7,ABX
16:39:20.608 [Test worker] INFO  net.lomibao.nes.components.CPU6502 - 63,3F,???,???,???,1,7,IMP
16:39:20.608 [Test worker] INFO  net.lomibao.nes.components.CPU6502 - 64,40,RTI,Implied,Return from Interrupt,1,6,IMP
16:39:20.609 [Test worker] INFO  net.lomibao.nes.components.CPU6502 - 65,41,EOR,(Indirect;X),Exclusive OR,2,6,IZX
16:39:20.609 [Test worker] INFO  net.lomibao.nes.components.CPU6502 - 66,42,???,???,???,1,2,IMP
16:39:20.609 [Test worker] INFO  net.lomibao.nes.components.CPU6502 - 67,43,???,???,???,1,8,IMP
16:39:20.609 [Test worker] INFO  net.lomibao.nes.components.CPU6502 - 68,44,???,???,???,1,3,IMP
16:39:20.609 [Test worker] INFO  net.lomibao.nes.components.CPU6502 - 69,45,EOR,ZeroPage,Exclusive OR,2,3,ZP0
16:39:20.609 [Test worker] INFO  net.lomibao.nes.components.CPU6502 - 70,46,LSR,ZeroPage,Logical Shift Right,2,5,ZP0
16:39:20.609 [Test worker] INFO  net.lomibao.nes.components.CPU6502 - 71,47,???,???,???,1,5,IMP
16:39:20.609 [Test worker] INFO  net.lomibao.nes.components.CPU6502 - 72,48,PHA,Implied,Push Accumulator,1,3,IMP
16:39:20.609 [Test worker] INFO  net.lomibao.nes.components.CPU6502 - 73,49,EOR,Immediate,Exclusive OR,2,2,IMM
16:39:20.609 [Test worker] INFO  net.lomibao.nes.components.CPU6502 - 74,4A,LSR,Accumulator,Logical Shift Right,1,2,IMP
16:39:20.609 [Test worker] INFO  net.lomibao.nes.components.CPU6502 - 75,4B,???,???,???,1,2,IMP
16:39:20.609 [Test worker] INFO  net.lomibao.nes.components.CPU6502 - 76,4C,JMP,Absolute,Jump,3,3,ABS
16:39:20.609 [Test worker] INFO  net.lomibao.nes.components.CPU6502 - 77,4D,EOR,Absolute,Exclusive OR,3,4,ABS
16:39:20.609 [Test worker] INFO  net.lomibao.nes.components.CPU6502 - 78,4E,LSR,Absolute,Logical Shift Right,3,6,ABS
16:39:20.609 [Test worker] INFO  net.lomibao.nes.components.CPU6502 - 79,4F,???,???,???,1,6,IMP
16:39:20.609 [Test worker] INFO  net.lomibao.nes.components.CPU6502 - 80,50,BVC,Relative,Branch if Overflow Clear,2,2,REL
16:39:20.610 [Test worker] INFO  net.lomibao.nes.components.CPU6502 - 81,51,EOR,(Indirect);Y,Exclusive OR,2,5,IZY
16:39:20.610 [Test worker] INFO  net.lomibao.nes.components.CPU6502 - 82,52,???,???,???,1,2,IMP
16:39:20.610 [Test worker] INFO  net.lomibao.nes.components.CPU6502 - 83,53,???,???,???,1,8,IMP
16:39:20.610 [Test worker] INFO  net.lomibao.nes.components.CPU6502 - 84,54,???,???,???,1,4,IMP
16:39:20.610 [Test worker] INFO  net.lomibao.nes.components.CPU6502 - 85,55,EOR,ZeroPage;X,Exclusive OR,2,4,ZPX
16:39:20.610 [Test worker] INFO  net.lomibao.nes.components.CPU6502 - 86,56,LSR,ZeroPage;X,Logical Shift Right,2,6,ZPX
16:39:20.610 [Test worker] INFO  net.lomibao.nes.components.CPU6502 - 87,57,???,???,???,1,6,IMP
16:39:20.610 [Test worker] INFO  net.lomibao.nes.components.CPU6502 - 88,58,CLI,Implied,Clear Interrupt Disable,1,2,IMP
16:39:20.610 [Test worker] INFO  net.lomibao.nes.components.CPU6502 - 89,59,EOR,Absolute;Y,Exclusive OR,3,4,ABY
16:39:20.610 [Test worker] INFO  net.lomibao.nes.components.CPU6502 - 90,5A,???,???,???,1,2,IMP
16:39:20.610 [Test worker] INFO  net.lomibao.nes.components.CPU6502 - 91,5B,???,???,???,1,7,IMP
16:39:20.610 [Test worker] INFO  net.lomibao.nes.components.CPU6502 - 92,5C,???,???,???,1,4,IMP
16:39:20.610 [Test worker] INFO  net.lomibao.nes.components.CPU6502 - 93,5D,EOR,Absolute;X,Exclusive OR,3,4,ABX
16:39:20.610 [Test worker] INFO  net.lomibao.nes.components.CPU6502 - 94,5E,LSR,Absolute;X,Logical Shift Right,3,7,ABX
16:39:20.610 [Test worker] INFO  net.lomibao.nes.components.CPU6502 - 95,5F,???,???,???,1,7,IMP
16:39:20.610 [Test worker] INFO  net.lomibao.nes.components.CPU6502 - 96,60,RTS,Implied,Return from Subroutine,1,6,IMP
16:39:20.610 [Test worker] INFO  net.lomibao.nes.components.CPU6502 - 97,61,ADC,(Indirect;X),Add with Carry,2,6,IZX
16:39:20.610 [Test worker] INFO  net.lomibao.nes.components.CPU6502 - 98,62,???,???,???,1,2,IMP
16:39:20.611 [Test worker] INFO  net.lomibao.nes.components.CPU6502 - 99,63,???,???,???,1,8,IMP
16:39:20.611 [Test worker] INFO  net.lomibao.nes.components.CPU6502 - 100,64,???,???,???,1,3,IMP
16:39:20.611 [Test worker] INFO  net.lomibao.nes.components.CPU6502 - 101,65,ADC,ZeroPage,Add with Carry,2,3,ZP0
16:39:20.611 [Test worker] INFO  net.lomibao.nes.components.CPU6502 - 102,66,ROR,ZeroPage,Rotate Right,2,5,ZP0
16:39:20.611 [Test worker] INFO  net.lomibao.nes.components.CPU6502 - 103,67,???,???,???,1,5,IMP
16:39:20.611 [Test worker] INFO  net.lomibao.nes.components.CPU6502 - 104,68,PLA,Implied,Pull Accumulator,1,4,IMP
16:39:20.611 [Test worker] INFO  net.lomibao.nes.components.CPU6502 - 105,69,ADC,Immediate,Add with Carry,2,2,IMM
16:39:20.611 [Test worker] INFO  net.lomibao.nes.components.CPU6502 - 106,6A,ROR,Accumulator,Rotate Right,1,2,IMP
16:39:20.611 [Test worker] INFO  net.lomibao.nes.components.CPU6502 - 107,6B,???,???,???,1,2,IMP
16:39:20.611 [Test worker] INFO  net.lomibao.nes.components.CPU6502 - 108,6C,JMP,Indirect ,Jump,3,5,IND
16:39:20.611 [Test worker] INFO  net.lomibao.nes.components.CPU6502 - 109,6D,ADC,Absolute,Add with Carry,3,4,ABS
16:39:20.611 [Test worker] INFO  net.lomibao.nes.components.CPU6502 - 110,6E,ROR,Absolute,Rotate Right,3,6,ABS
16:39:20.611 [Test worker] INFO  net.lomibao.nes.components.CPU6502 - 111,6F,???,???,???,1,6,IMP
16:39:20.611 [Test worker] INFO  net.lomibao.nes.components.CPU6502 - 112,70,BVS,Relative,Branch if Overflow Set,2,2,REL
16:39:20.611 [Test worker] INFO  net.lomibao.nes.components.CPU6502 - 113,71,ADC,(Indirect);Y,Add with Carry,2,5,IZY
16:39:20.611 [Test worker] INFO  net.lomibao.nes.components.CPU6502 - 114,72,???,???,???,1,2,IMP
16:39:20.611 [Test worker] INFO  net.lomibao.nes.components.CPU6502 - 115,73,???,???,???,1,8,IMP
16:39:20.611 [Test worker] INFO  net.lomibao.nes.components.CPU6502 - 116,74,???,???,???,1,4,IMP
16:39:20.612 [Test worker] INFO  net.lomibao.nes.components.CPU6502 - 117,75,ADC,ZeroPage;X,Add with Carry,2,4,ZPX
16:39:20.612 [Test worker] INFO  net.lomibao.nes.components.CPU6502 - 118,76,ROR,ZeroPage;X,Rotate Right,2,6,ZPX
16:39:20.612 [Test worker] INFO  net.lomibao.nes.components.CPU6502 - 119,77,???,???,???,1,6,IMP
16:39:20.612 [Test worker] INFO  net.lomibao.nes.components.CPU6502 - 120,78,SEI,Implied,Set Interrupt Disable,1,2,IMP
16:39:20.612 [Test worker] INFO  net.lomibao.nes.components.CPU6502 - 121,79,ADC,Absolute;Y,Add with Carry,3,4,ABY
16:39:20.612 [Test worker] INFO  net.lomibao.nes.components.CPU6502 - 122,7A,???,???,???,1,2,IMP
16:39:20.612 [Test worker] INFO  net.lomibao.nes.components.CPU6502 - 123,7B,???,???,???,1,7,IMP
16:39:20.612 [Test worker] INFO  net.lomibao.nes.components.CPU6502 - 124,7C,???,???,???,1,4,IMP
16:39:20.612 [Test worker] INFO  net.lomibao.nes.components.CPU6502 - 125,7D,ADC,Absolute;X,Add with Carry,3,4,ABX
16:39:20.612 [Test worker] INFO  net.lomibao.nes.components.CPU6502 - 126,7E,ROR,Absolute;X,Rotate Right,3,7,ABX
16:39:20.612 [Test worker] INFO  net.lomibao.nes.components.CPU6502 - 127,7F,???,???,???,1,7,IMP
16:39:20.613 [Test worker] INFO  net.lomibao.nes.components.CPU6502 - 128,80,???,???,???,1,2,IMP
16:39:20.613 [Test worker] INFO  net.lomibao.nes.components.CPU6502 - 129,81,STA,(Indirect;X),Store Accumulator,2,6,IZX
16:39:20.613 [Test worker] INFO  net.lomibao.nes.components.CPU6502 - 130,82,???,???,???,1,2,IMP
16:39:20.613 [Test worker] INFO  net.lomibao.nes.components.CPU6502 - 131,83,???,???,???,1,6,IMP
16:39:20.613 [Test worker] INFO  net.lomibao.nes.components.CPU6502 - 132,84,STY,ZeroPage,Store Y Register,2,3,ZP0
16:39:20.613 [Test worker] INFO  net.lomibao.nes.components.CPU6502 - 133,85,STA,ZeroPage,Store Accumulator,2,3,ZP0
16:39:20.615 [Test worker] INFO  net.lomibao.nes.components.CPU6502 - 134,86,STX,ZeroPage,Store X Register,2,3,ZP0
16:39:20.615 [Test worker] INFO  net.lomibao.nes.components.CPU6502 - 135,87,???,???,???,1,3,IMP
16:39:20.616 [Test worker] INFO  net.lomibao.nes.components.CPU6502 - 136,88,DEY,Implied,Decrement Y Register,1,2,IMP
16:39:20.616 [Test worker] INFO  net.lomibao.nes.components.CPU6502 - 137,89,???,???,???,1,2,IMP
16:39:20.617 [Test worker] INFO  net.lomibao.nes.components.CPU6502 - 138,8A,TXA,Implied,Transfer X to Accumulator,1,2,IMP
16:39:20.617 [Test worker] INFO  net.lomibao.nes.components.CPU6502 - 139,8B,???,???,???,1,2,IMP
16:39:20.617 [Test worker] INFO  net.lomibao.nes.components.CPU6502 - 140,8C,STY,Absolute,Store Y Register,3,4,ABS
16:39:20.617 [Test worker] INFO  net.lomibao.nes.components.CPU6502 - 141,8D,STA,Absolute,Store Accumulator,3,4,ABS
16:39:20.617 [Test worker] INFO  net.lomibao.nes.components.CPU6502 - 142,8E,STX,Absolute,Store X Register,3,4,ABS
16:39:20.617 [Test worker] INFO  net.lomibao.nes.components.CPU6502 - 143,8F,???,???,???,1,4,IMP
16:39:20.617 [Test worker] INFO  net.lomibao.nes.components.CPU6502 - 144,90,BCC,Relative,Branch if Carry Clear,2,2,REL
16:39:20.617 [Test worker] INFO  net.lomibao.nes.components.CPU6502 - 145,91,STA,(Indirect);Y,Store Accumulator,2,6,IZY
16:39:20.617 [Test worker] INFO  net.lomibao.nes.components.CPU6502 - 146,92,???,???,???,1,2,IMP
16:39:20.618 [Test worker] INFO  net.lomibao.nes.components.CPU6502 - 147,93,???,???,???,1,6,IMP
16:39:20.618 [Test worker] INFO  net.lomibao.nes.components.CPU6502 - 148,94,STY,ZeroPage;X,Store Y Register,2,4,ZPX
16:39:20.618 [Test worker] INFO  net.lomibao.nes.components.CPU6502 - 149,95,STA,ZeroPage;X,Store Accumulator,2,4,ZPX
16:39:20.618 [Test worker] INFO  net.lomibao.nes.components.CPU6502 - 150,96,STX,ZeroPage;Y,Store X Register,2,4,ZPY
16:39:20.618 [Test worker] INFO  net.lomibao.nes.components.CPU6502 - 151,97,???,???,???,1,4,IMP
16:39:20.618 [Test worker] INFO  net.lomibao.nes.components.CPU6502 - 152,98,TYA,Implied,Transfer Y to Accumulator,1,2,IMP
16:39:20.619 [Test worker] INFO  net.lomibao.nes.components.CPU6502 - 153,99,STA,Absolute;Y,Store Accumulator,3,5,ABY
16:39:20.619 [Test worker] INFO  net.lomibao.nes.components.CPU6502 - 154,9A,TXS,Implied,Transfer X to Stack Pointer,1,2,IMP
16:39:20.619 [Test worker] INFO  net.lomibao.nes.components.CPU6502 - 155,9B,???,???,???,1,5,IMP
16:39:20.619 [Test worker] INFO  net.lomibao.nes.components.CPU6502 - 156,9C,???,???,???,1,5,IMP
16:39:20.619 [Test worker] INFO  net.lomibao.nes.components.CPU6502 - 157,9D,STA,Absolute;X,Store Accumulator,3,5,ABX
16:39:20.619 [Test worker] INFO  net.lomibao.nes.components.CPU6502 - 158,9E,???,???,???,1,5,IMP
16:39:20.619 [Test worker] INFO  net.lomibao.nes.components.CPU6502 - 159,9F,???,???,???,1,5,IMP
16:39:20.619 [Test worker] INFO  net.lomibao.nes.components.CPU6502 - 160,A0,LDY,Immediate,Load Y Register,2,2,IMM
16:39:20.619 [Test worker] INFO  net.lomibao.nes.components.CPU6502 - 161,A1,LDA,(Indirect;X),Load Accumulator,2,6,IZX
16:39:20.619 [Test worker] INFO  net.lomibao.nes.components.CPU6502 - 162,A2,LDX,Immediate,Load X Register,2,2,IMM
16:39:20.619 [Test worker] INFO  net.lomibao.nes.components.CPU6502 - 163,A3,???,???,???,1,6,IMP
16:39:20.619 [Test worker] INFO  net.lomibao.nes.components.CPU6502 - 164,A4,LDY,ZeroPage,Load Y Register,2,3,ZP0
16:39:20.620 [Test worker] INFO  net.lomibao.nes.components.CPU6502 - 165,A5,LDA,ZeroPage,Load Accumulator,2,3,ZP0
16:39:20.620 [Test worker] INFO  net.lomibao.nes.components.CPU6502 - 166,A6,LDX,ZeroPage,Load X Register,2,3,ZP0
16:39:20.620 [Test worker] INFO  net.lomibao.nes.components.CPU6502 - 167,A7,???,???,???,1,3,IMP
16:39:20.620 [Test worker] INFO  net.lomibao.nes.components.CPU6502 - 168,A8,TAY,Implied,Transfer Accumulator to Y,1,2,IMP
16:39:20.620 [Test worker] INFO  net.lomibao.nes.components.CPU6502 - 169,A9,LDA,Immediate,Load Accumulator,2,2,IMM
16:39:20.620 [Test worker] INFO  net.lomibao.nes.components.CPU6502 - 170,AA,TAX,Implied,Transfer Accumulator to X,1,2,IMP
16:39:20.620 [Test worker] INFO  net.lomibao.nes.components.CPU6502 - 171,AB,???,???,???,1,2,IMP
16:39:20.620 [Test worker] INFO  net.lomibao.nes.components.CPU6502 - 172,AC,LDY,Absolute,Load Y Register,3,4,ABS
16:39:20.620 [Test worker] INFO  net.lomibao.nes.components.CPU6502 - 173,AD,LDA,Absolute,Load Accumulator,3,4,ABS
16:39:20.620 [Test worker] INFO  net.lomibao.nes.components.CPU6502 - 174,AE,LDX,Absolute,Load X Register,3,4,ABS
16:39:20.620 [Test worker] INFO  net.lomibao.nes.components.CPU6502 - 175,AF,???,???,???,1,4,IMP
16:39:20.620 [Test worker] INFO  net.lomibao.nes.components.CPU6502 - 176,B0,BCS,Relative,Branch if Carry Set,2,2,REL
16:39:20.620 [Test worker] INFO  net.lomibao.nes.components.CPU6502 - 177,B1,LDA,(Indirect);Y,Load Accumulator,2,5,IZY
16:39:20.620 [Test worker] INFO  net.lomibao.nes.components.CPU6502 - 178,B2,???,???,???,1,2,IMP
16:39:20.620 [Test worker] INFO  net.lomibao.nes.components.CPU6502 - 179,B3,???,???,???,1,5,IMP
16:39:20.620 [Test worker] INFO  net.lomibao.nes.components.CPU6502 - 180,B4,LDY,ZeroPage;X,Load Y Register,2,4,ZPX
16:39:20.620 [Test worker] INFO  net.lomibao.nes.components.CPU6502 - 181,B5,LDA,ZeroPage;X,Load Accumulator,2,4,ZPX
16:39:20.620 [Test worker] INFO  net.lomibao.nes.components.CPU6502 - 182,B6,LDX,ZeroPage;Y,Load X Register,2,4,ZPY
16:39:20.620 [Test worker] INFO  net.lomibao.nes.components.CPU6502 - 183,B7,???,???,???,1,4,IMP
16:39:20.620 [Test worker] INFO  net.lomibao.nes.components.CPU6502 - 184,B8,CLV,Implied,Clear Overflow Flag,1,2,IMP
16:39:20.620 [Test worker] INFO  net.lomibao.nes.components.CPU6502 - 185,B9,LDA,Absolute;Y,Load Accumulator,3,4,ABY
16:39:20.620 [Test worker] INFO  net.lomibao.nes.components.CPU6502 - 186,BA,TSX,Implied,Transfer Stack Pointer to X,1,2,IMP
16:39:20.620 [Test worker] INFO  net.lomibao.nes.components.CPU6502 - 187,BB,???,???,???,1,4,IMP
16:39:20.621 [Test worker] INFO  net.lomibao.nes.components.CPU6502 - 188,BC,LDY,Absolute;X,Load Y Register,3,4,ABX
16:39:20.621 [Test worker] INFO  net.lomibao.nes.components.CPU6502 - 189,BD,LDA,Absolute;X,Load Accumulator,3,4,ABX
16:39:20.621 [Test worker] INFO  net.lomibao.nes.components.CPU6502 - 190,BE,LDX,Absolute;Y,Load X Register,3,4,ABY
16:39:20.621 [Test worker] INFO  net.lomibao.nes.components.CPU6502 - 191,BF,???,???,???,1,4,IMP
16:39:20.621 [Test worker] INFO  net.lomibao.nes.components.CPU6502 - 192,C0,CPY,Immediate,Compare Y Register,2,2,IMM
16:39:20.621 [Test worker] INFO  net.lomibao.nes.components.CPU6502 - 193,C1,CMP,(Indirect;X),Compare,2,6,IZX
16:39:20.621 [Test worker] INFO  net.lomibao.nes.components.CPU6502 - 194,C2,???,???,???,1,2,IMP
16:39:20.621 [Test worker] INFO  net.lomibao.nes.components.CPU6502 - 195,C3,???,???,???,1,8,IMP
16:39:20.621 [Test worker] INFO  net.lomibao.nes.components.CPU6502 - 196,C4,CPY,ZeroPage,Compare Y Register,2,3,ZP0
16:39:20.621 [Test worker] INFO  net.lomibao.nes.components.CPU6502 - 197,C5,CMP,ZeroPage,Compare,2,3,ZP0
16:39:20.621 [Test worker] INFO  net.lomibao.nes.components.CPU6502 - 198,C6,DEC,ZeroPage,Decrement Memory,2,5,ZP0
16:39:20.621 [Test worker] INFO  net.lomibao.nes.components.CPU6502 - 199,C7,???,???,???,1,5,IMP
16:39:20.621 [Test worker] INFO  net.lomibao.nes.components.CPU6502 - 200,C8,INY,Implied,Increment Y Register,1,2,IMP
16:39:20.621 [Test worker] INFO  net.lomibao.nes.components.CPU6502 - 201,C9,CMP,Immediate,Compare,2,2,IMM
16:39:20.621 [Test worker] INFO  net.lomibao.nes.components.CPU6502 - 202,CA,DEX,Implied,Decrement X Register,1,2,IMP
16:39:20.621 [Test worker] INFO  net.lomibao.nes.components.CPU6502 - 203,CB,???,???,???,1,2,IMP
16:39:20.621 [Test worker] INFO  net.lomibao.nes.components.CPU6502 - 204,CC,CPY,Absolute,Compare Y Register,3,4,ABS
16:39:20.621 [Test worker] INFO  net.lomibao.nes.components.CPU6502 - 205,CD,CMP,Absolute,Compare,3,4,ABS
16:39:20.621 [Test worker] INFO  net.lomibao.nes.components.CPU6502 - 206,CE,DEC,Absolute,Decrement Memory,3,6,ABS
16:39:20.621 [Test worker] INFO  net.lomibao.nes.components.CPU6502 - 207,CF,???,???,???,1,6,IMP
16:39:20.622 [Test worker] INFO  net.lomibao.nes.components.CPU6502 - 208,D0,BNE,Relative,Branch if Not Equal,2,2,REL
16:39:20.622 [Test worker] INFO  net.lomibao.nes.components.CPU6502 - 209,D1,CMP,(Indirect);Y,Compare,2,5,IZY
16:39:20.622 [Test worker] INFO  net.lomibao.nes.components.CPU6502 - 210,D2,???,???,???,1,2,IMP
16:39:20.622 [Test worker] INFO  net.lomibao.nes.components.CPU6502 - 211,D3,???,???,???,1,8,IMP
16:39:20.622 [Test worker] INFO  net.lomibao.nes.components.CPU6502 - 212,D4,???,???,???,1,4,IMP
16:39:20.622 [Test worker] INFO  net.lomibao.nes.components.CPU6502 - 213,D5,CMP,ZeroPage;X,Compare,2,4,ZPX
16:39:20.622 [Test worker] INFO  net.lomibao.nes.components.CPU6502 - 214,D6,DEC,ZeroPage;X,Decrement Memory,2,6,ZPX
16:39:20.622 [Test worker] INFO  net.lomibao.nes.components.CPU6502 - 215,D7,???,???,???,1,6,IMP
16:39:20.622 [Test worker] INFO  net.lomibao.nes.components.CPU6502 - 216,D8,CLD,Implied,Clear Decimal Mode,1,2,IMP
16:39:20.622 [Test worker] INFO  net.lomibao.nes.components.CPU6502 - 217,D9,CMP,Absolute;Y,Compare,3,4,ABY
16:39:20.622 [Test worker] INFO  net.lomibao.nes.components.CPU6502 - 218,DA,NOP,???,???,1,2,IMP
16:39:20.622 [Test worker] INFO  net.lomibao.nes.components.CPU6502 - 219,DB,???,???,???,1,7,IMP
16:39:20.622 [Test worker] INFO  net.lomibao.nes.components.CPU6502 - 220,DC,???,???,???,1,4,IMP
16:39:20.622 [Test worker] INFO  net.lomibao.nes.components.CPU6502 - 221,DD,CMP,Absolute;X,Compare,3,4,ABX
16:39:20.622 [Test worker] INFO  net.lomibao.nes.components.CPU6502 - 222,DE,DEC,Absolute;X,Decrement Memory,3,7,ABX
16:39:20.622 [Test worker] INFO  net.lomibao.nes.components.CPU6502 - 223,DF,???,???,???,1,7,IMP
16:39:20.622 [Test worker] INFO  net.lomibao.nes.components.CPU6502 - 224,E0,CPX,Immediate,Compare X Register,2,2,IMM
16:39:20.622 [Test worker] INFO  net.lomibao.nes.components.CPU6502 - 225,E1,SBC,(Indirect;X),Subtract with Carry,2,6,IZX
16:39:20.622 [Test worker] INFO  net.lomibao.nes.components.CPU6502 - 226,E2,???,???,???,1,2,IMP
16:39:20.622 [Test worker] INFO  net.lomibao.nes.components.CPU6502 - 227,E3,???,???,???,1,8,IMP
16:39:20.623 [Test worker] INFO  net.lomibao.nes.components.CPU6502 - 228,E4,CPX,ZeroPage,Compare X Register,2,3,ZP0
16:39:20.623 [Test worker] INFO  net.lomibao.nes.components.CPU6502 - 229,E5,SBC,ZeroPage,Subtract with Carry,2,3,ZP0
16:39:20.623 [Test worker] INFO  net.lomibao.nes.components.CPU6502 - 230,E6,INC,ZeroPage,Increment Memory,2,5,ZP0
16:39:20.623 [Test worker] INFO  net.lomibao.nes.components.CPU6502 - 231,E7,???,???,???,1,5,IMP
16:39:20.623 [Test worker] INFO  net.lomibao.nes.components.CPU6502 - 232,E8,INX,Implied,Increment X Register,1,2,IMP
16:39:20.623 [Test worker] INFO  net.lomibao.nes.components.CPU6502 - 233,E9,SBC,Immediate,Subtract with Carry,2,2,IMM
16:39:20.623 [Test worker] INFO  net.lomibao.nes.components.CPU6502 - 234,EA,NOP,Implied,No Operation,1,2,IMP
16:39:20.623 [Test worker] INFO  net.lomibao.nes.components.CPU6502 - 235,EB,???,???,???,1,2,IMP
16:39:20.623 [Test worker] INFO  net.lomibao.nes.components.CPU6502 - 236,EC,CPX,Absolute,Compare X Register,3,4,ABS
16:39:20.623 [Test worker] INFO  net.lomibao.nes.components.CPU6502 - 237,ED,SBC,Absolute,Subtract with Carry,3,4,ABS
16:39:20.623 [Test worker] INFO  net.lomibao.nes.components.CPU6502 - 238,EE,INC,Absolute,Increment Memory,3,6,ABS
16:39:20.623 [Test worker] INFO  net.lomibao.nes.components.CPU6502 - 239,EF,???,???,???,1,6,IMP
16:39:20.623 [Test worker] INFO  net.lomibao.nes.components.CPU6502 - 240,F0,BEQ,Relative,Branch if Equal,2,2,REL
16:39:20.623 [Test worker] INFO  net.lomibao.nes.components.CPU6502 - 241,F1,SBC,(Indirect);Y,Subtract with Carry,2,5,IZY
16:39:20.623 [Test worker] INFO  net.lomibao.nes.components.CPU6502 - 242,F2,???,???,???,1,2,IMP
16:39:20.623 [Test worker] INFO  net.lomibao.nes.components.CPU6502 - 243,F3,???,???,???,1,8,IMP
16:39:20.623 [Test worker] INFO  net.lomibao.nes.components.CPU6502 - 244,F4,???,???,???,1,4,IMP
16:39:20.623 [Test worker] INFO  net.lomibao.nes.components.CPU6502 - 245,F5,SBC,ZeroPage;X,Subtract with Carry,2,4,ZPX
16:39:20.623 [Test worker] INFO  net.lomibao.nes.components.CPU6502 - 246,F6,INC,ZeroPage;X,Increment Memory,2,6,ZPX
16:39:20.623 [Test worker] INFO  net.lomibao.nes.components.CPU6502 - 247,F7,???,???,???,1,6,IMP
16:39:20.623 [Test worker] INFO  net.lomibao.nes.components.CPU6502 - 248,F8,SED,Implied,Set Decimal Flag,1,2,IMP
16:39:20.623 [Test worker] INFO  net.lomibao.nes.components.CPU6502 - 249,F9,SBC,Absolute;Y,Subtract with Carry,3,4,ABY
16:39:20.623 [Test worker] INFO  net.lomibao.nes.components.CPU6502 - 250,FA,NOP,???,???,1,2,IMP
16:39:20.623 [Test worker] INFO  net.lomibao.nes.components.CPU6502 - 251,FB,???,???,???,1,7,IMP
16:39:20.623 [Test worker] INFO  net.lomibao.nes.components.CPU6502 - 252,FC,???,???,???,1,4,IMP
16:39:20.623 [Test worker] INFO  net.lomibao.nes.components.CPU6502 - 253,FD,SBC,Absolute;X,Subtract with Carry,3,4,ABX
16:39:20.623 [Test worker] INFO  net.lomibao.nes.components.CPU6502 - 254,FE,INC,Absolute;X,Increment Memory,3,7,ABX
16:39:20.623 [Test worker] INFO  net.lomibao.nes.components.CPU6502 - 255,FF,???,???,???,1,7,IMP
16:39:20.628 [Test worker] ERROR net.lomibao.nes.components.Ram - attempting to read memory out of range 32768. valid range [0,8192]
16:40:10.368 [Test worker] INFO  net.lomibao.nes.components.CPU6502 - 0,00,BRK,Implied,Force Interrupt,1,7,IMM
16:40:10.375 [Test worker] INFO  net.lomibao.nes.components.CPU6502 - 1,01,ORA,(Indirect;X),Logical Inclusive OR,2,6,IZX
16:40:10.375 [Test worker] INFO  net.lomibao.nes.components.CPU6502 - 2,02,???,???,???,1,2,IMP
16:40:10.376 [Test worker] INFO  net.lomibao.nes.components.CPU6502 - 3,03,???,???,???,1,8,IMP
16:40:10.376 [Test worker] INFO  net.lomibao.nes.components.CPU6502 - 4,04,???,???,???,1,3,IMP
16:40:10.376 [Test worker] INFO  net.lomibao.nes.components.CPU6502 - 5,05,ORA,ZeroPage,Logical Inclusive OR,2,3,ZP0
16:40:10.376 [Test worker] INFO  net.lomibao.nes.components.CPU6502 - 6,06,ASL,ZeroPage,Arithmetic Shift Left,2,5,ZP0
16:40:10.376 [Test worker] INFO  net.lomibao.nes.components.CPU6502 - 7,07,???,???,???,1,5,IMP
16:40:10.377 [Test worker] INFO  net.lomibao.nes.components.CPU6502 - 8,08,PHP,Implied,Push Processor Status,1,3,IMP
16:40:10.377 [Test worker] INFO  net.lomibao.nes.components.CPU6502 - 9,09,ORA,Immediate,Logical Inclusive OR,2,2,IMM
16:40:10.377 [Test worker] INFO  net.lomibao.nes.components.CPU6502 - 10,0A,ASL,Accumulator,Arithmetic Shift Left,1,2,IMP
16:40:10.377 [Test worker] INFO  net.lomibao.nes.components.CPU6502 - 11,0B,???,???,???,1,2,IMP
16:40:10.377 [Test worker] INFO  net.lomibao.nes.components.CPU6502 - 12,0C,???,???,???,1,4,IMP
16:40:10.378 [Test worker] INFO  net.lomibao.nes.components.CPU6502 - 13,0D,ORA,Absolute,Logical Inclusive OR,3,4,ABS
16:40:10.378 [Test worker] INFO  net.lomibao.nes.components.CPU6502 - 14,0E,ASL,Absolute,Arithmetic Shift Left,3,6,ABS
16:40:10.378 [Test worker] INFO  net.lomibao.nes.components.CPU6502 - 15,0F,???,???,???,1,6,IMP
16:40:10.378 [Test worker] INFO  net.lomibao.nes.components.CPU6502 - 16,10,BPL,Relative,Branch if Positive,2,2,REL
16:40:10.378 [Test worker] INFO  net.lomibao.nes.components.CPU6502 - 17,11,ORA,(Indirect);Y,Logical Inclusive OR,2,5,IZY
16:40:10.378 [Test worker] INFO  net.lomibao.nes.components.CPU6502 - 18,12,???,???,???,1,2,IMP
16:40:10.378 [Test worker] INFO  net.lomibao.nes.components.CPU6502 - 19,13,???,???,???,1,8,IMP
16:40:10.378 [Test worker] INFO  net.lomibao.nes.components.CPU6502 - 20,14,???,???,???,1,4,IMP
16:40:10.379 [Test worker] INFO  net.lomibao.nes.components.CPU6502 - 21,15,ORA,ZeroPage;X,Logical Inclusive OR,2,4,ZPX
16:40:10.379 [Test worker] INFO  net.lomibao.nes.components.CPU6502 - 22,16,ASL,ZeroPage;X,Arithmetic Shift Left,2,6,ZPX
16:40:10.379 [Test worker] INFO  net.lomibao.nes.components.CPU6502 - 23,17,???,???,???,1,6,IMP
16:40:10.379 [Test worker] INFO  net.lomibao.nes.components.CPU6502 - 24,18,CLC,Implied,Clear Carry Flag,1,2,IMP
16:40:10.379 [Test worker] INFO  net.lomibao.nes.components.CPU6502 - 25,19,ORA,Absolute;Y,Logical Inclusive OR,3,4,ABY
16:40:10.379 [Test worker] INFO  net.lomibao.nes.components.CPU6502 - 26,1A,???,???,???,1,2,IMP
16:40:10.379 [Test worker] INFO  net.lomibao.nes.components.CPU6502 - 27,1B,???,???,???,1,7,IMP
16:40:10.380 [Test worker] INFO  net.lomibao.nes.components.CPU6502 - 28,1C,???,???,???,1,4,IMP
16:40:10.380 [Test worker] INFO  net.lomibao.nes.components.CPU6502 - 29,1D,ORA,Absolute;X,Logical Inclusive OR,3,4,ABX
16:40:10.380 [Test worker] INFO  net.lomibao.nes.components.CPU6502 - 30,1E,ASL,Absolute;X,Arithmetic Shift Left,3,7,ABX
16:40:10.380 [Test worker] INFO  net.lomibao.nes.components.CPU6502 - 31,1F,???,???,???,1,7,IMP
16:40:10.380 [Test worker] INFO  net.lomibao.nes.components.CPU6502 - 32,20,JSR,Absolute,Jump to Subroutine,3,6,ABS
16:40:10.380 [Test worker] INFO  net.lomibao.nes.components.CPU6502 - 33,21,AND,(Indirect;X),Logical AND,2,6,IZX
16:40:10.381 [Test worker] INFO  net.lomibao.nes.components.CPU6502 - 34,22,???,???,???,1,2,IMP
16:40:10.381 [Test worker] INFO  net.lomibao.nes.components.CPU6502 - 35,23,???,???,???,1,8,IMP
16:40:10.381 [Test worker] INFO  net.lomibao.nes.components.CPU6502 - 36,24,BIT,ZeroPage,Bit Test,2,3,ZP0
16:40:10.381 [Test worker] INFO  net.lomibao.nes.components.CPU6502 - 37,25,AND,ZeroPage,Logical AND,2,3,ZP0
16:40:10.381 [Test worker] INFO  net.lomibao.nes.components.CPU6502 - 38,26,ROL,ZeroPage,Rotate Left,2,5,ZP0
16:40:10.381 [Test worker] INFO  net.lomibao.nes.components.CPU6502 - 39,27,???,???,???,1,5,IMP
16:40:10.381 [Test worker] INFO  net.lomibao.nes.components.CPU6502 - 40,28,PLP,Implied,Pull Processor Status,1,4,IMP
16:40:10.381 [Test worker] INFO  net.lomibao.nes.components.CPU6502 - 41,29,AND,Immediate,Logical AND,2,2,IMM
16:40:10.381 [Test worker] INFO  net.lomibao.nes.components.CPU6502 - 42,2A,ROL,Accumulator,Rotate Left,1,2,IMP
16:40:10.382 [Test worker] INFO  net.lomibao.nes.components.CPU6502 - 43,2B,???,???,???,1,2,IMP
16:40:10.382 [Test worker] INFO  net.lomibao.nes.components.CPU6502 - 44,2C,BIT,Absolute,Bit Test,3,4,ABS
16:40:10.382 [Test worker] INFO  net.lomibao.nes.components.CPU6502 - 45,2D,AND,Absolute,Logical AND,3,4,ABS
16:40:10.382 [Test worker] INFO  net.lomibao.nes.components.CPU6502 - 46,2E,ROL,Absolute,Rotate Left,3,6,ABS
16:40:10.382 [Test worker] INFO  net.lomibao.nes.components.CPU6502 - 47,2F,???,???,???,1,6,IMP
16:40:10.382 [Test worker] INFO  net.lomibao.nes.components.CPU6502 - 48,30,BMI,Relative,Branch if Minus,2,2,REL
16:40:10.383 [Test worker] INFO  net.lomibao.nes.components.CPU6502 - 49,31,AND,(Indirect);Y,Logical AND,2,5,IZY
16:40:10.383 [Test worker] INFO  net.lomibao.nes.components.CPU6502 - 50,32,???,???,???,1,2,IMP
16:40:10.383 [Test worker] INFO  net.lomibao.nes.components.CPU6502 - 51,33,???,???,???,1,8,IMP
16:40:10.383 [Test worker] INFO  net.lomibao.nes.components.CPU6502 - 52,34,???,???,???,1,4,IMP
16:40:10.383 [Test worker] INFO  net.lomibao.nes.components.CPU6502 - 53,35,AND,ZeroPage;X,Logical AND,2,4,ZPX
16:40:10.383 [Test worker] INFO  net.lomibao.nes.components.CPU6502 - 54,36,ROL,ZeroPage;X,Rotate Left,2,6,ZPX
16:40:10.383 [Test worker] INFO  net.lomibao.nes.components.CPU6502 - 55,37,???,???,???,1,6,IMP
16:40:10.383 [Test worker] INFO  net.lomibao.nes.components.CPU6502 - 56,38,SEC,Implied,Set Carry Flag,1,2,IMP
16:40:10.383 [Test worker] INFO  net.lomibao.nes.components.CPU6502 - 57,39,AND,Absolute;Y,Logical AND,3,4,ABY
16:40:10.383 [Test worker] INFO  net.lomibao.nes.components.CPU6502 - 58,3A,???,???,???,1,2,IMP
16:40:10.383 [Test worker] INFO  net.lomibao.nes.components.CPU6502 - 59,3B,???,???,???,1,7,IMP
16:40:10.385 [Test worker] INFO  net.lomibao.nes.components.CPU6502 - 60,3C,???,???,???,1,4,IMP
16:40:10.385 [Test worker] INFO  net.lomibao.nes.components.CPU6502 - 61,3D,AND,Absolute;X,Logical AND,3,4,ABX
16:40:10.386 [Test worker] INFO  net.lomibao.nes.components.CPU6502 - 62,3E,ROL,Absolute;X,Rotate Left,3,7,ABX
16:40:10.387 [Test worker] INFO  net.lomibao.nes.components.CPU6502 - 63,3F,???,???,???,1,7,IMP
16:40:10.387 [Test worker] INFO  net.lomibao.nes.components.CPU6502 - 64,40,RTI,Implied,Return from Interrupt,1,6,IMP
16:40:10.388 [Test worker] INFO  net.lomibao.nes.components.CPU6502 - 65,41,EOR,(Indirect;X),Exclusive OR,2,6,IZX
16:40:10.388 [Test worker] INFO  net.lomibao.nes.components.CPU6502 - 66,42,???,???,???,1,2,IMP
16:40:10.389 [Test worker] INFO  net.lomibao.nes.components.CPU6502 - 67,43,???,???,???,1,8,IMP
16:40:10.389 [Test worker] INFO  net.lomibao.nes.components.CPU6502 - 68,44,???,???,???,1,3,IMP
16:40:10.389 [Test worker] INFO  net.lomibao.nes.components.CPU6502 - 69,45,EOR,ZeroPage,Exclusive OR,2,3,ZP0
16:40:10.389 [Test worker] INFO  net.lomibao.nes.components.CPU6502 - 70,46,LSR,ZeroPage,Logical Shift Right,2,5,ZP0
16:40:10.389 [Test worker] INFO  net.lomibao.nes.components.CPU6502 - 71,47,???,???,???,1,5,IMP
16:40:10.389 [Test worker] INFO  net.lomibao.nes.components.CPU6502 - 72,48,PHA,Implied,Push Accumulator,1,3,IMP
16:40:10.389 [Test worker] INFO  net.lomibao.nes.components.CPU6502 - 73,49,EOR,Immediate,Exclusive OR,2,2,IMM
16:40:10.389 [Test worker] INFO  net.lomibao.nes.components.CPU6502 - 74,4A,LSR,Accumulator,Logical Shift Right,1,2,IMP
16:40:10.390 [Test worker] INFO  net.lomibao.nes.components.CPU6502 - 75,4B,???,???,???,1,2,IMP
16:40:10.390 [Test worker] INFO  net.lomibao.nes.components.CPU6502 - 76,4C,JMP,Absolute,Jump,3,3,ABS
16:40:10.390 [Test worker] INFO  net.lomibao.nes.components.CPU6502 - 77,4D,EOR,Absolute,Exclusive OR,3,4,ABS
16:40:10.390 [Test worker] INFO  net.lomibao.nes.components.CPU6502 - 78,4E,LSR,Absolute,Logical Shift Right,3,6,ABS
16:40:10.390 [Test worker] INFO  net.lomibao.nes.components.CPU6502 - 79,4F,???,???,???,1,6,IMP
16:40:10.390 [Test worker] INFO  net.lomibao.nes.components.CPU6502 - 80,50,BVC,Relative,Branch if Overflow Clear,2,2,REL
16:40:10.390 [Test worker] INFO  net.lomibao.nes.components.CPU6502 - 81,51,EOR,(Indirect);Y,Exclusive OR,2,5,IZY
16:40:10.391 [Test worker] INFO  net.lomibao.nes.components.CPU6502 - 82,52,???,???,???,1,2,IMP
16:40:10.391 [Test worker] INFO  net.lomibao.nes.components.CPU6502 - 83,53,???,???,???,1,8,IMP
16:40:10.391 [Test worker] INFO  net.lomibao.nes.components.CPU6502 - 84,54,???,???,???,1,4,IMP
16:40:10.391 [Test worker] INFO  net.lomibao.nes.components.CPU6502 - 85,55,EOR,ZeroPage;X,Exclusive OR,2,4,ZPX
16:40:10.391 [Test worker] INFO  net.lomibao.nes.components.CPU6502 - 86,56,LSR,ZeroPage;X,Logical Shift Right,2,6,ZPX
16:40:10.392 [Test worker] INFO  net.lomibao.nes.components.CPU6502 - 87,57,???,???,???,1,6,IMP
16:40:10.392 [Test worker] INFO  net.lomibao.nes.components.CPU6502 - 88,58,CLI,Implied,Clear Interrupt Disable,1,2,IMP
16:40:10.392 [Test worker] INFO  net.lomibao.nes.components.CPU6502 - 89,59,EOR,Absolute;Y,Exclusive OR,3,4,ABY
16:40:10.392 [Test worker] INFO  net.lomibao.nes.components.CPU6502 - 90,5A,???,???,???,1,2,IMP
16:40:10.392 [Test worker] INFO  net.lomibao.nes.components.CPU6502 - 91,5B,???,???,???,1,7,IMP
16:40:10.392 [Test worker] INFO  net.lomibao.nes.components.CPU6502 - 92,5C,???,???,???,1,4,IMP
16:40:10.392 [Test worker] INFO  net.lomibao.nes.components.CPU6502 - 93,5D,EOR,Absolute;X,Exclusive OR,3,4,ABX
16:40:10.393 [Test worker] INFO  net.lomibao.nes.components.CPU6502 - 94,5E,LSR,Absolute;X,Logical Shift Right,3,7,ABX
16:40:10.393 [Test worker] INFO  net.lomibao.nes.components.CPU6502 - 95,5F,???,???,???,1,7,IMP
16:40:10.393 [Test worker] INFO  net.lomibao.nes.components.CPU6502 - 96,60,RTS,Implied,Return from Subroutine,1,6,IMP
16:40:10.393 [Test worker] INFO  net.lomibao.nes.components.CPU6502 - 97,61,ADC,(Indirect;X),Add with Carry,2,6,IZX
16:40:10.394 [Test worker] INFO  net.lomibao.nes.components.CPU6502 - 98,62,???,???,???,1,2,IMP
16:40:10.394 [Test worker] INFO  net.lomibao.nes.components.CPU6502 - 99,63,???,???,???,1,8,IMP
16:40:10.394 [Test worker] INFO  net.lomibao.nes.components.CPU6502 - 100,64,???,???,???,1,3,IMP
16:40:10.394 [Test worker] INFO  net.lomibao.nes.components.CPU6502 - 101,65,ADC,ZeroPage,Add with Carry,2,3,ZP0
16:40:10.394 [Test worker] INFO  net.lomibao.nes.components.CPU6502 - 102,66,ROR,ZeroPage,Rotate Right,2,5,ZP0
16:40:10.394 [Test worker] INFO  net.lomibao.nes.components.CPU6502 - 103,67,???,???,???,1,5,IMP
16:40:10.394 [Test worker] INFO  net.lomibao.nes.components.CPU6502 - 104,68,PLA,Implied,Pull Accumulator,1,4,IMP
16:40:10.394 [Test worker] INFO  net.lomibao.nes.components.CPU6502 - 105,69,ADC,Immediate,Add with Carry,2,2,IMM
16:40:10.394 [Test worker] INFO  net.lomibao.nes.components.CPU6502 - 106,6A,ROR,Accumulator,Rotate Right,1,2,IMP
16:40:10.394 [Test worker] INFO  net.lomibao.nes.components.CPU6502 - 107,6B,???,???,???,1,2,IMP
16:40:10.394 [Test worker] INFO  net.lomibao.nes.components.CPU6502 - 108,6C,JMP,Indirect ,Jump,3,5,IND
16:40:10.395 [Test worker] INFO  net.lomibao.nes.components.CPU6502 - 109,6D,ADC,Absolute,Add with Carry,3,4,ABS
16:40:10.395 [Test worker] INFO  net.lomibao.nes.components.CPU6502 - 110,6E,ROR,Absolute,Rotate Right,3,6,ABS
16:40:10.395 [Test worker] INFO  net.lomibao.nes.components.CPU6502 - 111,6F,???,???,???,1,6,IMP
16:40:10.395 [Test worker] INFO  net.lomibao.nes.components.CPU6502 - 112,70,BVS,Relative,Branch if Overflow Set,2,2,REL
16:40:10.395 [Test worker] INFO  net.lomibao.nes.components.CPU6502 - 113,71,ADC,(Indirect);Y,Add with Carry,2,5,IZY
16:40:10.395 [Test worker] INFO  net.lomibao.nes.components.CPU6502 - 114,72,???,???,???,1,2,IMP
16:40:10.395 [Test worker] INFO  net.lomibao.nes.components.CPU6502 - 115,73,???,???,???,1,8,IMP
16:40:10.395 [Test worker] INFO  net.lomibao.nes.components.CPU6502 - 116,74,???,???,???,1,4,IMP
16:40:10.395 [Test worker] INFO  net.lomibao.nes.components.CPU6502 - 117,75,ADC,ZeroPage;X,Add with Carry,2,4,ZPX
16:40:10.396 [Test worker] INFO  net.lomibao.nes.components.CPU6502 - 118,76,ROR,ZeroPage;X,Rotate Right,2,6,ZPX
16:40:10.396 [Test worker] INFO  net.lomibao.nes.components.CPU6502 - 119,77,???,???,???,1,6,IMP
16:40:10.396 [Test worker] INFO  net.lomibao.nes.components.CPU6502 - 120,78,SEI,Implied,Set Interrupt Disable,1,2,IMP
16:40:10.396 [Test worker] INFO  net.lomibao.nes.components.CPU6502 - 121,79,ADC,Absolute;Y,Add with Carry,3,4,ABY
16:40:10.396 [Test worker] INFO  net.lomibao.nes.components.CPU6502 - 122,7A,???,???,???,1,2,IMP
16:40:10.397 [Test worker] INFO  net.lomibao.nes.components.CPU6502 - 123,7B,???,???,???,1,7,IMP
16:40:10.397 [Test worker] INFO  net.lomibao.nes.components.CPU6502 - 124,7C,???,???,???,1,4,IMP
16:40:10.397 [Test worker] INFO  net.lomibao.nes.components.CPU6502 - 125,7D,ADC,Absolute;X,Add with Carry,3,4,ABX
16:40:10.397 [Test worker] INFO  net.lomibao.nes.components.CPU6502 - 126,7E,ROR,Absolute;X,Rotate Right,3,7,ABX
16:40:10.398 [Test worker] INFO  net.lomibao.nes.components.CPU6502 - 127,7F,???,???,???,1,7,IMP
16:40:10.399 [Test worker] INFO  net.lomibao.nes.components.CPU6502 - 128,80,???,???,???,1,2,IMP
16:40:10.399 [Test worker] INFO  net.lomibao.nes.components.CPU6502 - 129,81,STA,(Indirect;X),Store Accumulator,2,6,IZX
16:40:10.399 [Test worker] INFO  net.lomibao.nes.components.CPU6502 - 130,82,???,???,???,1,2,IMP
16:40:10.399 [Test worker] INFO  net.lomibao.nes.components.CPU6502 - 131,83,???,???,???,1,6,IMP
16:40:10.399 [Test worker] INFO  net.lomibao.nes.components.CPU6502 - 132,84,STY,ZeroPage,Store Y Register,2,3,ZP0
16:40:10.400 [Test worker] INFO  net.lomibao.nes.components.CPU6502 - 133,85,STA,ZeroPage,Store Accumulator,2,3,ZP0
16:40:10.400 [Test worker] INFO  net.lomibao.nes.components.CPU6502 - 134,86,STX,ZeroPage,Store X Register,2,3,ZP0
16:40:10.400 [Test worker] INFO  net.lomibao.nes.components.CPU6502 - 135,87,???,???,???,1,3,IMP
16:40:10.400 [Test worker] INFO  net.lomibao.nes.components.CPU6502 - 136,88,DEY,Implied,Decrement Y Register,1,2,IMP
16:40:10.400 [Test worker] INFO  net.lomibao.nes.components.CPU6502 - 137,89,???,???,???,1,2,IMP
16:40:10.400 [Test worker] INFO  net.lomibao.nes.components.CPU6502 - 138,8A,TXA,Implied,Transfer X to Accumulator,1,2,IMP
16:40:10.400 [Test worker] INFO  net.lomibao.nes.components.CPU6502 - 139,8B,???,???,???,1,2,IMP
16:40:10.400 [Test worker] INFO  net.lomibao.nes.components.CPU6502 - 140,8C,STY,Absolute,Store Y Register,3,4,ABS
16:40:10.400 [Test worker] INFO  net.lomibao.nes.components.CPU6502 - 141,8D,STA,Absolute,Store Accumulator,3,4,ABS
16:40:10.400 [Test worker] INFO  net.lomibao.nes.components.CPU6502 - 142,8E,STX,Absolute,Store X Register,3,4,ABS
16:40:10.401 [Test worker] INFO  net.lomibao.nes.components.CPU6502 - 143,8F,???,???,???,1,4,IMP
16:40:10.401 [Test worker] INFO  net.lomibao.nes.components.CPU6502 - 144,90,BCC,Relative,Branch if Carry Clear,2,2,REL
16:40:10.401 [Test worker] INFO  net.lomibao.nes.components.CPU6502 - 145,91,STA,(Indirect);Y,Store Accumulator,2,6,IZY
16:40:10.401 [Test worker] INFO  net.lomibao.nes.components.CPU6502 - 146,92,???,???,???,1,2,IMP
16:40:10.401 [Test worker] INFO  net.lomibao.nes.components.CPU6502 - 147,93,???,???,???,1,6,IMP
16:40:10.401 [Test worker] INFO  net.lomibao.nes.components.CPU6502 - 148,94,STY,ZeroPage;X,Store Y Register,2,4,ZPX
16:40:10.401 [Test worker] INFO  net.lomibao.nes.components.CPU6502 - 149,95,STA,ZeroPage;X,Store Accumulator,2,4,ZPX
16:40:10.401 [Test worker] INFO  net.lomibao.nes.components.CPU6502 - 150,96,STX,ZeroPage;Y,Store X Register,2,4,ZPY
16:40:10.401 [Test worker] INFO  net.lomibao.nes.components.CPU6502 - 151,97,???,???,???,1,4,IMP
16:40:10.401 [Test worker] INFO  net.lomibao.nes.components.CPU6502 - 152,98,TYA,Implied,Transfer Y to Accumulator,1,2,IMP
16:40:10.401 [Test worker] INFO  net.lomibao.nes.components.CPU6502 - 153,99,STA,Absolute;Y,Store Accumulator,3,5,ABY
16:40:10.401 [Test worker] INFO  net.lomibao.nes.components.CPU6502 - 154,9A,TXS,Implied,Transfer X to Stack Pointer,1,2,IMP
16:40:10.401 [Test worker] INFO  net.lomibao.nes.components.CPU6502 - 155,9B,???,???,???,1,5,IMP
16:40:10.402 [Test worker] INFO  net.lomibao.nes.components.CPU6502 - 156,9C,???,???,???,1,5,IMP
16:40:10.402 [Test worker] INFO  net.lomibao.nes.components.CPU6502 - 157,9D,STA,Absolute;X,Store Accumulator,3,5,ABX
16:40:10.402 [Test worker] INFO  net.lomibao.nes.components.CPU6502 - 158,9E,???,???,???,1,5,IMP
16:40:10.402 [Test worker] INFO  net.lomibao.nes.components.CPU6502 - 159,9F,???,???,???,1,5,IMP
16:40:10.402 [Test worker] INFO  net.lomibao.nes.components.CPU6502 - 160,A0,LDY,Immediate,Load Y Register,2,2,IMM
16:40:10.402 [Test worker] INFO  net.lomibao.nes.components.CPU6502 - 161,A1,LDA,(Indirect;X),Load Accumulator,2,6,IZX
16:40:10.402 [Test worker] INFO  net.lomibao.nes.components.CPU6502 - 162,A2,LDX,Immediate,Load X Register,2,2,IMM
16:40:10.403 [Test worker] INFO  net.lomibao.nes.components.CPU6502 - 163,A3,???,???,???,1,6,IMP
16:40:10.403 [Test worker] INFO  net.lomibao.nes.components.CPU6502 - 164,A4,LDY,ZeroPage,Load Y Register,2,3,ZP0
16:40:10.403 [Test worker] INFO  net.lomibao.nes.components.CPU6502 - 165,A5,LDA,ZeroPage,Load Accumulator,2,3,ZP0
16:40:10.403 [Test worker] INFO  net.lomibao.nes.components.CPU6502 - 166,A6,LDX,ZeroPage,Load X Register,2,3,ZP0
16:40:10.403 [Test worker] INFO  net.lomibao.nes.components.CPU6502 - 167,A7,???,???,???,1,3,IMP
16:40:10.403 [Test worker] INFO  net.lomibao.nes.components.CPU6502 - 168,A8,TAY,Implied,Transfer Accumulator to Y,1,2,IMP
16:40:10.403 [Test worker] INFO  net.lomibao.nes.components.CPU6502 - 169,A9,LDA,Immediate,Load Accumulator,2,2,IMM
16:40:10.403 [Test worker] INFO  net.lomibao.nes.components.CPU6502 - 170,AA,TAX,Implied,Transfer Accumulator to X,1,2,IMP
16:40:10.403 [Test worker] INFO  net.lomibao.nes.components.CPU6502 - 171,AB,???,???,???,1,2,IMP
16:40:10.403 [Test worker] INFO  net.lomibao.nes.components.CPU6502 - 172,AC,LDY,Absolute,Load Y Register,3,4,ABS
16:40:10.403 [Test worker] INFO  net.lomibao.nes.components.CPU6502 - 173,AD,LDA,Absolute,Load Accumulator,3,4,ABS
16:40:10.403 [Test worker] INFO  net.lomibao.nes.components.CPU6502 - 174,AE,LDX,Absolute,Load X Register,3,4,ABS
16:40:10.403 [Test worker] INFO  net.lomibao.nes.components.CPU6502 - 175,AF,???,???,???,1,4,IMP
16:40:10.404 [Test worker] INFO  net.lomibao.nes.components.CPU6502 - 176,B0,BCS,Relative,Branch if Carry Set,2,2,REL
16:40:10.404 [Test worker] INFO  net.lomibao.nes.components.CPU6502 - 177,B1,LDA,(Indirect);Y,Load Accumulator,2,5,IZY
16:40:10.404 [Test worker] INFO  net.lomibao.nes.components.CPU6502 - 178,B2,???,???,???,1,2,IMP
16:40:10.404 [Test worker] INFO  net.lomibao.nes.components.CPU6502 - 179,B3,???,???,???,1,5,IMP
16:40:10.404 [Test worker] INFO  net.lomibao.nes.components.CPU6502 - 180,B4,LDY,ZeroPage;X,Load Y Register,2,4,ZPX
16:40:10.404 [Test worker] INFO  net.lomibao.nes.components.CPU6502 - 181,B5,LDA,ZeroPage;X,Load Accumulator,2,4,ZPX
16:40:10.404 [Test worker] INFO  net.lomibao.nes.components.CPU6502 - 182,B6,LDX,ZeroPage;Y,Load X Register,2,4,ZPY
16:40:10.404 [Test worker] INFO  net.lomibao.nes.components.CPU6502 - 183,B7,???,???,???,1,4,IMP
16:40:10.404 [Test worker] INFO  net.lomibao.nes.components.CPU6502 - 184,B8,CLV,Implied,Clear Overflow Flag,1,2,IMP
16:40:10.404 [Test worker] INFO  net.lomibao.nes.components.CPU6502 - 185,B9,LDA,Absolute;Y,Load Accumulator,3,4,ABY
16:40:10.404 [Test worker] INFO  net.lomibao.nes.components.CPU6502 - 186,BA,TSX,Implied,Transfer Stack Pointer to X,1,2,IMP
16:40:10.405 [Test worker] INFO  net.lomibao.nes.components.CPU6502 - 187,BB,???,???,???,1,4,IMP
16:40:10.405 [Test worker] INFO  net.lomibao.nes.components.CPU6502 - 188,BC,LDY,Absolute;X,Load Y Register,3,4,ABX
16:40:10.405 [Test worker] INFO  net.lomibao.nes.components.CPU6502 - 189,BD,LDA,Absolute;X,Load Accumulator,3,4,ABX
16:40:10.405 [Test worker] INFO  net.lomibao.nes.components.CPU6502 - 190,BE,LDX,Absolute;Y,Load X Register,3,4,ABY
16:40:10.405 [Test worker] INFO  net.lomibao.nes.components.CPU6502 - 191,BF,???,???,???,1,4,IMP
16:40:10.405 [Test worker] INFO  net.lomibao.nes.components.CPU6502 - 192,C0,CPY,Immediate,Compare Y Register,2,2,IMM
16:40:10.405 [Test worker] INFO  net.lomibao.nes.components.CPU6502 - 193,C1,CMP,(Indirect;X),Compare,2,6,IZX
16:40:10.405 [Test worker] INFO  net.lomibao.nes.components.CPU6502 - 194,C2,???,???,???,1,2,IMP
16:40:10.405 [Test worker] INFO  net.lomibao.nes.components.CPU6502 - 195,C3,???,???,???,1,8,IMP
16:40:10.405 [Test worker] INFO  net.lomibao.nes.components.CPU6502 - 196,C4,CPY,ZeroPage,Compare Y Register,2,3,ZP0
16:40:10.405 [Test worker] INFO  net.lomibao.nes.components.CPU6502 - 197,C5,CMP,ZeroPage,Compare,2,3,ZP0
16:40:10.405 [Test worker] INFO  net.lomibao.nes.components.CPU6502 - 198,C6,DEC,ZeroPage,Decrement Memory,2,5,ZP0
16:40:10.406 [Test worker] INFO  net.lomibao.nes.components.CPU6502 - 199,C7,???,???,???,1,5,IMP
16:40:10.406 [Test worker] INFO  net.lomibao.nes.components.CPU6502 - 200,C8,INY,Implied,Increment Y Register,1,2,IMP
16:40:10.406 [Test worker] INFO  net.lomibao.nes.components.CPU6502 - 201,C9,CMP,Immediate,Compare,2,2,IMM
16:40:10.406 [Test worker] INFO  net.lomibao.nes.components.CPU6502 - 202,CA,DEX,Implied,Decrement X Register,1,2,IMP
16:40:10.406 [Test worker] INFO  net.lomibao.nes.components.CPU6502 - 203,CB,???,???,???,1,2,IMP
16:40:10.406 [Test worker] INFO  net.lomibao.nes.components.CPU6502 - 204,CC,CPY,Absolute,Compare Y Register,3,4,ABS
16:40:10.406 [Test worker] INFO  net.lomibao.nes.components.CPU6502 - 205,CD,CMP,Absolute,Compare,3,4,ABS
16:40:10.406 [Test worker] INFO  net.lomibao.nes.components.CPU6502 - 206,CE,DEC,Absolute,Decrement Memory,3,6,ABS
16:40:10.407 [Test worker] INFO  net.lomibao.nes.components.CPU6502 - 207,CF,???,???,???,1,6,IMP
16:40:10.407 [Test worker] INFO  net.lomibao.nes.components.CPU6502 - 208,D0,BNE,Relative,Branch if Not Equal,2,2,REL
16:40:10.407 [Test worker] INFO  net.lomibao.nes.components.CPU6502 - 209,D1,CMP,(Indirect);Y,Compare,2,5,IZY
16:40:10.408 [Test worker] INFO  net.lomibao.nes.components.CPU6502 - 210,D2,???,???,???,1,2,IMP
16:40:10.408 [Test worker] INFO  net.lomibao.nes.components.CPU6502 - 211,D3,???,???,???,1,8,IMP
16:40:10.408 [Test worker] INFO  net.lomibao.nes.components.CPU6502 - 212,D4,???,???,???,1,4,IMP
16:40:10.408 [Test worker] INFO  net.lomibao.nes.components.CPU6502 - 213,D5,CMP,ZeroPage;X,Compare,2,4,ZPX
16:40:10.408 [Test worker] INFO  net.lomibao.nes.components.CPU6502 - 214,D6,DEC,ZeroPage;X,Decrement Memory,2,6,ZPX
16:40:10.408 [Test worker] INFO  net.lomibao.nes.components.CPU6502 - 215,D7,???,???,???,1,6,IMP
16:40:10.408 [Test worker] INFO  net.lomibao.nes.components.CPU6502 - 216,D8,CLD,Implied,Clear Decimal Mode,1,2,IMP
16:40:10.409 [Test worker] INFO  net.lomibao.nes.components.CPU6502 - 217,D9,CMP,Absolute;Y,Compare,3,4,ABY
16:40:10.409 [Test worker] INFO  net.lomibao.nes.components.CPU6502 - 218,DA,NOP,???,???,1,2,IMP
16:40:10.409 [Test worker] INFO  net.lomibao.nes.components.CPU6502 - 219,DB,???,???,???,1,7,IMP
16:40:10.409 [Test worker] INFO  net.lomibao.nes.components.CPU6502 - 220,DC,???,???,???,1,4,IMP
16:40:10.409 [Test worker] INFO  net.lomibao.nes.components.CPU6502 - 221,DD,CMP,Absolute;X,Compare,3,4,ABX
16:40:10.409 [Test worker] INFO  net.lomibao.nes.components.CPU6502 - 222,DE,DEC,Absolute;X,Decrement Memory,3,7,ABX
16:40:10.409 [Test worker] INFO  net.lomibao.nes.components.CPU6502 - 223,DF,???,???,???,1,7,IMP
16:40:10.409 [Test worker] INFO  net.lomibao.nes.components.CPU6502 - 224,E0,CPX,Immediate,Compare X Register,2,2,IMM
16:40:10.409 [Test worker] INFO  net.lomibao.nes.components.CPU6502 - 225,E1,SBC,(Indirect;X),Subtract with Carry,2,6,IZX
16:40:10.409 [Test worker] INFO  net.lomibao.nes.components.CPU6502 - 226,E2,???,???,???,1,2,IMP
16:40:10.409 [Test worker] INFO  net.lomibao.nes.components.CPU6502 - 227,E3,???,???,???,1,8,IMP
16:40:10.409 [Test worker] INFO  net.lomibao.nes.components.CPU6502 - 228,E4,CPX,ZeroPage,Compare X Register,2,3,ZP0
16:40:10.409 [Test worker] INFO  net.lomibao.nes.components.CPU6502 - 229,E5,SBC,ZeroPage,Subtract with Carry,2,3,ZP0
16:40:10.410 [Test worker] INFO  net.lomibao.nes.components.CPU6502 - 230,E6,INC,ZeroPage,Increment Memory,2,5,ZP0
16:40:10.410 [Test worker] INFO  net.lomibao.nes.components.CPU6502 - 231,E7,???,???,???,1,5,IMP
16:40:10.410 [Test worker] INFO  net.lomibao.nes.components.CPU6502 - 232,E8,INX,Implied,Increment X Register,1,2,IMP
16:40:10.410 [Test worker] INFO  net.lomibao.nes.components.CPU6502 - 233,E9,SBC,Immediate,Subtract with Carry,2,2,IMM
16:40:10.410 [Test worker] INFO  net.lomibao.nes.components.CPU6502 - 234,EA,NOP,Implied,No Operation,1,2,IMP
16:40:10.410 [Test worker] INFO  net.lomibao.nes.components.CPU6502 - 235,EB,???,???,???,1,2,IMP
16:40:10.410 [Test worker] INFO  net.lomibao.nes.components.CPU6502 - 236,EC,CPX,Absolute,Compare X Register,3,4,ABS
16:40:10.410 [Test worker] INFO  net.lomibao.nes.components.CPU6502 - 237,ED,SBC,Absolute,Subtract with Carry,3,4,ABS
16:40:10.410 [Test worker] INFO  net.lomibao.nes.components.CPU6502 - 238,EE,INC,Absolute,Increment Memory,3,6,ABS
16:40:10.410 [Test worker] INFO  net.lomibao.nes.components.CPU6502 - 239,EF,???,???,???,1,6,IMP
16:40:10.411 [Test worker] INFO  net.lomibao.nes.components.CPU6502 - 240,F0,BEQ,Relative,Branch if Equal,2,2,REL
16:40:10.411 [Test worker] INFO  net.lomibao.nes.components.CPU6502 - 241,F1,SBC,(Indirect);Y,Subtract with Carry,2,5,IZY
16:40:10.411 [Test worker] INFO  net.lomibao.nes.components.CPU6502 - 242,F2,???,???,???,1,2,IMP
16:40:10.411 [Test worker] INFO  net.lomibao.nes.components.CPU6502 - 243,F3,???,???,???,1,8,IMP
16:40:10.411 [Test worker] INFO  net.lomibao.nes.components.CPU6502 - 244,F4,???,???,???,1,4,IMP
16:40:10.411 [Test worker] INFO  net.lomibao.nes.components.CPU6502 - 245,F5,SBC,ZeroPage;X,Subtract with Carry,2,4,ZPX
16:40:10.411 [Test worker] INFO  net.lomibao.nes.components.CPU6502 - 246,F6,INC,ZeroPage;X,Increment Memory,2,6,ZPX
16:40:10.412 [Test worker] INFO  net.lomibao.nes.components.CPU6502 - 247,F7,???,???,???,1,6,IMP
16:40:10.413 [Test worker] INFO  net.lomibao.nes.components.CPU6502 - 248,F8,SED,Implied,Set Decimal Flag,1,2,IMP
16:40:10.413 [Test worker] INFO  net.lomibao.nes.components.CPU6502 - 249,F9,SBC,Absolute;Y,Subtract with Carry,3,4,ABY
16:40:10.414 [Test worker] INFO  net.lomibao.nes.components.CPU6502 - 250,FA,NOP,???,???,1,2,IMP
16:40:10.414 [Test worker] INFO  net.lomibao.nes.components.CPU6502 - 251,FB,???,???,???,1,7,IMP
16:40:10.414 [Test worker] INFO  net.lomibao.nes.components.CPU6502 - 252,FC,???,???,???,1,4,IMP
16:40:10.415 [Test worker] INFO  net.lomibao.nes.components.CPU6502 - 253,FD,SBC,Absolute;X,Subtract with Carry,3,4,ABX
16:40:10.415 [Test worker] INFO  net.lomibao.nes.components.CPU6502 - 254,FE,INC,Absolute;X,Increment Memory,3,7,ABX
16:40:10.416 [Test worker] INFO  net.lomibao.nes.components.CPU6502 - 255,FF,???,???,???,1,7,IMP
16:40:10.449 [Test worker] INFO  net.lomibao.nes.components.CPU6502 - 0,00,BRK,Implied,Force Interrupt,1,7,IMM
16:40:10.449 [Test worker] INFO  net.lomibao.nes.components.CPU6502 - 1,01,ORA,(Indirect;X),Logical Inclusive OR,2,6,IZX
16:40:10.449 [Test worker] INFO  net.lomibao.nes.components.CPU6502 - 2,02,???,???,???,1,2,IMP
16:40:10.449 [Test worker] INFO  net.lomibao.nes.components.CPU6502 - 3,03,???,???,???,1,8,IMP
16:40:10.449 [Test worker] INFO  net.lomibao.nes.components.CPU6502 - 4,04,???,???,???,1,3,IMP
16:40:10.450 [Test worker] INFO  net.lomibao.nes.components.CPU6502 - 5,05,ORA,ZeroPage,Logical Inclusive OR,2,3,ZP0
16:40:10.450 [Test worker] INFO  net.lomibao.nes.components.CPU6502 - 6,06,ASL,ZeroPage,Arithmetic Shift Left,2,5,ZP0
16:40:10.450 [Test worker] INFO  net.lomibao.nes.components.CPU6502 - 7,07,???,???,???,1,5,IMP
16:40:10.450 [Test worker] INFO  net.lomibao.nes.components.CPU6502 - 8,08,PHP,Implied,Push Processor Status,1,3,IMP
16:40:10.450 [Test worker] INFO  net.lomibao.nes.components.CPU6502 - 9,09,ORA,Immediate,Logical Inclusive OR,2,2,IMM
16:40:10.450 [Test worker] INFO  net.lomibao.nes.components.CPU6502 - 10,0A,ASL,Accumulator,Arithmetic Shift Left,1,2,IMP
16:40:10.450 [Test worker] INFO  net.lomibao.nes.components.CPU6502 - 11,0B,???,???,???,1,2,IMP
16:40:10.450 [Test worker] INFO  net.lomibao.nes.components.CPU6502 - 12,0C,???,???,???,1,4,IMP
16:40:10.450 [Test worker] INFO  net.lomibao.nes.components.CPU6502 - 13,0D,ORA,Absolute,Logical Inclusive OR,3,4,ABS
16:40:10.450 [Test worker] INFO  net.lomibao.nes.components.CPU6502 - 14,0E,ASL,Absolute,Arithmetic Shift Left,3,6,ABS
16:40:10.450 [Test worker] INFO  net.lomibao.nes.components.CPU6502 - 15,0F,???,???,???,1,6,IMP
16:40:10.450 [Test worker] INFO  net.lomibao.nes.components.CPU6502 - 16,10,BPL,Relative,Branch if Positive,2,2,REL
16:40:10.450 [Test worker] INFO  net.lomibao.nes.components.CPU6502 - 17,11,ORA,(Indirect);Y,Logical Inclusive OR,2,5,IZY
16:40:10.450 [Test worker] INFO  net.lomibao.nes.components.CPU6502 - 18,12,???,???,???,1,2,IMP
16:40:10.450 [Test worker] INFO  net.lomibao.nes.components.CPU6502 - 19,13,???,???,???,1,8,IMP
16:40:10.450 [Test worker] INFO  net.lomibao.nes.components.CPU6502 - 20,14,???,???,???,1,4,IMP
16:40:10.450 [Test worker] INFO  net.lomibao.nes.components.CPU6502 - 21,15,ORA,ZeroPage;X,Logical Inclusive OR,2,4,ZPX
16:40:10.450 [Test worker] INFO  net.lomibao.nes.components.CPU6502 - 22,16,ASL,ZeroPage;X,Arithmetic Shift Left,2,6,ZPX
16:40:10.451 [Test worker] INFO  net.lomibao.nes.components.CPU6502 - 23,17,???,???,???,1,6,IMP
16:40:10.451 [Test worker] INFO  net.lomibao.nes.components.CPU6502 - 24,18,CLC,Implied,Clear Carry Flag,1,2,IMP
16:40:10.451 [Test worker] INFO  net.lomibao.nes.components.CPU6502 - 25,19,ORA,Absolute;Y,Logical Inclusive OR,3,4,ABY
16:40:10.451 [Test worker] INFO  net.lomibao.nes.components.CPU6502 - 26,1A,???,???,???,1,2,IMP
16:40:10.451 [Test worker] INFO  net.lomibao.nes.components.CPU6502 - 27,1B,???,???,???,1,7,IMP
16:40:10.451 [Test worker] INFO  net.lomibao.nes.components.CPU6502 - 28,1C,???,???,???,1,4,IMP
16:40:10.451 [Test worker] INFO  net.lomibao.nes.components.CPU6502 - 29,1D,ORA,Absolute;X,Logical Inclusive OR,3,4,ABX
16:40:10.451 [Test worker] INFO  net.lomibao.nes.components.CPU6502 - 30,1E,ASL,Absolute;X,Arithmetic Shift Left,3,7,ABX
16:40:10.451 [Test worker] INFO  net.lomibao.nes.components.CPU6502 - 31,1F,???,???,???,1,7,IMP
16:40:10.451 [Test worker] INFO  net.lomibao.nes.components.CPU6502 - 32,20,JSR,Absolute,Jump to Subroutine,3,6,ABS
16:40:10.451 [Test worker] INFO  net.lomibao.nes.components.CPU6502 - 33,21,AND,(Indirect;X),Logical AND,2,6,IZX
16:40:10.451 [Test worker] INFO  net.lomibao.nes.components.CPU6502 - 34,22,???,???,???,1,2,IMP
16:40:10.451 [Test worker] INFO  net.lomibao.nes.components.CPU6502 - 35,23,???,???,???,1,8,IMP
16:40:10.451 [Test worker] INFO  net.lomibao.nes.components.CPU6502 - 36,24,BIT,ZeroPage,Bit Test,2,3,ZP0
16:40:10.451 [Test worker] INFO  net.lomibao.nes.components.CPU6502 - 37,25,AND,ZeroPage,Logical AND,2,3,ZP0
16:40:10.451 [Test worker] INFO  net.lomibao.nes.components.CPU6502 - 38,26,ROL,ZeroPage,Rotate Left,2,5,ZP0
16:40:10.451 [Test worker] INFO  net.lomibao.nes.components.CPU6502 - 39,27,???,???,???,1,5,IMP
16:40:10.451 [Test worker] INFO  net.lomibao.nes.components.CPU6502 - 40,28,PLP,Implied,Pull Processor Status,1,4,IMP
16:40:10.451 [Test worker] INFO  net.lomibao.nes.components.CPU6502 - 41,29,AND,Immediate,Logical AND,2,2,IMM
16:40:10.452 [Test worker] INFO  net.lomibao.nes.components.CPU6502 - 42,2A,ROL,Accumulator,Rotate Left,1,2,IMP
16:40:10.452 [Test worker] INFO  net.lomibao.nes.components.CPU6502 - 43,2B,???,???,???,1,2,IMP
16:40:10.452 [Test worker] INFO  net.lomibao.nes.components.CPU6502 - 44,2C,BIT,Absolute,Bit Test,3,4,ABS
16:40:10.452 [Test worker] INFO  net.lomibao.nes.components.CPU6502 - 45,2D,AND,Absolute,Logical AND,3,4,ABS
16:40:10.452 [Test worker] INFO  net.lomibao.nes.components.CPU6502 - 46,2E,ROL,Absolute,Rotate Left,3,6,ABS
16:40:10.452 [Test worker] INFO  net.lomibao.nes.components.CPU6502 - 47,2F,???,???,???,1,6,IMP
16:40:10.452 [Test worker] INFO  net.lomibao.nes.components.CPU6502 - 48,30,BMI,Relative,Branch if Minus,2,2,REL
16:40:10.452 [Test worker] INFO  net.lomibao.nes.components.CPU6502 - 49,31,AND,(Indirect);Y,Logical AND,2,5,IZY
16:40:10.452 [Test worker] INFO  net.lomibao.nes.components.CPU6502 - 50,32,???,???,???,1,2,IMP
16:40:10.453 [Test worker] INFO  net.lomibao.nes.components.CPU6502 - 51,33,???,???,???,1,8,IMP
16:40:10.453 [Test worker] INFO  net.lomibao.nes.components.CPU6502 - 52,34,???,???,???,1,4,IMP
16:40:10.453 [Test worker] INFO  net.lomibao.nes.components.CPU6502 - 53,35,AND,ZeroPage;X,Logical AND,2,4,ZPX
16:40:10.453 [Test worker] INFO  net.lomibao.nes.components.CPU6502 - 54,36,ROL,ZeroPage;X,Rotate Left,2,6,ZPX
16:40:10.453 [Test worker] INFO  net.lomibao.nes.components.CPU6502 - 55,37,???,???,???,1,6,IMP
16:40:10.453 [Test worker] INFO  net.lomibao.nes.components.CPU6502 - 56,38,SEC,Implied,Set Carry Flag,1,2,IMP
16:40:10.453 [Test worker] INFO  net.lomibao.nes.components.CPU6502 - 57,39,AND,Absolute;Y,Logical AND,3,4,ABY
16:40:10.453 [Test worker] INFO  net.lomibao.nes.components.CPU6502 - 58,3A,???,???,???,1,2,IMP
16:40:10.453 [Test worker] INFO  net.lomibao.nes.components.CPU6502 - 59,3B,???,???,???,1,7,IMP
16:40:10.453 [Test worker] INFO  net.lomibao.nes.components.CPU6502 - 60,3C,???,???,???,1,4,IMP
16:40:10.453 [Test worker] INFO  net.lomibao.nes.components.CPU6502 - 61,3D,AND,Absolute;X,Logical AND,3,4,ABX
16:40:10.454 [Test worker] INFO  net.lomibao.nes.components.CPU6502 - 62,3E,ROL,Absolute;X,Rotate Left,3,7,ABX
16:40:10.454 [Test worker] INFO  net.lomibao.nes.components.CPU6502 - 63,3F,???,???,???,1,7,IMP
16:40:10.454 [Test worker] INFO  net.lomibao.nes.components.CPU6502 - 64,40,RTI,Implied,Return from Interrupt,1,6,IMP
16:40:10.454 [Test worker] INFO  net.lomibao.nes.components.CPU6502 - 65,41,EOR,(Indirect;X),Exclusive OR,2,6,IZX
16:40:10.454 [Test worker] INFO  net.lomibao.nes.components.CPU6502 - 66,42,???,???,???,1,2,IMP
16:40:10.454 [Test worker] INFO  net.lomibao.nes.components.CPU6502 - 67,43,???,???,???,1,8,IMP
16:40:10.454 [Test worker] INFO  net.lomibao.nes.components.CPU6502 - 68,44,???,???,???,1,3,IMP
16:40:10.454 [Test worker] INFO  net.lomibao.nes.components.CPU6502 - 69,45,EOR,ZeroPage,Exclusive OR,2,3,ZP0
16:40:10.454 [Test worker] INFO  net.lomibao.nes.components.CPU6502 - 70,46,LSR,ZeroPage,Logical Shift Right,2,5,ZP0
16:40:10.455 [Test worker] INFO  net.lomibao.nes.components.CPU6502 - 71,47,???,???,???,1,5,IMP
16:40:10.455 [Test worker] INFO  net.lomibao.nes.components.CPU6502 - 72,48,PHA,Implied,Push Accumulator,1,3,IMP
16:40:10.455 [Test worker] INFO  net.lomibao.nes.components.CPU6502 - 73,49,EOR,Immediate,Exclusive OR,2,2,IMM
16:40:10.455 [Test worker] INFO  net.lomibao.nes.components.CPU6502 - 74,4A,LSR,Accumulator,Logical Shift Right,1,2,IMP
16:40:10.455 [Test worker] INFO  net.lomibao.nes.components.CPU6502 - 75,4B,???,???,???,1,2,IMP
16:40:10.455 [Test worker] INFO  net.lomibao.nes.components.CPU6502 - 76,4C,JMP,Absolute,Jump,3,3,ABS
16:40:10.455 [Test worker] INFO  net.lomibao.nes.components.CPU6502 - 77,4D,EOR,Absolute,Exclusive OR,3,4,ABS
16:40:10.455 [Test worker] INFO  net.lomibao.nes.components.CPU6502 - 78,4E,LSR,Absolute,Logical Shift Right,3,6,ABS
16:40:10.455 [Test worker] INFO  net.lomibao.nes.components.CPU6502 - 79,4F,???,???,???,1,6,IMP
16:40:10.455 [Test worker] INFO  net.lomibao.nes.components.CPU6502 - 80,50,BVC,Relative,Branch if Overflow Clear,2,2,REL
16:40:10.455 [Test worker] INFO  net.lomibao.nes.components.CPU6502 - 81,51,EOR,(Indirect);Y,Exclusive OR,2,5,IZY
16:40:10.455 [Test worker] INFO  net.lomibao.nes.components.CPU6502 - 82,52,???,???,???,1,2,IMP
16:40:10.455 [Test worker] INFO  net.lomibao.nes.components.CPU6502 - 83,53,???,???,???,1,8,IMP
16:40:10.455 [Test worker] INFO  net.lomibao.nes.components.CPU6502 - 84,54,???,???,???,1,4,IMP
16:40:10.455 [Test worker] INFO  net.lomibao.nes.components.CPU6502 - 85,55,EOR,ZeroPage;X,Exclusive OR,2,4,ZPX
16:40:10.456 [Test worker] INFO  net.lomibao.nes.components.CPU6502 - 86,56,LSR,ZeroPage;X,Logical Shift Right,2,6,ZPX
16:40:10.456 [Test worker] INFO  net.lomibao.nes.components.CPU6502 - 87,57,???,???,???,1,6,IMP
16:40:10.456 [Test worker] INFO  net.lomibao.nes.components.CPU6502 - 88,58,CLI,Implied,Clear Interrupt Disable,1,2,IMP
16:40:10.456 [Test worker] INFO  net.lomibao.nes.components.CPU6502 - 89,59,EOR,Absolute;Y,Exclusive OR,3,4,ABY
16:40:10.456 [Test worker] INFO  net.lomibao.nes.components.CPU6502 - 90,5A,???,???,???,1,2,IMP
16:40:10.456 [Test worker] INFO  net.lomibao.nes.components.CPU6502 - 91,5B,???,???,???,1,7,IMP
16:40:10.456 [Test worker] INFO  net.lomibao.nes.components.CPU6502 - 92,5C,???,???,???,1,4,IMP
16:40:10.456 [Test worker] INFO  net.lomibao.nes.components.CPU6502 - 93,5D,EOR,Absolute;X,Exclusive OR,3,4,ABX
16:40:10.456 [Test worker] INFO  net.lomibao.nes.components.CPU6502 - 94,5E,LSR,Absolute;X,Logical Shift Right,3,7,ABX
16:40:10.456 [Test worker] INFO  net.lomibao.nes.components.CPU6502 - 95,5F,???,???,???,1,7,IMP
16:40:10.456 [Test worker] INFO  net.lomibao.nes.components.CPU6502 - 96,60,RTS,Implied,Return from Subroutine,1,6,IMP
16:40:10.457 [Test worker] INFO  net.lomibao.nes.components.CPU6502 - 97,61,ADC,(Indirect;X),Add with Carry,2,6,IZX
16:40:10.457 [Test worker] INFO  net.lomibao.nes.components.CPU6502 - 98,62,???,???,???,1,2,IMP
16:40:10.457 [Test worker] INFO  net.lomibao.nes.components.CPU6502 - 99,63,???,???,???,1,8,IMP
16:40:10.457 [Test worker] INFO  net.lomibao.nes.components.CPU6502 - 100,64,???,???,???,1,3,IMP
16:40:10.457 [Test worker] INFO  net.lomibao.nes.components.CPU6502 - 101,65,ADC,ZeroPage,Add with Carry,2,3,ZP0
16:40:10.457 [Test worker] INFO  net.lomibao.nes.components.CPU6502 - 102,66,ROR,ZeroPage,Rotate Right,2,5,ZP0
16:40:10.457 [Test worker] INFO  net.lomibao.nes.components.CPU6502 - 103,67,???,???,???,1,5,IMP
16:40:10.457 [Test worker] INFO  net.lomibao.nes.components.CPU6502 - 104,68,PLA,Implied,Pull Accumulator,1,4,IMP
16:40:10.457 [Test worker] INFO  net.lomibao.nes.components.CPU6502 - 105,69,ADC,Immediate,Add with Carry,2,2,IMM
16:40:10.457 [Test worker] INFO  net.lomibao.nes.components.CPU6502 - 106,6A,ROR,Accumulator,Rotate Right,1,2,IMP
16:40:10.458 [Test worker] INFO  net.lomibao.nes.components.CPU6502 - 107,6B,???,???,???,1,2,IMP
16:40:10.458 [Test worker] INFO  net.lomibao.nes.components.CPU6502 - 108,6C,JMP,Indirect ,Jump,3,5,IND
16:40:10.458 [Test worker] INFO  net.lomibao.nes.components.CPU6502 - 109,6D,ADC,Absolute,Add with Carry,3,4,ABS
16:40:10.458 [Test worker] INFO  net.lomibao.nes.components.CPU6502 - 110,6E,ROR,Absolute,Rotate Right,3,6,ABS
16:40:10.458 [Test worker] INFO  net.lomibao.nes.components.CPU6502 - 111,6F,???,???,???,1,6,IMP
16:40:10.458 [Test worker] INFO  net.lomibao.nes.components.CPU6502 - 112,70,BVS,Relative,Branch if Overflow Set,2,2,REL
16:40:10.458 [Test worker] INFO  net.lomibao.nes.components.CPU6502 - 113,71,ADC,(Indirect);Y,Add with Carry,2,5,IZY
16:40:10.458 [Test worker] INFO  net.lomibao.nes.components.CPU6502 - 114,72,???,???,???,1,2,IMP
16:40:10.458 [Test worker] INFO  net.lomibao.nes.components.CPU6502 - 115,73,???,???,???,1,8,IMP
16:40:10.458 [Test worker] INFO  net.lomibao.nes.components.CPU6502 - 116,74,???,???,???,1,4,IMP
16:40:10.458 [Test worker] INFO  net.lomibao.nes.components.CPU6502 - 117,75,ADC,ZeroPage;X,Add with Carry,2,4,ZPX
16:40:10.458 [Test worker] INFO  net.lomibao.nes.components.CPU6502 - 118,76,ROR,ZeroPage;X,Rotate Right,2,6,ZPX
16:40:10.458 [Test worker] INFO  net.lomibao.nes.components.CPU6502 - 119,77,???,???,???,1,6,IMP
16:40:10.458 [Test worker] INFO  net.lomibao.nes.components.CPU6502 - 120,78,SEI,Implied,Set Interrupt Disable,1,2,IMP
16:40:10.458 [Test worker] INFO  net.lomibao.nes.components.CPU6502 - 121,79,ADC,Absolute;Y,Add with Carry,3,4,ABY
16:40:10.458 [Test worker] INFO  net.lomibao.nes.components.CPU6502 - 122,7A,???,???,???,1,2,IMP
16:40:10.458 [Test worker] INFO  net.lomibao.nes.components.CPU6502 - 123,7B,???,???,???,1,7,IMP
16:40:10.459 [Test worker] INFO  net.lomibao.nes.components.CPU6502 - 124,7C,???,???,???,1,4,IMP
16:40:10.459 [Test worker] INFO  net.lomibao.nes.components.CPU6502 - 125,7D,ADC,Absolute;X,Add with Carry,3,4,ABX
16:40:10.459 [Test worker] INFO  net.lomibao.nes.components.CPU6502 - 126,7E,ROR,Absolute;X,Rotate Right,3,7,ABX
16:40:10.459 [Test worker] INFO  net.lomibao.nes.components.CPU6502 - 127,7F,???,???,???,1,7,IMP
16:40:10.459 [Test worker] INFO  net.lomibao.nes.components.CPU6502 - 128,80,???,???,???,1,2,IMP
16:40:10.460 [Test worker] INFO  net.lomibao.nes.components.CPU6502 - 129,81,STA,(Indirect;X),Store Accumulator,2,6,IZX
16:40:10.460 [Test worker] INFO  net.lomibao.nes.components.CPU6502 - 130,82,???,???,???,1,2,IMP
16:40:10.460 [Test worker] INFO  net.lomibao.nes.components.CPU6502 - 131,83,???,???,???,1,6,IMP
16:40:10.460 [Test worker] INFO  net.lomibao.nes.components.CPU6502 - 132,84,STY,ZeroPage,Store Y Register,2,3,ZP0
16:40:10.460 [Test worker] INFO  net.lomibao.nes.components.CPU6502 - 133,85,STA,ZeroPage,Store Accumulator,2,3,ZP0
16:40:10.460 [Test worker] INFO  net.lomibao.nes.components.CPU6502 - 134,86,STX,ZeroPage,Store X Register,2,3,ZP0
16:40:10.460 [Test worker] INFO  net.lomibao.nes.components.CPU6502 - 135,87,???,???,???,1,3,IMP
16:40:10.460 [Test worker] INFO  net.lomibao.nes.components.CPU6502 - 136,88,DEY,Implied,Decrement Y Register,1,2,IMP
16:40:10.460 [Test worker] INFO  net.lomibao.nes.components.CPU6502 - 137,89,???,???,???,1,2,IMP
16:40:10.461 [Test worker] INFO  net.lomibao.nes.components.CPU6502 - 138,8A,TXA,Implied,Transfer X to Accumulator,1,2,IMP
16:40:10.461 [Test worker] INFO  net.lomibao.nes.components.CPU6502 - 139,8B,???,???,???,1,2,IMP
16:40:10.461 [Test worker] INFO  net.lomibao.nes.components.CPU6502 - 140,8C,STY,Absolute,Store Y Register,3,4,ABS
16:40:10.461 [Test worker] INFO  net.lomibao.nes.components.CPU6502 - 141,8D,STA,Absolute,Store Accumulator,3,4,ABS
16:40:10.461 [Test worker] INFO  net.lomibao.nes.components.CPU6502 - 142,8E,STX,Absolute,Store X Register,3,4,ABS
16:40:10.461 [Test worker] INFO  net.lomibao.nes.components.CPU6502 - 143,8F,???,???,???,1,4,IMP
16:40:10.461 [Test worker] INFO  net.lomibao.nes.components.CPU6502 - 144,90,BCC,Relative,Branch if Carry Clear,2,2,REL
16:40:10.461 [Test worker] INFO  net.lomibao.nes.components.CPU6502 - 145,91,STA,(Indirect);Y,Store Accumulator,2,6,IZY
16:40:10.462 [Test worker] INFO  net.lomibao.nes.components.CPU6502 - 146,92,???,???,???,1,2,IMP
16:40:10.462 [Test worker] INFO  net.lomibao.nes.components.CPU6502 - 147,93,???,???,???,1,6,IMP
16:40:10.462 [Test worker] INFO  net.lomibao.nes.components.CPU6502 - 148,94,STY,ZeroPage;X,Store Y Register,2,4,ZPX
16:40:10.462 [Test worker] INFO  net.lomibao.nes.components.CPU6502 - 149,95,STA,ZeroPage;X,Store Accumulator,2,4,ZPX
16:40:10.463 [Test worker] INFO  net.lomibao.nes.components.CPU6502 - 150,96,STX,ZeroPage;Y,Store X Register,2,4,ZPY
16:40:10.463 [Test worker] INFO  net.lomibao.nes.components.CPU6502 - 151,97,???,???,???,1,4,IMP
16:40:10.463 [Test worker] INFO  net.lomibao.nes.components.CPU6502 - 152,98,TYA,Implied,Transfer Y to Accumulator,1,2,IMP
16:40:10.463 [Test worker] INFO  net.lomibao.nes.components.CPU6502 - 153,99,STA,Absolute;Y,Store Accumulator,3,5,ABY
16:40:10.464 [Test worker] INFO  net.lomibao.nes.components.CPU6502 - 154,9A,TXS,Implied,Transfer X to Stack Pointer,1,2,IMP
16:40:10.464 [Test worker] INFO  net.lomibao.nes.components.CPU6502 - 155,9B,???,???,???,1,5,IMP
16:40:10.464 [Test worker] INFO  net.lomibao.nes.components.CPU6502 - 156,9C,???,???,???,1,5,IMP
16:40:10.464 [Test worker] INFO  net.lomibao.nes.components.CPU6502 - 157,9D,STA,Absolute;X,Store Accumulator,3,5,ABX
16:40:10.464 [Test worker] INFO  net.lomibao.nes.components.CPU6502 - 158,9E,???,???,???,1,5,IMP
16:40:10.464 [Test worker] INFO  net.lomibao.nes.components.CPU6502 - 159,9F,???,???,???,1,5,IMP
16:40:10.464 [Test worker] INFO  net.lomibao.nes.components.CPU6502 - 160,A0,LDY,Immediate,Load Y Register,2,2,IMM
16:40:10.464 [Test worker] INFO  net.lomibao.nes.components.CPU6502 - 161,A1,LDA,(Indirect;X),Load Accumulator,2,6,IZX
16:40:10.464 [Test worker] INFO  net.lomibao.nes.components.CPU6502 - 162,A2,LDX,Immediate,Load X Register,2,2,IMM
16:40:10.464 [Test worker] INFO  net.lomibao.nes.components.CPU6502 - 163,A3,???,???,???,1,6,IMP
16:40:10.465 [Test worker] INFO  net.lomibao.nes.components.CPU6502 - 164,A4,LDY,ZeroPage,Load Y Register,2,3,ZP0
16:40:10.465 [Test worker] INFO  net.lomibao.nes.components.CPU6502 - 165,A5,LDA,ZeroPage,Load Accumulator,2,3,ZP0
16:40:10.465 [Test worker] INFO  net.lomibao.nes.components.CPU6502 - 166,A6,LDX,ZeroPage,Load X Register,2,3,ZP0
16:40:10.465 [Test worker] INFO  net.lomibao.nes.components.CPU6502 - 167,A7,???,???,???,1,3,IMP
16:40:10.465 [Test worker] INFO  net.lomibao.nes.components.CPU6502 - 168,A8,TAY,Implied,Transfer Accumulator to Y,1,2,IMP
16:40:10.465 [Test worker] INFO  net.lomibao.nes.components.CPU6502 - 169,A9,LDA,Immediate,Load Accumulator,2,2,IMM
16:40:10.465 [Test worker] INFO  net.lomibao.nes.components.CPU6502 - 170,AA,TAX,Implied,Transfer Accumulator to X,1,2,IMP
16:40:10.465 [Test worker] INFO  net.lomibao.nes.components.CPU6502 - 171,AB,???,???,???,1,2,IMP
16:40:10.465 [Test worker] INFO  net.lomibao.nes.components.CPU6502 - 172,AC,LDY,Absolute,Load Y Register,3,4,ABS
16:40:10.465 [Test worker] INFO  net.lomibao.nes.components.CPU6502 - 173,AD,LDA,Absolute,Load Accumulator,3,4,ABS
16:40:10.465 [Test worker] INFO  net.lomibao.nes.components.CPU6502 - 174,AE,LDX,Absolute,Load X Register,3,4,ABS
16:40:10.465 [Test worker] INFO  net.lomibao.nes.components.CPU6502 - 175,AF,???,???,???,1,4,IMP
16:40:10.465 [Test worker] INFO  net.lomibao.nes.components.CPU6502 - 176,B0,BCS,Relative,Branch if Carry Set,2,2,REL
16:40:10.465 [Test worker] INFO  net.lomibao.nes.components.CPU6502 - 177,B1,LDA,(Indirect);Y,Load Accumulator,2,5,IZY
16:40:10.465 [Test worker] INFO  net.lomibao.nes.components.CPU6502 - 178,B2,???,???,???,1,2,IMP
16:40:10.465 [Test worker] INFO  net.lomibao.nes.components.CPU6502 - 179,B3,???,???,???,1,5,IMP
16:40:10.465 [Test worker] INFO  net.lomibao.nes.components.CPU6502 - 180,B4,LDY,ZeroPage;X,Load Y Register,2,4,ZPX
16:40:10.465 [Test worker] INFO  net.lomibao.nes.components.CPU6502 - 181,B5,LDA,ZeroPage;X,Load Accumulator,2,4,ZPX
16:40:10.465 [Test worker] INFO  net.lomibao.nes.components.CPU6502 - 182,B6,LDX,ZeroPage;Y,Load X Register,2,4,ZPY
16:40:10.466 [Test worker] INFO  net.lomibao.nes.components.CPU6502 - 183,B7,???,???,???,1,4,IMP
16:40:10.466 [Test worker] INFO  net.lomibao.nes.components.CPU6502 - 184,B8,CLV,Implied,Clear Overflow Flag,1,2,IMP
16:40:10.466 [Test worker] INFO  net.lomibao.nes.components.CPU6502 - 185,B9,LDA,Absolute;Y,Load Accumulator,3,4,ABY
16:40:10.466 [Test worker] INFO  net.lomibao.nes.components.CPU6502 - 186,BA,TSX,Implied,Transfer Stack Pointer to X,1,2,IMP
16:40:10.466 [Test worker] INFO  net.lomibao.nes.components.CPU6502 - 187,BB,???,???,???,1,4,IMP
16:40:10.466 [Test worker] INFO  net.lomibao.nes.components.CPU6502 - 188,BC,LDY,Absolute;X,Load Y Register,3,4,ABX
16:40:10.467 [Test worker] INFO  net.lomibao.nes.components.CPU6502 - 189,BD,LDA,Absolute;X,Load Accumulator,3,4,ABX
16:40:10.467 [Test worker] INFO  net.lomibao.nes.components.CPU6502 - 190,BE,LDX,Absolute;Y,Load X Register,3,4,ABY
16:40:10.467 [Test worker] INFO  net.lomibao.nes.components.CPU6502 - 191,BF,???,???,???,1,4,IMP
16:40:10.467 [Test worker] INFO  net.lomibao.nes.components.CPU6502 - 192,C0,CPY,Immediate,Compare Y Register,2,2,IMM
16:40:10.467 [Test worker] INFO  net.lomibao.nes.components.CPU6502 - 193,C1,CMP,(Indirect;X),Compare,2,6,IZX
16:40:10.467 [Test worker] INFO  net.lomibao.nes.components.CPU6502 - 194,C2,???,???,???,1,2,IMP
16:40:10.467 [Test worker] INFO  net.lomibao.nes.components.CPU6502 - 195,C3,???,???,???,1,8,IMP
16:40:10.467 [Test worker] INFO  net.lomibao.nes.components.CPU6502 - 196,C4,CPY,ZeroPage,Compare Y Register,2,3,ZP0
16:40:10.467 [Test worker] INFO  net.lomibao.nes.components.CPU6502 - 197,C5,CMP,ZeroPage,Compare,2,3,ZP0
16:40:10.467 [Test worker] INFO  net.lomibao.nes.components.CPU6502 - 198,C6,DEC,ZeroPage,Decrement Memory,2,5,ZP0
16:40:10.467 [Test worker] INFO  net.lomibao.nes.components.CPU6502 - 199,C7,???,???,???,1,5,IMP
16:40:10.467 [Test worker] INFO  net.lomibao.nes.components.CPU6502 - 200,C8,INY,Implied,Increment Y Register,1,2,IMP
16:40:10.467 [Test worker] INFO  net.lomibao.nes.components.CPU6502 - 201,C9,CMP,Immediate,Compare,2,2,IMM
16:40:10.467 [Test worker] INFO  net.lomibao.nes.components.CPU6502 - 202,CA,DEX,Implied,Decrement X Register,1,2,IMP
16:40:10.467 [Test worker] INFO  net.lomibao.nes.components.CPU6502 - 203,CB,???,???,???,1,2,IMP
16:40:10.467 [Test worker] INFO  net.lomibao.nes.components.CPU6502 - 204,CC,CPY,Absolute,Compare Y Register,3,4,ABS
16:40:10.468 [Test worker] INFO  net.lomibao.nes.components.CPU6502 - 205,CD,CMP,Absolute,Compare,3,4,ABS
16:40:10.468 [Test worker] INFO  net.lomibao.nes.components.CPU6502 - 206,CE,DEC,Absolute,Decrement Memory,3,6,ABS
16:40:10.468 [Test worker] INFO  net.lomibao.nes.components.CPU6502 - 207,CF,???,???,???,1,6,IMP
16:40:10.468 [Test worker] INFO  net.lomibao.nes.components.CPU6502 - 208,D0,BNE,Relative,Branch if Not Equal,2,2,REL
16:40:10.468 [Test worker] INFO  net.lomibao.nes.components.CPU6502 - 209,D1,CMP,(Indirect);Y,Compare,2,5,IZY
16:40:10.468 [Test worker] INFO  net.lomibao.nes.components.CPU6502 - 210,D2,???,???,???,1,2,IMP
16:40:10.468 [Test worker] INFO  net.lomibao.nes.components.CPU6502 - 211,D3,???,???,???,1,8,IMP
16:40:10.468 [Test worker] INFO  net.lomibao.nes.components.CPU6502 - 212,D4,???,???,???,1,4,IMP
16:40:10.468 [Test worker] INFO  net.lomibao.nes.components.CPU6502 - 213,D5,CMP,ZeroPage;X,Compare,2,4,ZPX
16:40:10.468 [Test worker] INFO  net.lomibao.nes.components.CPU6502 - 214,D6,DEC,ZeroPage;X,Decrement Memory,2,6,ZPX
16:40:10.468 [Test worker] INFO  net.lomibao.nes.components.CPU6502 - 215,D7,???,???,???,1,6,IMP
16:40:10.469 [Test worker] INFO  net.lomibao.nes.components.CPU6502 - 216,D8,CLD,Implied,Clear Decimal Mode,1,2,IMP
16:40:10.469 [Test worker] INFO  net.lomibao.nes.components.CPU6502 - 217,D9,CMP,Absolute;Y,Compare,3,4,ABY
16:40:10.469 [Test worker] INFO  net.lomibao.nes.components.CPU6502 - 218,DA,NOP,???,???,1,2,IMP
16:40:10.469 [Test worker] INFO  net.lomibao.nes.components.CPU6502 - 219,DB,???,???,???,1,7,IMP
16:40:10.469 [Test worker] INFO  net.lomibao.nes.components.CPU6502 - 220,DC,???,???,???,1,4,IMP
16:40:10.469 [Test worker] INFO  net.lomibao.nes.components.CPU6502 - 221,DD,CMP,Absolute;X,Compare,3,4,ABX
16:40:10.469 [Test worker] INFO  net.lomibao.nes.components.CPU6502 - 222,DE,DEC,Absolute;X,Decrement Memory,3,7,ABX
16:40:10.469 [Test worker] INFO  net.lomibao.nes.components.CPU6502 - 223,DF,???,???,???,1,7,IMP
16:40:10.469 [Test worker] INFO  net.lomibao.nes.components.CPU6502 - 224,E0,CPX,Immediate,Compare X Register,2,2,IMM
16:40:10.469 [Test worker] INFO  net.lomibao.nes.components.CPU6502 - 225,E1,SBC,(Indirect;X),Subtract with Carry,2,6,IZX
16:40:10.469 [Test worker] INFO  net.lomibao.nes.components.CPU6502 - 226,E2,???,???,???,1,2,IMP
16:40:10.469 [Test worker] INFO  net.lomibao.nes.components.CPU6502 - 227,E3,???,???,???,1,8,IMP
16:40:10.469 [Test worker] INFO  net.lomibao.nes.components.CPU6502 - 228,E4,CPX,ZeroPage,Compare X Register,2,3,ZP0
16:40:10.469 [Test worker] INFO  net.lomibao.nes.components.CPU6502 - 229,E5,SBC,ZeroPage,Subtract with Carry,2,3,ZP0
16:40:10.470 [Test worker] INFO  net.lomibao.nes.components.CPU6502 - 230,E6,INC,ZeroPage,Increment Memory,2,5,ZP0
16:40:10.471 [Test worker] INFO  net.lomibao.nes.components.CPU6502 - 231,E7,???,???,???,1,5,IMP
16:40:10.471 [Test worker] INFO  net.lomibao.nes.components.CPU6502 - 232,E8,INX,Implied,Increment X Register,1,2,IMP
16:40:10.471 [Test worker] INFO  net.lomibao.nes.components.CPU6502 - 233,E9,SBC,Immediate,Subtract with Carry,2,2,IMM
16:40:10.472 [Test worker] INFO  net.lomibao.nes.components.CPU6502 - 234,EA,NOP,Implied,No Operation,1,2,IMP
16:40:10.472 [Test worker] INFO  net.lomibao.nes.components.CPU6502 - 235,EB,???,???,???,1,2,IMP
16:40:10.472 [Test worker] INFO  net.lomibao.nes.components.CPU6502 - 236,EC,CPX,Absolute,Compare X Register,3,4,ABS
16:40:10.472 [Test worker] INFO  net.lomibao.nes.components.CPU6502 - 237,ED,SBC,Absolute,Subtract with Carry,3,4,ABS
16:40:10.472 [Test worker] INFO  net.lomibao.nes.components.CPU6502 - 238,EE,INC,Absolute,Increment Memory,3,6,ABS
16:40:10.472 [Test worker] INFO  net.lomibao.nes.components.CPU6502 - 239,EF,???,???,???,1,6,IMP
16:40:10.472 [Test worker] INFO  net.lomibao.nes.components.CPU6502 - 240,F0,BEQ,Relative,Branch if Equal,2,2,REL
16:40:10.472 [Test worker] INFO  net.lomibao.nes.components.CPU6502 - 241,F1,SBC,(Indirect);Y,Subtract with Carry,2,5,IZY
16:40:10.472 [Test worker] INFO  net.lomibao.nes.components.CPU6502 - 242,F2,???,???,???,1,2,IMP
16:40:10.472 [Test worker] INFO  net.lomibao.nes.components.CPU6502 - 243,F3,???,???,???,1,8,IMP
16:40:10.472 [Test worker] INFO  net.lomibao.nes.components.CPU6502 - 244,F4,???,???,???,1,4,IMP
16:40:10.472 [Test worker] INFO  net.lomibao.nes.components.CPU6502 - 245,F5,SBC,ZeroPage;X,Subtract with Carry,2,4,ZPX
16:40:10.472 [Test worker] INFO  net.lomibao.nes.components.CPU6502 - 246,F6,INC,ZeroPage;X,Increment Memory,2,6,ZPX
16:40:10.472 [Test worker] INFO  net.lomibao.nes.components.CPU6502 - 247,F7,???,???,???,1,6,IMP
16:40:10.473 [Test worker] INFO  net.lomibao.nes.components.CPU6502 - 248,F8,SED,Implied,Set Decimal Flag,1,2,IMP
16:40:10.473 [Test worker] INFO  net.lomibao.nes.components.CPU6502 - 249,F9,SBC,Absolute;Y,Subtract with Carry,3,4,ABY
16:40:10.473 [Test worker] INFO  net.lomibao.nes.components.CPU6502 - 250,FA,NOP,???,???,1,2,IMP
16:40:10.473 [Test worker] INFO  net.lomibao.nes.components.CPU6502 - 251,FB,???,???,???,1,7,IMP
16:40:10.473 [Test worker] INFO  net.lomibao.nes.components.CPU6502 - 252,FC,???,???,???,1,4,IMP
16:40:10.473 [Test worker] INFO  net.lomibao.nes.components.CPU6502 - 253,FD,SBC,Absolute;X,Subtract with Carry,3,4,ABX
16:40:10.473 [Test worker] INFO  net.lomibao.nes.components.CPU6502 - 254,FE,INC,Absolute;X,Increment Memory,3,7,ABX
16:40:10.473 [Test worker] INFO  net.lomibao.nes.components.CPU6502 - 255,FF,???,???,???,1,7,IMP
16:40:10.487 [Test worker] INFO  net.lomibao.nes.components.CPU6502 - 0,00,BRK,Implied,Force Interrupt,1,7,IMM
16:40:10.487 [Test worker] INFO  net.lomibao.nes.components.CPU6502 - 1,01,ORA,(Indirect;X),Logical Inclusive OR,2,6,IZX
16:40:10.487 [Test worker] INFO  net.lomibao.nes.components.CPU6502 - 2,02,???,???,???,1,2,IMP
16:40:10.487 [Test worker] INFO  net.lomibao.nes.components.CPU6502 - 3,03,???,???,???,1,8,IMP
16:40:10.487 [Test worker] INFO  net.lomibao.nes.components.CPU6502 - 4,04,???,???,???,1,3,IMP
16:40:10.487 [Test worker] INFO  net.lomibao.nes.components.CPU6502 - 5,05,ORA,ZeroPage,Logical Inclusive OR,2,3,ZP0
16:40:10.487 [Test worker] INFO  net.lomibao.nes.components.CPU6502 - 6,06,ASL,ZeroPage,Arithmetic Shift Left,2,5,ZP0
16:40:10.487 [Test worker] INFO  net.lomibao.nes.components.CPU6502 - 7,07,???,???,???,1,5,IMP
16:40:10.487 [Test worker] INFO  net.lomibao.nes.components.CPU6502 - 8,08,PHP,Implied,Push Processor Status,1,3,IMP
16:40:10.487 [Test worker] INFO  net.lomibao.nes.components.CPU6502 - 9,09,ORA,Immediate,Logical Inclusive OR,2,2,IMM
16:40:10.487 [Test worker] INFO  net.lomibao.nes.components.CPU6502 - 10,0A,ASL,Accumulator,Arithmetic Shift Left,1,2,IMP
16:40:10.487 [Test worker] INFO  net.lomibao.nes.components.CPU6502 - 11,0B,???,???,???,1,2,IMP
16:40:10.487 [Test worker] INFO  net.lomibao.nes.components.CPU6502 - 12,0C,???,???,???,1,4,IMP
16:40:10.487 [Test worker] INFO  net.lomibao.nes.components.CPU6502 - 13,0D,ORA,Absolute,Logical Inclusive OR,3,4,ABS
16:40:10.487 [Test worker] INFO  net.lomibao.nes.components.CPU6502 - 14,0E,ASL,Absolute,Arithmetic Shift Left,3,6,ABS
16:40:10.487 [Test worker] INFO  net.lomibao.nes.components.CPU6502 - 15,0F,???,???,???,1,6,IMP
16:40:10.487 [Test worker] INFO  net.lomibao.nes.components.CPU6502 - 16,10,BPL,Relative,Branch if Positive,2,2,REL
16:40:10.487 [Test worker] INFO  net.lomibao.nes.components.CPU6502 - 17,11,ORA,(Indirect);Y,Logical Inclusive OR,2,5,IZY
16:40:10.487 [Test worker] INFO  net.lomibao.nes.components.CPU6502 - 18,12,???,???,???,1,2,IMP
16:40:10.487 [Test worker] INFO  net.lomibao.nes.components.CPU6502 - 19,13,???,???,???,1,8,IMP
16:40:10.487 [Test worker] INFO  net.lomibao.nes.components.CPU6502 - 20,14,???,???,???,1,4,IMP
16:40:10.487 [Test worker] INFO  net.lomibao.nes.components.CPU6502 - 21,15,ORA,ZeroPage;X,Logical Inclusive OR,2,4,ZPX
16:40:10.487 [Test worker] INFO  net.lomibao.nes.components.CPU6502 - 22,16,ASL,ZeroPage;X,Arithmetic Shift Left,2,6,ZPX
16:40:10.487 [Test worker] INFO  net.lomibao.nes.components.CPU6502 - 23,17,???,???,???,1,6,IMP
16:40:10.487 [Test worker] INFO  net.lomibao.nes.components.CPU6502 - 24,18,CLC,Implied,Clear Carry Flag,1,2,IMP
16:40:10.487 [Test worker] INFO  net.lomibao.nes.components.CPU6502 - 25,19,ORA,Absolute;Y,Logical Inclusive OR,3,4,ABY
16:40:10.487 [Test worker] INFO  net.lomibao.nes.components.CPU6502 - 26,1A,???,???,???,1,2,IMP
16:40:10.487 [Test worker] INFO  net.lomibao.nes.components.CPU6502 - 27,1B,???,???,???,1,7,IMP
16:40:10.487 [Test worker] INFO  net.lomibao.nes.components.CPU6502 - 28,1C,???,???,???,1,4,IMP
16:40:10.487 [Test worker] INFO  net.lomibao.nes.components.CPU6502 - 29,1D,ORA,Absolute;X,Logical Inclusive OR,3,4,ABX
16:40:10.487 [Test worker] INFO  net.lomibao.nes.components.CPU6502 - 30,1E,ASL,Absolute;X,Arithmetic Shift Left,3,7,ABX
16:40:10.487 [Test worker] INFO  net.lomibao.nes.components.CPU6502 - 31,1F,???,???,???,1,7,IMP
16:40:10.488 [Test worker] INFO  net.lomibao.nes.components.CPU6502 - 32,20,JSR,Absolute,Jump to Subroutine,3,6,ABS
16:40:10.488 [Test worker] INFO  net.lomibao.nes.components.CPU6502 - 33,21,AND,(Indirect;X),Logical AND,2,6,IZX
16:40:10.488 [Test worker] INFO  net.lomibao.nes.components.CPU6502 - 34,22,???,???,???,1,2,IMP
16:40:10.488 [Test worker] INFO  net.lomibao.nes.components.CPU6502 - 35,23,???,???,???,1,8,IMP
16:40:10.488 [Test worker] INFO  net.lomibao.nes.components.CPU6502 - 36,24,BIT,ZeroPage,Bit Test,2,3,ZP0
16:40:10.488 [Test worker] INFO  net.lomibao.nes.components.CPU6502 - 37,25,AND,ZeroPage,Logical AND,2,3,ZP0
16:40:10.488 [Test worker] INFO  net.lomibao.nes.components.CPU6502 - 38,26,ROL,ZeroPage,Rotate Left,2,5,ZP0
16:40:10.488 [Test worker] INFO  net.lomibao.nes.components.CPU6502 - 39,27,???,???,???,1,5,IMP
16:40:10.488 [Test worker] INFO  net.lomibao.nes.components.CPU6502 - 40,28,PLP,Implied,Pull Processor Status,1,4,IMP
16:40:10.488 [Test worker] INFO  net.lomibao.nes.components.CPU6502 - 41,29,AND,Immediate,Logical AND,2,2,IMM
16:40:10.488 [Test worker] INFO  net.lomibao.nes.components.CPU6502 - 42,2A,ROL,Accumulator,Rotate Left,1,2,IMP
16:40:10.488 [Test worker] INFO  net.lomibao.nes.components.CPU6502 - 43,2B,???,???,???,1,2,IMP
16:40:10.489 [Test worker] INFO  net.lomibao.nes.components.CPU6502 - 44,2C,BIT,Absolute,Bit Test,3,4,ABS
16:40:10.489 [Test worker] INFO  net.lomibao.nes.components.CPU6502 - 45,2D,AND,Absolute,Logical AND,3,4,ABS
16:40:10.489 [Test worker] INFO  net.lomibao.nes.components.CPU6502 - 46,2E,ROL,Absolute,Rotate Left,3,6,ABS
16:40:10.489 [Test worker] INFO  net.lomibao.nes.components.CPU6502 - 47,2F,???,???,???,1,6,IMP
16:40:10.489 [Test worker] INFO  net.lomibao.nes.components.CPU6502 - 48,30,BMI,Relative,Branch if Minus,2,2,REL
16:40:10.489 [Test worker] INFO  net.lomibao.nes.components.CPU6502 - 49,31,AND,(Indirect);Y,Logical AND,2,5,IZY
16:40:10.489 [Test worker] INFO  net.lomibao.nes.components.CPU6502 - 50,32,???,???,???,1,2,IMP
16:40:10.489 [Test worker] INFO  net.lomibao.nes.components.CPU6502 - 51,33,???,???,???,1,8,IMP
16:40:10.489 [Test worker] INFO  net.lomibao.nes.components.CPU6502 - 52,34,???,???,???,1,4,IMP
16:40:10.489 [Test worker] INFO  net.lomibao.nes.components.CPU6502 - 53,35,AND,ZeroPage;X,Logical AND,2,4,ZPX
16:40:10.489 [Test worker] INFO  net.lomibao.nes.components.CPU6502 - 54,36,ROL,ZeroPage;X,Rotate Left,2,6,ZPX
16:40:10.489 [Test worker] INFO  net.lomibao.nes.components.CPU6502 - 55,37,???,???,???,1,6,IMP
16:40:10.489 [Test worker] INFO  net.lomibao.nes.components.CPU6502 - 56,38,SEC,Implied,Set Carry Flag,1,2,IMP
16:40:10.489 [Test worker] INFO  net.lomibao.nes.components.CPU6502 - 57,39,AND,Absolute;Y,Logical AND,3,4,ABY
16:40:10.489 [Test worker] INFO  net.lomibao.nes.components.CPU6502 - 58,3A,???,???,???,1,2,IMP
16:40:10.489 [Test worker] INFO  net.lomibao.nes.components.CPU6502 - 59,3B,???,???,???,1,7,IMP
16:40:10.490 [Test worker] INFO  net.lomibao.nes.components.CPU6502 - 60,3C,???,???,???,1,4,IMP
16:40:10.490 [Test worker] INFO  net.lomibao.nes.components.CPU6502 - 61,3D,AND,Absolute;X,Logical AND,3,4,ABX
16:40:10.490 [Test worker] INFO  net.lomibao.nes.components.CPU6502 - 62,3E,ROL,Absolute;X,Rotate Left,3,7,ABX
16:40:10.490 [Test worker] INFO  net.lomibao.nes.components.CPU6502 - 63,3F,???,???,???,1,7,IMP
16:40:10.490 [Test worker] INFO  net.lomibao.nes.components.CPU6502 - 64,40,RTI,Implied,Return from Interrupt,1,6,IMP
16:40:10.490 [Test worker] INFO  net.lomibao.nes.components.CPU6502 - 65,41,EOR,(Indirect;X),Exclusive OR,2,6,IZX
16:40:10.490 [Test worker] INFO  net.lomibao.nes.components.CPU6502 - 66,42,???,???,???,1,2,IMP
16:40:10.490 [Test worker] INFO  net.lomibao.nes.components.CPU6502 - 67,43,???,???,???,1,8,IMP
16:40:10.491 [Test worker] INFO  net.lomibao.nes.components.CPU6502 - 68,44,???,???,???,1,3,IMP
16:40:10.491 [Test worker] INFO  net.lomibao.nes.components.CPU6502 - 69,45,EOR,ZeroPage,Exclusive OR,2,3,ZP0
16:40:10.491 [Test worker] INFO  net.lomibao.nes.components.CPU6502 - 70,46,LSR,ZeroPage,Logical Shift Right,2,5,ZP0
16:40:10.491 [Test worker] INFO  net.lomibao.nes.components.CPU6502 - 71,47,???,???,???,1,5,IMP
16:40:10.491 [Test worker] INFO  net.lomibao.nes.components.CPU6502 - 72,48,PHA,Implied,Push Accumulator,1,3,IMP
16:40:10.491 [Test worker] INFO  net.lomibao.nes.components.CPU6502 - 73,49,EOR,Immediate,Exclusive OR,2,2,IMM
16:40:10.491 [Test worker] INFO  net.lomibao.nes.components.CPU6502 - 74,4A,LSR,Accumulator,Logical Shift Right,1,2,IMP
16:40:10.491 [Test worker] INFO  net.lomibao.nes.components.CPU6502 - 75,4B,???,???,???,1,2,IMP
16:40:10.491 [Test worker] INFO  net.lomibao.nes.components.CPU6502 - 76,4C,JMP,Absolute,Jump,3,3,ABS
16:40:10.491 [Test worker] INFO  net.lomibao.nes.components.CPU6502 - 77,4D,EOR,Absolute,Exclusive OR,3,4,ABS
16:40:10.491 [Test worker] INFO  net.lomibao.nes.components.CPU6502 - 78,4E,LSR,Absolute,Logical Shift Right,3,6,ABS
16:40:10.491 [Test worker] INFO  net.lomibao.nes.components.CPU6502 - 79,4F,???,???,???,1,6,IMP
16:40:10.491 [Test worker] INFO  net.lomibao.nes.components.CPU6502 - 80,50,BVC,Relative,Branch if Overflow Clear,2,2,REL
16:40:10.491 [Test worker] INFO  net.lomibao.nes.components.CPU6502 - 81,51,EOR,(Indirect);Y,Exclusive OR,2,5,IZY
16:40:10.491 [Test worker] INFO  net.lomibao.nes.components.CPU6502 - 82,52,???,???,???,1,2,IMP
16:40:10.491 [Test worker] INFO  net.lomibao.nes.components.CPU6502 - 83,53,???,???,???,1,8,IMP
16:40:10.491 [Test worker] INFO  net.lomibao.nes.components.CPU6502 - 84,54,???,???,???,1,4,IMP
16:40:10.491 [Test worker] INFO  net.lomibao.nes.components.CPU6502 - 85,55,EOR,ZeroPage;X,Exclusive OR,2,4,ZPX
16:40:10.491 [Test worker] INFO  net.lomibao.nes.components.CPU6502 - 86,56,LSR,ZeroPage;X,Logical Shift Right,2,6,ZPX
16:40:10.491 [Test worker] INFO  net.lomibao.nes.components.CPU6502 - 87,57,???,???,???,1,6,IMP
16:40:10.491 [Test worker] INFO  net.lomibao.nes.components.CPU6502 - 88,58,CLI,Implied,Clear Interrupt Disable,1,2,IMP
16:40:10.491 [Test worker] INFO  net.lomibao.nes.components.CPU6502 - 89,59,EOR,Absolute;Y,Exclusive OR,3,4,ABY
16:40:10.491 [Test worker] INFO  net.lomibao.nes.components.CPU6502 - 90,5A,???,???,???,1,2,IMP
16:40:10.491 [Test worker] INFO  net.lomibao.nes.components.CPU6502 - 91,5B,???,???,???,1,7,IMP
16:40:10.491 [Test worker] INFO  net.lomibao.nes.components.CPU6502 - 92,5C,???,???,???,1,4,IMP
16:40:10.491 [Test worker] INFO  net.lomibao.nes.components.CPU6502 - 93,5D,EOR,Absolute;X,Exclusive OR,3,4,ABX
16:40:10.491 [Test worker] INFO  net.lomibao.nes.components.CPU6502 - 94,5E,LSR,Absolute;X,Logical Shift Right,3,7,ABX
16:40:10.491 [Test worker] INFO  net.lomibao.nes.components.CPU6502 - 95,5F,???,???,???,1,7,IMP
16:40:10.491 [Test worker] INFO  net.lomibao.nes.components.CPU6502 - 96,60,RTS,Implied,Return from Subroutine,1,6,IMP
16:40:10.491 [Test worker] INFO  net.lomibao.nes.components.CPU6502 - 97,61,ADC,(Indirect;X),Add with Carry,2,6,IZX
16:40:10.491 [Test worker] INFO  net.lomibao.nes.components.CPU6502 - 98,62,???,???,???,1,2,IMP
16:40:10.492 [Test worker] INFO  net.lomibao.nes.components.CPU6502 - 99,63,???,???,???,1,8,IMP
16:40:10.492 [Test worker] INFO  net.lomibao.nes.components.CPU6502 - 100,64,???,???,???,1,3,IMP
16:40:10.492 [Test worker] INFO  net.lomibao.nes.components.CPU6502 - 101,65,ADC,ZeroPage,Add with Carry,2,3,ZP0
16:40:10.492 [Test worker] INFO  net.lomibao.nes.components.CPU6502 - 102,66,ROR,ZeroPage,Rotate Right,2,5,ZP0
16:40:10.492 [Test worker] INFO  net.lomibao.nes.components.CPU6502 - 103,67,???,???,???,1,5,IMP
16:40:10.492 [Test worker] INFO  net.lomibao.nes.components.CPU6502 - 104,68,PLA,Implied,Pull Accumulator,1,4,IMP
16:40:10.492 [Test worker] INFO  net.lomibao.nes.components.CPU6502 - 105,69,ADC,Immediate,Add with Carry,2,2,IMM
16:40:10.492 [Test worker] INFO  net.lomibao.nes.components.CPU6502 - 106,6A,ROR,Accumulator,Rotate Right,1,2,IMP
16:40:10.492 [Test worker] INFO  net.lomibao.nes.components.CPU6502 - 107,6B,???,???,???,1,2,IMP
16:40:10.492 [Test worker] INFO  net.lomibao.nes.components.CPU6502 - 108,6C,JMP,Indirect ,Jump,3,5,IND
16:40:10.492 [Test worker] INFO  net.lomibao.nes.components.CPU6502 - 109,6D,ADC,Absolute,Add with Carry,3,4,ABS
16:40:10.492 [Test worker] INFO  net.lomibao.nes.components.CPU6502 - 110,6E,ROR,Absolute,Rotate Right,3,6,ABS
16:40:10.492 [Test worker] INFO  net.lomibao.nes.components.CPU6502 - 111,6F,???,???,???,1,6,IMP
16:40:10.492 [Test worker] INFO  net.lomibao.nes.components.CPU6502 - 112,70,BVS,Relative,Branch if Overflow Set,2,2,REL
16:40:10.492 [Test worker] INFO  net.lomibao.nes.components.CPU6502 - 113,71,ADC,(Indirect);Y,Add with Carry,2,5,IZY
16:40:10.492 [Test worker] INFO  net.lomibao.nes.components.CPU6502 - 114,72,???,???,???,1,2,IMP
16:40:10.492 [Test worker] INFO  net.lomibao.nes.components.CPU6502 - 115,73,???,???,???,1,8,IMP
16:40:10.492 [Test worker] INFO  net.lomibao.nes.components.CPU6502 - 116,74,???,???,???,1,4,IMP
16:40:10.492 [Test worker] INFO  net.lomibao.nes.components.CPU6502 - 117,75,ADC,ZeroPage;X,Add with Carry,2,4,ZPX
16:40:10.492 [Test worker] INFO  net.lomibao.nes.components.CPU6502 - 118,76,ROR,ZeroPage;X,Rotate Right,2,6,ZPX
16:40:10.492 [Test worker] INFO  net.lomibao.nes.components.CPU6502 - 119,77,???,???,???,1,6,IMP
16:40:10.492 [Test worker] INFO  net.lomibao.nes.components.CPU6502 - 120,78,SEI,Implied,Set Interrupt Disable,1,2,IMP
16:40:10.492 [Test worker] INFO  net.lomibao.nes.components.CPU6502 - 121,79,ADC,Absolute;Y,Add with Carry,3,4,ABY
16:40:10.492 [Test worker] INFO  net.lomibao.nes.components.CPU6502 - 122,7A,???,???,???,1,2,IMP
16:40:10.492 [Test worker] INFO  net.lomibao.nes.components.CPU6502 - 123,7B,???,???,???,1,7,IMP
16:40:10.492 [Test worker] INFO  net.lomibao.nes.components.CPU6502 - 124,7C,???,???,???,1,4,IMP
16:40:10.492 [Test worker] INFO  net.lomibao.nes.components.CPU6502 - 125,7D,ADC,Absolute;X,Add with Carry,3,4,ABX
16:40:10.492 [Test worker] INFO  net.lomibao.nes.components.CPU6502 - 126,7E,ROR,Absolute;X,Rotate Right,3,7,ABX
16:40:10.492 [Test worker] INFO  net.lomibao.nes.components.CPU6502 - 127,7F,???,???,???,1,7,IMP
16:40:10.492 [Test worker] INFO  net.lomibao.nes.components.CPU6502 - 128,80,???,???,???,1,2,IMP
16:40:10.492 [Test worker] INFO  net.lomibao.nes.components.CPU6502 - 129,81,STA,(Indirect;X),Store Accumulator,2,6,IZX
16:40:10.492 [Test worker] INFO  net.lomibao.nes.components.CPU6502 - 130,82,???,???,???,1,2,IMP
16:40:10.492 [Test worker] INFO  net.lomibao.nes.components.CPU6502 - 131,83,???,???,???,1,6,IMP
16:40:10.492 [Test worker] INFO  net.lomibao.nes.components.CPU6502 - 132,84,STY,ZeroPage,Store Y Register,2,3,ZP0
16:40:10.492 [Test worker] INFO  net.lomibao.nes.components.CPU6502 - 133,85,STA,ZeroPage,Store Accumulator,2,3,ZP0
16:40:10.494 [Test worker] INFO  net.lomibao.nes.components.CPU6502 - 134,86,STX,ZeroPage,Store X Register,2,3,ZP0
16:40:10.494 [Test worker] INFO  net.lomibao.nes.components.CPU6502 - 135,87,???,???,???,1,3,IMP
16:40:10.494 [Test worker] INFO  net.lomibao.nes.components.CPU6502 - 136,88,DEY,Implied,Decrement Y Register,1,2,IMP
16:40:10.494 [Test worker] INFO  net.lomibao.nes.components.CPU6502 - 137,89,???,???,???,1,2,IMP
16:40:10.494 [Test worker] INFO  net.lomibao.nes.components.CPU6502 - 138,8A,TXA,Implied,Transfer X to Accumulator,1,2,IMP
16:40:10.494 [Test worker] INFO  net.lomibao.nes.components.CPU6502 - 139,8B,???,???,???,1,2,IMP
16:40:10.494 [Test worker] INFO  net.lomibao.nes.components.CPU6502 - 140,8C,STY,Absolute,Store Y Register,3,4,ABS
16:40:10.494 [Test worker] INFO  net.lomibao.nes.components.CPU6502 - 141,8D,STA,Absolute,Store Accumulator,3,4,ABS
16:40:10.494 [Test worker] INFO  net.lomibao.nes.components.CPU6502 - 142,8E,STX,Absolute,Store X Register,3,4,ABS
16:40:10.494 [Test worker] INFO  net.lomibao.nes.components.CPU6502 - 143,8F,???,???,???,1,4,IMP
16:40:10.494 [Test worker] INFO  net.lomibao.nes.components.CPU6502 - 144,90,BCC,Relative,Branch if Carry Clear,2,2,REL
16:40:10.494 [Test worker] INFO  net.lomibao.nes.components.CPU6502 - 145,91,STA,(Indirect);Y,Store Accumulator,2,6,IZY
16:40:10.494 [Test worker] INFO  net.lomibao.nes.components.CPU6502 - 146,92,???,???,???,1,2,IMP
16:40:10.494 [Test worker] INFO  net.lomibao.nes.components.CPU6502 - 147,93,???,???,???,1,6,IMP
16:40:10.494 [Test worker] INFO  net.lomibao.nes.components.CPU6502 - 148,94,STY,ZeroPage;X,Store Y Register,2,4,ZPX
16:40:10.495 [Test worker] INFO  net.lomibao.nes.components.CPU6502 - 149,95,STA,ZeroPage;X,Store Accumulator,2,4,ZPX
16:40:10.495 [Test worker] INFO  net.lomibao.nes.components.CPU6502 - 150,96,STX,ZeroPage;Y,Store X Register,2,4,ZPY
16:40:10.495 [Test worker] INFO  net.lomibao.nes.components.CPU6502 - 151,97,???,???,???,1,4,IMP
16:40:10.495 [Test worker] INFO  net.lomibao.nes.components.CPU6502 - 152,98,TYA,Implied,Transfer Y to Accumulator,1,2,IMP
16:40:10.495 [Test worker] INFO  net.lomibao.nes.components.CPU6502 - 153,99,STA,Absolute;Y,Store Accumulator,3,5,ABY
16:40:10.495 [Test worker] INFO  net.lomibao.nes.components.CPU6502 - 154,9A,TXS,Implied,Transfer X to Stack Pointer,1,2,IMP
16:40:10.495 [Test worker] INFO  net.lomibao.nes.components.CPU6502 - 155,9B,???,???,???,1,5,IMP
16:40:10.495 [Test worker] INFO  net.lomibao.nes.components.CPU6502 - 156,9C,???,???,???,1,5,IMP
16:40:10.495 [Test worker] INFO  net.lomibao.nes.components.CPU6502 - 157,9D,STA,Absolute;X,Store Accumulator,3,5,ABX
16:40:10.495 [Test worker] INFO  net.lomibao.nes.components.CPU6502 - 158,9E,???,???,???,1,5,IMP
16:40:10.496 [Test worker] INFO  net.lomibao.nes.components.CPU6502 - 159,9F,???,???,???,1,5,IMP
16:40:10.496 [Test worker] INFO  net.lomibao.nes.components.CPU6502 - 160,A0,LDY,Immediate,Load Y Register,2,2,IMM
16:40:10.496 [Test worker] INFO  net.lomibao.nes.components.CPU6502 - 161,A1,LDA,(Indirect;X),Load Accumulator,2,6,IZX
16:40:10.496 [Test worker] INFO  net.lomibao.nes.components.CPU6502 - 162,A2,LDX,Immediate,Load X Register,2,2,IMM
16:40:10.496 [Test worker] INFO  net.lomibao.nes.components.CPU6502 - 163,A3,???,???,???,1,6,IMP
16:40:10.496 [Test worker] INFO  net.lomibao.nes.components.CPU6502 - 164,A4,LDY,ZeroPage,Load Y Register,2,3,ZP0
16:40:10.496 [Test worker] INFO  net.lomibao.nes.components.CPU6502 - 165,A5,LDA,ZeroPage,Load Accumulator,2,3,ZP0
16:40:10.496 [Test worker] INFO  net.lomibao.nes.components.CPU6502 - 166,A6,LDX,ZeroPage,Load X Register,2,3,ZP0
16:40:10.496 [Test worker] INFO  net.lomibao.nes.components.CPU6502 - 167,A7,???,???,???,1,3,IMP
16:40:10.496 [Test worker] INFO  net.lomibao.nes.components.CPU6502 - 168,A8,TAY,Implied,Transfer Accumulator to Y,1,2,IMP
16:40:10.496 [Test worker] INFO  net.lomibao.nes.components.CPU6502 - 169,A9,LDA,Immediate,Load Accumulator,2,2,IMM
16:40:10.496 [Test worker] INFO  net.lomibao.nes.components.CPU6502 - 170,AA,TAX,Implied,Transfer Accumulator to X,1,2,IMP
16:40:10.496 [Test worker] INFO  net.lomibao.nes.components.CPU6502 - 171,AB,???,???,???,1,2,IMP
16:40:10.496 [Test worker] INFO  net.lomibao.nes.components.CPU6502 - 172,AC,LDY,Absolute,Load Y Register,3,4,ABS
16:40:10.496 [Test worker] INFO  net.lomibao.nes.components.CPU6502 - 173,AD,LDA,Absolute,Load Accumulator,3,4,ABS
16:40:10.496 [Test worker] INFO  net.lomibao.nes.components.CPU6502 - 174,AE,LDX,Absolute,Load X Register,3,4,ABS
16:40:10.496 [Test worker] INFO  net.lomibao.nes.components.CPU6502 - 175,AF,???,???,???,1,4,IMP
16:40:10.496 [Test worker] INFO  net.lomibao.nes.components.CPU6502 - 176,B0,BCS,Relative,Branch if Carry Set,2,2,REL
16:40:10.496 [Test worker] INFO  net.lomibao.nes.components.CPU6502 - 177,B1,LDA,(Indirect);Y,Load Accumulator,2,5,IZY
16:40:10.496 [Test worker] INFO  net.lomibao.nes.components.CPU6502 - 178,B2,???,???,???,1,2,IMP
16:40:10.496 [Test worker] INFO  net.lomibao.nes.components.CPU6502 - 179,B3,???,???,???,1,5,IMP
16:40:10.496 [Test worker] INFO  net.lomibao.nes.components.CPU6502 - 180,B4,LDY,ZeroPage;X,Load Y Register,2,4,ZPX
16:40:10.496 [Test worker] INFO  net.lomibao.nes.components.CPU6502 - 181,B5,LDA,ZeroPage;X,Load Accumulator,2,4,ZPX
16:40:10.496 [Test worker] INFO  net.lomibao.nes.components.CPU6502 - 182,B6,LDX,ZeroPage;Y,Load X Register,2,4,ZPY
16:40:10.496 [Test worker] INFO  net.lomibao.nes.components.CPU6502 - 183,B7,???,???,???,1,4,IMP
16:40:10.496 [Test worker] INFO  net.lomibao.nes.components.CPU6502 - 184,B8,CLV,Implied,Clear Overflow Flag,1,2,IMP
16:40:10.496 [Test worker] INFO  net.lomibao.nes.components.CPU6502 - 185,B9,LDA,Absolute;Y,Load Accumulator,3,4,ABY
16:40:10.496 [Test worker] INFO  net.lomibao.nes.components.CPU6502 - 186,BA,TSX,Implied,Transfer Stack Pointer to X,1,2,IMP
16:40:10.496 [Test worker] INFO  net.lomibao.nes.components.CPU6502 - 187,BB,???,???,???,1,4,IMP
16:40:10.496 [Test worker] INFO  net.lomibao.nes.components.CPU6502 - 188,BC,LDY,Absolute;X,Load Y Register,3,4,ABX
16:40:10.496 [Test worker] INFO  net.lomibao.nes.components.CPU6502 - 189,BD,LDA,Absolute;X,Load Accumulator,3,4,ABX
16:40:10.496 [Test worker] INFO  net.lomibao.nes.components.CPU6502 - 190,BE,LDX,Absolute;Y,Load X Register,3,4,ABY
16:40:10.496 [Test worker] INFO  net.lomibao.nes.components.CPU6502 - 191,BF,???,???,???,1,4,IMP
16:40:10.497 [Test worker] INFO  net.lomibao.nes.components.CPU6502 - 192,C0,CPY,Immediate,Compare Y Register,2,2,IMM
16:40:10.497 [Test worker] INFO  net.lomibao.nes.components.CPU6502 - 193,C1,CMP,(Indirect;X),Compare,2,6,IZX
16:40:10.497 [Test worker] INFO  net.lomibao.nes.components.CPU6502 - 194,C2,???,???,???,1,2,IMP
16:40:10.497 [Test worker] INFO  net.lomibao.nes.components.CPU6502 - 195,C3,???,???,???,1,8,IMP
16:40:10.497 [Test worker] INFO  net.lomibao.nes.components.CPU6502 - 196,C4,CPY,ZeroPage,Compare Y Register,2,3,ZP0
16:40:10.497 [Test worker] INFO  net.lomibao.nes.components.CPU6502 - 197,C5,CMP,ZeroPage,Compare,2,3,ZP0
16:40:10.497 [Test worker] INFO  net.lomibao.nes.components.CPU6502 - 198,C6,DEC,ZeroPage,Decrement Memory,2,5,ZP0
16:40:10.497 [Test worker] INFO  net.lomibao.nes.components.CPU6502 - 199,C7,???,???,???,1,5,IMP
16:40:10.497 [Test worker] INFO  net.lomibao.nes.components.CPU6502 - 200,C8,INY,Implied,Increment Y Register,1,2,IMP
16:40:10.497 [Test worker] INFO  net.lomibao.nes.components.CPU6502 - 201,C9,CMP,Immediate,Compare,2,2,IMM
16:40:10.497 [Test worker] INFO  net.lomibao.nes.components.CPU6502 - 202,CA,DEX,Implied,Decrement X Register,1,2,IMP
16:40:10.497 [Test worker] INFO  net.lomibao.nes.components.CPU6502 - 203,CB,???,???,???,1,2,IMP
16:40:10.497 [Test worker] INFO  net.lomibao.nes.components.CPU6502 - 204,CC,CPY,Absolute,Compare Y Register,3,4,ABS
16:40:10.497 [Test worker] INFO  net.lomibao.nes.components.CPU6502 - 205,CD,CMP,Absolute,Compare,3,4,ABS
16:40:10.497 [Test worker] INFO  net.lomibao.nes.components.CPU6502 - 206,CE,DEC,Absolute,Decrement Memory,3,6,ABS
16:40:10.497 [Test worker] INFO  net.lomibao.nes.components.CPU6502 - 207,CF,???,???,???,1,6,IMP
16:40:10.497 [Test worker] INFO  net.lomibao.nes.components.CPU6502 - 208,D0,BNE,Relative,Branch if Not Equal,2,2,REL
16:40:10.497 [Test worker] INFO  net.lomibao.nes.components.CPU6502 - 209,D1,CMP,(Indirect);Y,Compare,2,5,IZY
16:40:10.497 [Test worker] INFO  net.lomibao.nes.components.CPU6502 - 210,D2,???,???,???,1,2,IMP
16:40:10.497 [Test worker] INFO  net.lomibao.nes.components.CPU6502 - 211,D3,???,???,???,1,8,IMP
16:40:10.497 [Test worker] INFO  net.lomibao.nes.components.CPU6502 - 212,D4,???,???,???,1,4,IMP
16:40:10.497 [Test worker] INFO  net.lomibao.nes.components.CPU6502 - 213,D5,CMP,ZeroPage;X,Compare,2,4,ZPX
16:40:10.497 [Test worker] INFO  net.lomibao.nes.components.CPU6502 - 214,D6,DEC,ZeroPage;X,Decrement Memory,2,6,ZPX
16:40:10.497 [Test worker] INFO  net.lomibao.nes.components.CPU6502 - 215,D7,???,???,???,1,6,IMP
16:40:10.497 [Test worker] INFO  net.lomibao.nes.components.CPU6502 - 216,D8,CLD,Implied,Clear Decimal Mode,1,2,IMP
16:40:10.497 [Test worker] INFO  net.lomibao.nes.components.CPU6502 - 217,D9,CMP,Absolute;Y,Compare,3,4,ABY
16:40:10.497 [Test worker] INFO  net.lomibao.nes.components.CPU6502 - 218,DA,NOP,???,???,1,2,IMP
16:40:10.497 [Test worker] INFO  net.lomibao.nes.components.CPU6502 - 219,DB,???,???,???,1,7,IMP
16:40:10.497 [Test worker] INFO  net.lomibao.nes.components.CPU6502 - 220,DC,???,???,???,1,4,IMP
16:40:10.497 [Test worker] INFO  net.lomibao.nes.components.CPU6502 - 221,DD,CMP,Absolute;X,Compare,3,4,ABX
16:40:10.497 [Test worker] INFO  net.lomibao.nes.components.CPU6502 - 222,DE,DEC,Absolute;X,Decrement Memory,3,7,ABX
16:40:10.497 [Test worker] INFO  net.lomibao.nes.components.CPU6502 - 223,DF,???,???,???,1,7,IMP
16:40:10.497 [Test worker] INFO  net.lomibao.nes.components.CPU6502 - 224,E0,CPX,Immediate,Compare X Register,2,2,IMM
16:40:10.497 [Test worker] INFO  net.lomibao.nes.components.CPU6502 - 225,E1,SBC,(Indirect;X),Subtract with Carry,2,6,IZX
16:40:10.497 [Test worker] INFO  net.lomibao.nes.components.CPU6502 - 226,E2,???,???,???,1,2,IMP
16:40:10.497 [Test worker] INFO  net.lomibao.nes.components.CPU6502 - 227,E3,???,???,???,1,8,IMP
16:40:10.497 [Test worker] INFO  net.lomibao.nes.components.CPU6502 - 228,E4,CPX,ZeroPage,Compare X Register,2,3,ZP0
16:40:10.497 [Test worker] INFO  net.lomibao.nes.components.CPU6502 - 229,E5,SBC,ZeroPage,Subtract with Carry,2,3,ZP0
16:40:10.497 [Test worker] INFO  net.lomibao.nes.components.CPU6502 - 230,E6,INC,ZeroPage,Increment Memory,2,5,ZP0
16:40:10.497 [Test worker] INFO  net.lomibao.nes.components.CPU6502 - 231,E7,???,???,???,1,5,IMP
16:40:10.497 [Test worker] INFO  net.lomibao.nes.components.CPU6502 - 232,E8,INX,Implied,Increment X Register,1,2,IMP
16:40:10.497 [Test worker] INFO  net.lomibao.nes.components.CPU6502 - 233,E9,SBC,Immediate,Subtract with Carry,2,2,IMM
16:40:10.497 [Test worker] INFO  net.lomibao.nes.components.CPU6502 - 234,EA,NOP,Implied,No Operation,1,2,IMP
16:40:10.497 [Test worker] INFO  net.lomibao.nes.components.CPU6502 - 235,EB,???,???,???,1,2,IMP
16:40:10.497 [Test worker] INFO  net.lomibao.nes.components.CPU6502 - 236,EC,CPX,Absolute,Compare X Register,3,4,ABS
16:40:10.497 [Test worker] INFO  net.lomibao.nes.components.CPU6502 - 237,ED,SBC,Absolute,Subtract with Carry,3,4,ABS
16:40:10.497 [Test worker] INFO  net.lomibao.nes.components.CPU6502 - 238,EE,INC,Absolute,Increment Memory,3,6,ABS
16:40:10.498 [Test worker] INFO  net.lomibao.nes.components.CPU6502 - 239,EF,???,???,???,1,6,IMP
16:40:10.498 [Test worker] INFO  net.lomibao.nes.components.CPU6502 - 240,F0,BEQ,Relative,Branch if Equal,2,2,REL
16:40:10.498 [Test worker] INFO  net.lomibao.nes.components.CPU6502 - 241,F1,SBC,(Indirect);Y,Subtract with Carry,2,5,IZY
16:40:10.498 [Test worker] INFO  net.lomibao.nes.components.CPU6502 - 242,F2,???,???,???,1,2,IMP
16:40:10.498 [Test worker] INFO  net.lomibao.nes.components.CPU6502 - 243,F3,???,???,???,1,8,IMP
16:40:10.498 [Test worker] INFO  net.lomibao.nes.components.CPU6502 - 244,F4,???,???,???,1,4,IMP
16:40:10.498 [Test worker] INFO  net.lomibao.nes.components.CPU6502 - 245,F5,SBC,ZeroPage;X,Subtract with Carry,2,4,ZPX
16:40:10.498 [Test worker] INFO  net.lomibao.nes.components.CPU6502 - 246,F6,INC,ZeroPage;X,Increment Memory,2,6,ZPX
16:40:10.498 [Test worker] INFO  net.lomibao.nes.components.CPU6502 - 247,F7,???,???,???,1,6,IMP
16:40:10.498 [Test worker] INFO  net.lomibao.nes.components.CPU6502 - 248,F8,SED,Implied,Set Decimal Flag,1,2,IMP
16:40:10.498 [Test worker] INFO  net.lomibao.nes.components.CPU6502 - 249,F9,SBC,Absolute;Y,Subtract with Carry,3,4,ABY
16:40:10.498 [Test worker] INFO  net.lomibao.nes.components.CPU6502 - 250,FA,NOP,???,???,1,2,IMP
16:40:10.498 [Test worker] INFO  net.lomibao.nes.components.CPU6502 - 251,FB,???,???,???,1,7,IMP
16:40:10.498 [Test worker] INFO  net.lomibao.nes.components.CPU6502 - 252,FC,???,???,???,1,4,IMP
16:40:10.498 [Test worker] INFO  net.lomibao.nes.components.CPU6502 - 253,FD,SBC,Absolute;X,Subtract with Carry,3,4,ABX
16:40:10.498 [Test worker] INFO  net.lomibao.nes.components.CPU6502 - 254,FE,INC,Absolute;X,Increment Memory,3,7,ABX
16:40:10.498 [Test worker] INFO  net.lomibao.nes.components.CPU6502 - 255,FF,???,???,???,1,7,IMP
16:40:10.502 [Test worker] ERROR net.lomibao.nes.components.Ram - attempting to read memory out of range 32768. valid range [0,8192]
16:40:53.222 [Test worker] INFO  net.lomibao.nes.components.CPU6502 - 0,00,BRK,Implied,Force Interrupt,1,7,IMM
16:40:53.229 [Test worker] INFO  net.lomibao.nes.components.CPU6502 - 1,01,ORA,(Indirect;X),Logical Inclusive OR,2,6,IZX
16:40:53.229 [Test worker] INFO  net.lomibao.nes.components.CPU6502 - 2,02,???,???,???,1,2,IMP
16:40:53.230 [Test worker] INFO  net.lomibao.nes.components.CPU6502 - 3,03,???,???,???,1,8,IMP
16:40:53.230 [Test worker] INFO  net.lomibao.nes.components.CPU6502 - 4,04,???,???,???,1,3,IMP
16:40:53.230 [Test worker] INFO  net.lomibao.nes.components.CPU6502 - 5,05,ORA,ZeroPage,Logical Inclusive OR,2,3,ZP0
16:40:53.231 [Test worker] INFO  net.lomibao.nes.components.CPU6502 - 6,06,ASL,ZeroPage,Arithmetic Shift Left,2,5,ZP0
16:40:53.231 [Test worker] INFO  net.lomibao.nes.components.CPU6502 - 7,07,???,???,???,1,5,IMP
16:40:53.231 [Test worker] INFO  net.lomibao.nes.components.CPU6502 - 8,08,PHP,Implied,Push Processor Status,1,3,IMP
16:40:53.231 [Test worker] INFO  net.lomibao.nes.components.CPU6502 - 9,09,ORA,Immediate,Logical Inclusive OR,2,2,IMM
16:40:53.231 [Test worker] INFO  net.lomibao.nes.components.CPU6502 - 10,0A,ASL,Accumulator,Arithmetic Shift Left,1,2,IMP
16:40:53.231 [Test worker] INFO  net.lomibao.nes.components.CPU6502 - 11,0B,???,???,???,1,2,IMP
16:40:53.232 [Test worker] INFO  net.lomibao.nes.components.CPU6502 - 12,0C,???,???,???,1,4,IMP
16:40:53.232 [Test worker] INFO  net.lomibao.nes.components.CPU6502 - 13,0D,ORA,Absolute,Logical Inclusive OR,3,4,ABS
16:40:53.232 [Test worker] INFO  net.lomibao.nes.components.CPU6502 - 14,0E,ASL,Absolute,Arithmetic Shift Left,3,6,ABS
16:40:53.232 [Test worker] INFO  net.lomibao.nes.components.CPU6502 - 15,0F,???,???,???,1,6,IMP
16:40:53.232 [Test worker] INFO  net.lomibao.nes.components.CPU6502 - 16,10,BPL,Relative,Branch if Positive,2,2,REL
16:40:53.232 [Test worker] INFO  net.lomibao.nes.components.CPU6502 - 17,11,ORA,(Indirect);Y,Logical Inclusive OR,2,5,IZY
16:40:53.232 [Test worker] INFO  net.lomibao.nes.components.CPU6502 - 18,12,???,???,???,1,2,IMP
16:40:53.232 [Test worker] INFO  net.lomibao.nes.components.CPU6502 - 19,13,???,???,???,1,8,IMP
16:40:53.232 [Test worker] INFO  net.lomibao.nes.components.CPU6502 - 20,14,???,???,???,1,4,IMP
16:40:53.232 [Test worker] INFO  net.lomibao.nes.components.CPU6502 - 21,15,ORA,ZeroPage;X,Logical Inclusive OR,2,4,ZPX
16:40:53.232 [Test worker] INFO  net.lomibao.nes.components.CPU6502 - 22,16,ASL,ZeroPage;X,Arithmetic Shift Left,2,6,ZPX
16:40:53.232 [Test worker] INFO  net.lomibao.nes.components.CPU6502 - 23,17,???,???,???,1,6,IMP
16:40:53.233 [Test worker] INFO  net.lomibao.nes.components.CPU6502 - 24,18,CLC,Implied,Clear Carry Flag,1,2,IMP
16:40:53.233 [Test worker] INFO  net.lomibao.nes.components.CPU6502 - 25,19,ORA,Absolute;Y,Logical Inclusive OR,3,4,ABY
16:40:53.233 [Test worker] INFO  net.lomibao.nes.components.CPU6502 - 26,1A,???,???,???,1,2,IMP
16:40:53.233 [Test worker] INFO  net.lomibao.nes.components.CPU6502 - 27,1B,???,???,???,1,7,IMP
16:40:53.233 [Test worker] INFO  net.lomibao.nes.components.CPU6502 - 28,1C,???,???,???,1,4,IMP
16:40:53.233 [Test worker] INFO  net.lomibao.nes.components.CPU6502 - 29,1D,ORA,Absolute;X,Logical Inclusive OR,3,4,ABX
16:40:53.233 [Test worker] INFO  net.lomibao.nes.components.CPU6502 - 30,1E,ASL,Absolute;X,Arithmetic Shift Left,3,7,ABX
16:40:53.233 [Test worker] INFO  net.lomibao.nes.components.CPU6502 - 31,1F,???,???,???,1,7,IMP
16:40:53.233 [Test worker] INFO  net.lomibao.nes.components.CPU6502 - 32,20,JSR,Absolute,Jump to Subroutine,3,6,ABS
16:40:53.233 [Test worker] INFO  net.lomibao.nes.components.CPU6502 - 33,21,AND,(Indirect;X),Logical AND,2,6,IZX
16:40:53.233 [Test worker] INFO  net.lomibao.nes.components.CPU6502 - 34,22,???,???,???,1,2,IMP
16:40:53.235 [Test worker] INFO  net.lomibao.nes.components.CPU6502 - 35,23,???,???,???,1,8,IMP
16:40:53.235 [Test worker] INFO  net.lomibao.nes.components.CPU6502 - 36,24,BIT,ZeroPage,Bit Test,2,3,ZP0
16:40:53.235 [Test worker] INFO  net.lomibao.nes.components.CPU6502 - 37,25,AND,ZeroPage,Logical AND,2,3,ZP0
16:40:53.235 [Test worker] INFO  net.lomibao.nes.components.CPU6502 - 38,26,ROL,ZeroPage,Rotate Left,2,5,ZP0
16:40:53.235 [Test worker] INFO  net.lomibao.nes.components.CPU6502 - 39,27,???,???,???,1,5,IMP
16:40:53.235 [Test worker] INFO  net.lomibao.nes.components.CPU6502 - 40,28,PLP,Implied,Pull Processor Status,1,4,IMP
16:40:53.235 [Test worker] INFO  net.lomibao.nes.components.CPU6502 - 41,29,AND,Immediate,Logical AND,2,2,IMM
16:40:53.235 [Test worker] INFO  net.lomibao.nes.components.CPU6502 - 42,2A,ROL,Accumulator,Rotate Left,1,2,IMP
16:40:53.235 [Test worker] INFO  net.lomibao.nes.components.CPU6502 - 43,2B,???,???,???,1,2,IMP
16:40:53.236 [Test worker] INFO  net.lomibao.nes.components.CPU6502 - 44,2C,BIT,Absolute,Bit Test,3,4,ABS
16:40:53.236 [Test worker] INFO  net.lomibao.nes.components.CPU6502 - 45,2D,AND,Absolute,Logical AND,3,4,ABS
16:40:53.236 [Test worker] INFO  net.lomibao.nes.components.CPU6502 - 46,2E,ROL,Absolute,Rotate Left,3,6,ABS
16:40:53.236 [Test worker] INFO  net.lomibao.nes.components.CPU6502 - 47,2F,???,???,???,1,6,IMP
16:40:53.236 [Test worker] INFO  net.lomibao.nes.components.CPU6502 - 48,30,BMI,Relative,Branch if Minus,2,2,REL
16:40:53.236 [Test worker] INFO  net.lomibao.nes.components.CPU6502 - 49,31,AND,(Indirect);Y,Logical AND,2,5,IZY
16:40:53.237 [Test worker] INFO  net.lomibao.nes.components.CPU6502 - 50,32,???,???,???,1,2,IMP
16:40:53.237 [Test worker] INFO  net.lomibao.nes.components.CPU6502 - 51,33,???,???,???,1,8,IMP
16:40:53.237 [Test worker] INFO  net.lomibao.nes.components.CPU6502 - 52,34,???,???,???,1,4,IMP
16:40:53.237 [Test worker] INFO  net.lomibao.nes.components.CPU6502 - 53,35,AND,ZeroPage;X,Logical AND,2,4,ZPX
16:40:53.238 [Test worker] INFO  net.lomibao.nes.components.CPU6502 - 54,36,ROL,ZeroPage;X,Rotate Left,2,6,ZPX
16:40:53.238 [Test worker] INFO  net.lomibao.nes.components.CPU6502 - 55,37,???,???,???,1,6,IMP
16:40:53.238 [Test worker] INFO  net.lomibao.nes.components.CPU6502 - 56,38,SEC,Implied,Set Carry Flag,1,2,IMP
16:40:53.238 [Test worker] INFO  net.lomibao.nes.components.CPU6502 - 57,39,AND,Absolute;Y,Logical AND,3,4,ABY
16:40:53.238 [Test worker] INFO  net.lomibao.nes.components.CPU6502 - 58,3A,???,???,???,1,2,IMP
16:40:53.238 [Test worker] INFO  net.lomibao.nes.components.CPU6502 - 59,3B,???,???,???,1,7,IMP
16:40:53.238 [Test worker] INFO  net.lomibao.nes.components.CPU6502 - 60,3C,???,???,???,1,4,IMP
16:40:53.238 [Test worker] INFO  net.lomibao.nes.components.CPU6502 - 61,3D,AND,Absolute;X,Logical AND,3,4,ABX
16:40:53.241 [Test worker] INFO  net.lomibao.nes.components.CPU6502 - 62,3E,ROL,Absolute;X,Rotate Left,3,7,ABX
16:40:53.241 [Test worker] INFO  net.lomibao.nes.components.CPU6502 - 63,3F,???,???,???,1,7,IMP
16:40:53.241 [Test worker] INFO  net.lomibao.nes.components.CPU6502 - 64,40,RTI,Implied,Return from Interrupt,1,6,IMP
16:40:53.241 [Test worker] INFO  net.lomibao.nes.components.CPU6502 - 65,41,EOR,(Indirect;X),Exclusive OR,2,6,IZX
16:40:53.241 [Test worker] INFO  net.lomibao.nes.components.CPU6502 - 66,42,???,???,???,1,2,IMP
16:40:53.242 [Test worker] INFO  net.lomibao.nes.components.CPU6502 - 67,43,???,???,???,1,8,IMP
16:40:53.242 [Test worker] INFO  net.lomibao.nes.components.CPU6502 - 68,44,???,???,???,1,3,IMP
16:40:53.242 [Test worker] INFO  net.lomibao.nes.components.CPU6502 - 69,45,EOR,ZeroPage,Exclusive OR,2,3,ZP0
16:40:53.242 [Test worker] INFO  net.lomibao.nes.components.CPU6502 - 70,46,LSR,ZeroPage,Logical Shift Right,2,5,ZP0
16:40:53.242 [Test worker] INFO  net.lomibao.nes.components.CPU6502 - 71,47,???,???,???,1,5,IMP
16:40:53.242 [Test worker] INFO  net.lomibao.nes.components.CPU6502 - 72,48,PHA,Implied,Push Accumulator,1,3,IMP
16:40:53.242 [Test worker] INFO  net.lomibao.nes.components.CPU6502 - 73,49,EOR,Immediate,Exclusive OR,2,2,IMM
16:40:53.242 [Test worker] INFO  net.lomibao.nes.components.CPU6502 - 74,4A,LSR,Accumulator,Logical Shift Right,1,2,IMP
16:40:53.242 [Test worker] INFO  net.lomibao.nes.components.CPU6502 - 75,4B,???,???,???,1,2,IMP
16:40:53.242 [Test worker] INFO  net.lomibao.nes.components.CPU6502 - 76,4C,JMP,Absolute,Jump,3,3,ABS
16:40:53.242 [Test worker] INFO  net.lomibao.nes.components.CPU6502 - 77,4D,EOR,Absolute,Exclusive OR,3,4,ABS
16:40:53.243 [Test worker] INFO  net.lomibao.nes.components.CPU6502 - 78,4E,LSR,Absolute,Logical Shift Right,3,6,ABS
16:40:53.243 [Test worker] INFO  net.lomibao.nes.components.CPU6502 - 79,4F,???,???,???,1,6,IMP
16:40:53.243 [Test worker] INFO  net.lomibao.nes.components.CPU6502 - 80,50,BVC,Relative,Branch if Overflow Clear,2,2,REL
16:40:53.243 [Test worker] INFO  net.lomibao.nes.components.CPU6502 - 81,51,EOR,(Indirect);Y,Exclusive OR,2,5,IZY
16:40:53.243 [Test worker] INFO  net.lomibao.nes.components.CPU6502 - 82,52,???,???,???,1,2,IMP
16:40:53.243 [Test worker] INFO  net.lomibao.nes.components.CPU6502 - 83,53,???,???,???,1,8,IMP
16:40:53.243 [Test worker] INFO  net.lomibao.nes.components.CPU6502 - 84,54,???,???,???,1,4,IMP
16:40:53.243 [Test worker] INFO  net.lomibao.nes.components.CPU6502 - 85,55,EOR,ZeroPage;X,Exclusive OR,2,4,ZPX
16:40:53.244 [Test worker] INFO  net.lomibao.nes.components.CPU6502 - 86,56,LSR,ZeroPage;X,Logical Shift Right,2,6,ZPX
16:40:53.244 [Test worker] INFO  net.lomibao.nes.components.CPU6502 - 87,57,???,???,???,1,6,IMP
16:40:53.244 [Test worker] INFO  net.lomibao.nes.components.CPU6502 - 88,58,CLI,Implied,Clear Interrupt Disable,1,2,IMP
16:40:53.244 [Test worker] INFO  net.lomibao.nes.components.CPU6502 - 89,59,EOR,Absolute;Y,Exclusive OR,3,4,ABY
16:40:53.244 [Test worker] INFO  net.lomibao.nes.components.CPU6502 - 90,5A,???,???,???,1,2,IMP
16:40:53.244 [Test worker] INFO  net.lomibao.nes.components.CPU6502 - 91,5B,???,???,???,1,7,IMP
16:40:53.244 [Test worker] INFO  net.lomibao.nes.components.CPU6502 - 92,5C,???,???,???,1,4,IMP
16:40:53.244 [Test worker] INFO  net.lomibao.nes.components.CPU6502 - 93,5D,EOR,Absolute;X,Exclusive OR,3,4,ABX
16:40:53.245 [Test worker] INFO  net.lomibao.nes.components.CPU6502 - 94,5E,LSR,Absolute;X,Logical Shift Right,3,7,ABX
16:40:53.245 [Test worker] INFO  net.lomibao.nes.components.CPU6502 - 95,5F,???,???,???,1,7,IMP
16:40:53.245 [Test worker] INFO  net.lomibao.nes.components.CPU6502 - 96,60,RTS,Implied,Return from Subroutine,1,6,IMP
16:40:53.245 [Test worker] INFO  net.lomibao.nes.components.CPU6502 - 97,61,ADC,(Indirect;X),Add with Carry,2,6,IZX
16:40:53.245 [Test worker] INFO  net.lomibao.nes.components.CPU6502 - 98,62,???,???,???,1,2,IMP
16:40:53.245 [Test worker] INFO  net.lomibao.nes.components.CPU6502 - 99,63,???,???,???,1,8,IMP
16:40:53.246 [Test worker] INFO  net.lomibao.nes.components.CPU6502 - 100,64,???,???,???,1,3,IMP
16:40:53.246 [Test worker] INFO  net.lomibao.nes.components.CPU6502 - 101,65,ADC,ZeroPage,Add with Carry,2,3,ZP0
16:40:53.246 [Test worker] INFO  net.lomibao.nes.components.CPU6502 - 102,66,ROR,ZeroPage,Rotate Right,2,5,ZP0
16:40:53.246 [Test worker] INFO  net.lomibao.nes.components.CPU6502 - 103,67,???,???,???,1,5,IMP
16:40:53.246 [Test worker] INFO  net.lomibao.nes.components.CPU6502 - 104,68,PLA,Implied,Pull Accumulator,1,4,IMP
16:40:53.246 [Test worker] INFO  net.lomibao.nes.components.CPU6502 - 105,69,ADC,Immediate,Add with Carry,2,2,IMM
16:40:53.246 [Test worker] INFO  net.lomibao.nes.components.CPU6502 - 106,6A,ROR,Accumulator,Rotate Right,1,2,IMP
16:40:53.246 [Test worker] INFO  net.lomibao.nes.components.CPU6502 - 107,6B,???,???,???,1,2,IMP
16:40:53.246 [Test worker] INFO  net.lomibao.nes.components.CPU6502 - 108,6C,JMP,Indirect ,Jump,3,5,IND
16:40:53.246 [Test worker] INFO  net.lomibao.nes.components.CPU6502 - 109,6D,ADC,Absolute,Add with Carry,3,4,ABS
16:40:53.247 [Test worker] INFO  net.lomibao.nes.components.CPU6502 - 110,6E,ROR,Absolute,Rotate Right,3,6,ABS
16:40:53.247 [Test worker] INFO  net.lomibao.nes.components.CPU6502 - 111,6F,???,???,???,1,6,IMP
16:40:53.247 [Test worker] INFO  net.lomibao.nes.components.CPU6502 - 112,70,BVS,Relative,Branch if Overflow Set,2,2,REL
16:40:53.247 [Test worker] INFO  net.lomibao.nes.components.CPU6502 - 113,71,ADC,(Indirect);Y,Add with Carry,2,5,IZY
16:40:53.247 [Test worker] INFO  net.lomibao.nes.components.CPU6502 - 114,72,???,???,???,1,2,IMP
16:40:53.247 [Test worker] INFO  net.lomibao.nes.components.CPU6502 - 115,73,???,???,???,1,8,IMP
16:40:53.247 [Test worker] INFO  net.lomibao.nes.components.CPU6502 - 116,74,???,???,???,1,4,IMP
16:40:53.247 [Test worker] INFO  net.lomibao.nes.components.CPU6502 - 117,75,ADC,ZeroPage;X,Add with Carry,2,4,ZPX
16:40:53.247 [Test worker] INFO  net.lomibao.nes.components.CPU6502 - 118,76,ROR,ZeroPage;X,Rotate Right,2,6,ZPX
16:40:53.247 [Test worker] INFO  net.lomibao.nes.components.CPU6502 - 119,77,???,???,???,1,6,IMP
16:40:53.247 [Test worker] INFO  net.lomibao.nes.components.CPU6502 - 120,78,SEI,Implied,Set Interrupt Disable,1,2,IMP
16:40:53.247 [Test worker] INFO  net.lomibao.nes.components.CPU6502 - 121,79,ADC,Absolute;Y,Add with Carry,3,4,ABY
16:40:53.248 [Test worker] INFO  net.lomibao.nes.components.CPU6502 - 122,7A,???,???,???,1,2,IMP
16:40:53.248 [Test worker] INFO  net.lomibao.nes.components.CPU6502 - 123,7B,???,???,???,1,7,IMP
16:40:53.248 [Test worker] INFO  net.lomibao.nes.components.CPU6502 - 124,7C,???,???,???,1,4,IMP
16:40:53.248 [Test worker] INFO  net.lomibao.nes.components.CPU6502 - 125,7D,ADC,Absolute;X,Add with Carry,3,4,ABX
16:40:53.248 [Test worker] INFO  net.lomibao.nes.components.CPU6502 - 126,7E,ROR,Absolute;X,Rotate Right,3,7,ABX
16:40:53.248 [Test worker] INFO  net.lomibao.nes.components.CPU6502 - 127,7F,???,???,???,1,7,IMP
16:40:53.249 [Test worker] INFO  net.lomibao.nes.components.CPU6502 - 128,80,???,???,???,1,2,IMP
16:40:53.249 [Test worker] INFO  net.lomibao.nes.components.CPU6502 - 129,81,STA,(Indirect;X),Store Accumulator,2,6,IZX
16:40:53.249 [Test worker] INFO  net.lomibao.nes.components.CPU6502 - 130,82,???,???,???,1,2,IMP
16:40:53.249 [Test worker] INFO  net.lomibao.nes.components.CPU6502 - 131,83,???,???,???,1,6,IMP
16:40:53.249 [Test worker] INFO  net.lomibao.nes.components.CPU6502 - 132,84,STY,ZeroPage,Store Y Register,2,3,ZP0
16:40:53.249 [Test worker] INFO  net.lomibao.nes.components.CPU6502 - 133,85,STA,ZeroPage,Store Accumulator,2,3,ZP0
16:40:53.249 [Test worker] INFO  net.lomibao.nes.components.CPU6502 - 134,86,STX,ZeroPage,Store X Register,2,3,ZP0
16:40:53.249 [Test worker] INFO  net.lomibao.nes.components.CPU6502 - 135,87,???,???,???,1,3,IMP
16:40:53.249 [Test worker] INFO  net.lomibao.nes.components.CPU6502 - 136,88,DEY,Implied,Decrement Y Register,1,2,IMP
16:40:53.249 [Test worker] INFO  net.lomibao.nes.components.CPU6502 - 137,89,???,???,???,1,2,IMP
16:40:53.249 [Test worker] INFO  net.lomibao.nes.components.CPU6502 - 138,8A,TXA,Implied,Transfer X to Accumulator,1,2,IMP
16:40:53.249 [Test worker] INFO  net.lomibao.nes.components.CPU6502 - 139,8B,???,???,???,1,2,IMP
16:40:53.249 [Test worker] INFO  net.lomibao.nes.components.CPU6502 - 140,8C,STY,Absolute,Store Y Register,3,4,ABS
16:40:53.249 [Test worker] INFO  net.lomibao.nes.components.CPU6502 - 141,8D,STA,Absolute,Store Accumulator,3,4,ABS
16:40:53.250 [Test worker] INFO  net.lomibao.nes.components.CPU6502 - 142,8E,STX,Absolute,Store X Register,3,4,ABS
16:40:53.250 [Test worker] INFO  net.lomibao.nes.components.CPU6502 - 143,8F,???,???,???,1,4,IMP
16:40:53.250 [Test worker] INFO  net.lomibao.nes.components.CPU6502 - 144,90,BCC,Relative,Branch if Carry Clear,2,2,REL
16:40:53.250 [Test worker] INFO  net.lomibao.nes.components.CPU6502 - 145,91,STA,(Indirect);Y,Store Accumulator,2,6,IZY
16:40:53.250 [Test worker] INFO  net.lomibao.nes.components.CPU6502 - 146,92,???,???,???,1,2,IMP
16:40:53.250 [Test worker] INFO  net.lomibao.nes.components.CPU6502 - 147,93,???,???,???,1,6,IMP
16:40:53.250 [Test worker] INFO  net.lomibao.nes.components.CPU6502 - 148,94,STY,ZeroPage;X,Store Y Register,2,4,ZPX
16:40:53.250 [Test worker] INFO  net.lomibao.nes.components.CPU6502 - 149,95,STA,ZeroPage;X,Store Accumulator,2,4,ZPX
16:40:53.250 [Test worker] INFO  net.lomibao.nes.components.CPU6502 - 150,96,STX,ZeroPage;Y,Store X Register,2,4,ZPY
16:40:53.250 [Test worker] INFO  net.lomibao.nes.components.CPU6502 - 151,97,???,???,???,1,4,IMP
16:40:53.250 [Test worker] INFO  net.lomibao.nes.components.CPU6502 - 152,98,TYA,Implied,Transfer Y to Accumulator,1,2,IMP
16:40:53.250 [Test worker] INFO  net.lomibao.nes.components.CPU6502 - 153,99,STA,Absolute;Y,Store Accumulator,3,5,ABY
16:40:53.250 [Test worker] INFO  net.lomibao.nes.components.CPU6502 - 154,9A,TXS,Implied,Transfer X to Stack Pointer,1,2,IMP
16:40:53.250 [Test worker] INFO  net.lomibao.nes.components.CPU6502 - 155,9B,???,???,???,1,5,IMP
16:40:53.250 [Test worker] INFO  net.lomibao.nes.components.CPU6502 - 156,9C,???,???,???,1,5,IMP
16:40:53.250 [Test worker] INFO  net.lomibao.nes.components.CPU6502 - 157,9D,STA,Absolute;X,Store Accumulator,3,5,ABX
16:40:53.250 [Test worker] INFO  net.lomibao.nes.components.CPU6502 - 158,9E,???,???,???,1,5,IMP
16:40:53.250 [Test worker] INFO  net.lomibao.nes.components.CPU6502 - 159,9F,???,???,???,1,5,IMP
16:40:53.250 [Test worker] INFO  net.lomibao.nes.components.CPU6502 - 160,A0,LDY,Immediate,Load Y Register,2,2,IMM
16:40:53.250 [Test worker] INFO  net.lomibao.nes.components.CPU6502 - 161,A1,LDA,(Indirect;X),Load Accumulator,2,6,IZX
16:40:53.252 [Test worker] INFO  net.lomibao.nes.components.CPU6502 - 162,A2,LDX,Immediate,Load X Register,2,2,IMM
16:40:53.252 [Test worker] INFO  net.lomibao.nes.components.CPU6502 - 163,A3,???,???,???,1,6,IMP
16:40:53.252 [Test worker] INFO  net.lomibao.nes.components.CPU6502 - 164,A4,LDY,ZeroPage,Load Y Register,2,3,ZP0
16:40:53.252 [Test worker] INFO  net.lomibao.nes.components.CPU6502 - 165,A5,LDA,ZeroPage,Load Accumulator,2,3,ZP0
16:40:53.252 [Test worker] INFO  net.lomibao.nes.components.CPU6502 - 166,A6,LDX,ZeroPage,Load X Register,2,3,ZP0
16:40:53.252 [Test worker] INFO  net.lomibao.nes.components.CPU6502 - 167,A7,???,???,???,1,3,IMP
16:40:53.252 [Test worker] INFO  net.lomibao.nes.components.CPU6502 - 168,A8,TAY,Implied,Transfer Accumulator to Y,1,2,IMP
16:40:53.252 [Test worker] INFO  net.lomibao.nes.components.CPU6502 - 169,A9,LDA,Immediate,Load Accumulator,2,2,IMM
16:40:53.252 [Test worker] INFO  net.lomibao.nes.components.CPU6502 - 170,AA,TAX,Implied,Transfer Accumulator to X,1,2,IMP
16:40:53.252 [Test worker] INFO  net.lomibao.nes.components.CPU6502 - 171,AB,???,???,???,1,2,IMP
16:40:53.252 [Test worker] INFO  net.lomibao.nes.components.CPU6502 - 172,AC,LDY,Absolute,Load Y Register,3,4,ABS
16:40:53.252 [Test worker] INFO  net.lomibao.nes.components.CPU6502 - 173,AD,LDA,Absolute,Load Accumulator,3,4,ABS
16:40:53.252 [Test worker] INFO  net.lomibao.nes.components.CPU6502 - 174,AE,LDX,Absolute,Load X Register,3,4,ABS
16:40:53.252 [Test worker] INFO  net.lomibao.nes.components.CPU6502 - 175,AF,???,???,???,1,4,IMP
16:40:53.252 [Test worker] INFO  net.lomibao.nes.components.CPU6502 - 176,B0,BCS,Relative,Branch if Carry Set,2,2,REL
16:40:53.252 [Test worker] INFO  net.lomibao.nes.components.CPU6502 - 177,B1,LDA,(Indirect);Y,Load Accumulator,2,5,IZY
16:40:53.252 [Test worker] INFO  net.lomibao.nes.components.CPU6502 - 178,B2,???,???,???,1,2,IMP
16:40:53.252 [Test worker] INFO  net.lomibao.nes.components.CPU6502 - 179,B3,???,???,???,1,5,IMP
16:40:53.252 [Test worker] INFO  net.lomibao.nes.components.CPU6502 - 180,B4,LDY,ZeroPage;X,Load Y Register,2,4,ZPX
16:40:53.252 [Test worker] INFO  net.lomibao.nes.components.CPU6502 - 181,B5,LDA,ZeroPage;X,Load Accumulator,2,4,ZPX
16:40:53.252 [Test worker] INFO  net.lomibao.nes.components.CPU6502 - 182,B6,LDX,ZeroPage;Y,Load X Register,2,4,ZPY
16:40:53.253 [Test worker] INFO  net.lomibao.nes.components.CPU6502 - 183,B7,???,???,???,1,4,IMP
16:40:53.253 [Test worker] INFO  net.lomibao.nes.components.CPU6502 - 184,B8,CLV,Implied,Clear Overflow Flag,1,2,IMP
16:40:53.253 [Test worker] INFO  net.lomibao.nes.components.CPU6502 - 185,B9,LDA,Absolute;Y,Load Accumulator,3,4,ABY
16:40:53.253 [Test worker] INFO  net.lomibao.nes.components.CPU6502 - 186,BA,TSX,Implied,Transfer Stack Pointer to X,1,2,IMP
16:40:53.253 [Test worker] INFO  net.lomibao.nes.components.CPU6502 - 187,BB,???,???,???,1,4,IMP
16:40:53.253 [Test worker] INFO  net.lomibao.nes.components.CPU6502 - 188,BC,LDY,Absolute;X,Load Y Register,3,4,ABX
16:40:53.253 [Test worker] INFO  net.lomibao.nes.components.CPU6502 - 189,BD,LDA,Absolute;X,Load Accumulator,3,4,ABX
16:40:53.253 [Test worker] INFO  net.lomibao.nes.components.CPU6502 - 190,BE,LDX,Absolute;Y,Load X Register,3,4,ABY
16:40:53.253 [Test worker] INFO  net.lomibao.nes.components.CPU6502 - 191,BF,???,???,???,1,4,IMP
16:40:53.254 [Test worker] INFO  net.lomibao.nes.components.CPU6502 - 192,C0,CPY,Immediate,Compare Y Register,2,2,IMM
16:40:53.254 [Test worker] INFO  net.lomibao.nes.components.CPU6502 - 193,C1,CMP,(Indirect;X),Compare,2,6,IZX
16:40:53.254 [Test worker] INFO  net.lomibao.nes.components.CPU6502 - 194,C2,???,???,???,1,2,IMP
16:40:53.254 [Test worker] INFO  net.lomibao.nes.components.CPU6502 - 195,C3,???,???,???,1,8,IMP
16:40:53.254 [Test worker] INFO  net.lomibao.nes.components.CPU6502 - 196,C4,CPY,ZeroPage,Compare Y Register,2,3,ZP0
16:40:53.254 [Test worker] INFO  net.lomibao.nes.components.CPU6502 - 197,C5,CMP,ZeroPage,Compare,2,3,ZP0
16:40:53.254 [Test worker] INFO  net.lomibao.nes.components.CPU6502 - 198,C6,DEC,ZeroPage,Decrement Memory,2,5,ZP0
16:40:53.254 [Test worker] INFO  net.lomibao.nes.components.CPU6502 - 199,C7,???,???,???,1,5,IMP
16:40:53.255 [Test worker] INFO  net.lomibao.nes.components.CPU6502 - 200,C8,INY,Implied,Increment Y Register,1,2,IMP
16:40:53.255 [Test worker] INFO  net.lomibao.nes.components.CPU6502 - 201,C9,CMP,Immediate,Compare,2,2,IMM
16:40:53.255 [Test worker] INFO  net.lomibao.nes.components.CPU6502 - 202,CA,DEX,Implied,Decrement X Register,1,2,IMP
16:40:53.255 [Test worker] INFO  net.lomibao.nes.components.CPU6502 - 203,CB,???,???,???,1,2,IMP
16:40:53.255 [Test worker] INFO  net.lomibao.nes.components.CPU6502 - 204,CC,CPY,Absolute,Compare Y Register,3,4,ABS
16:40:53.255 [Test worker] INFO  net.lomibao.nes.components.CPU6502 - 205,CD,CMP,Absolute,Compare,3,4,ABS
16:40:53.255 [Test worker] INFO  net.lomibao.nes.components.CPU6502 - 206,CE,DEC,Absolute,Decrement Memory,3,6,ABS
16:40:53.255 [Test worker] INFO  net.lomibao.nes.components.CPU6502 - 207,CF,???,???,???,1,6,IMP
16:40:53.255 [Test worker] INFO  net.lomibao.nes.components.CPU6502 - 208,D0,BNE,Relative,Branch if Not Equal,2,2,REL
16:40:53.255 [Test worker] INFO  net.lomibao.nes.components.CPU6502 - 209,D1,CMP,(Indirect);Y,Compare,2,5,IZY
16:40:53.255 [Test worker] INFO  net.lomibao.nes.components.CPU6502 - 210,D2,???,???,???,1,2,IMP
16:40:53.256 [Test worker] INFO  net.lomibao.nes.components.CPU6502 - 211,D3,???,???,???,1,8,IMP
16:40:53.256 [Test worker] INFO  net.lomibao.nes.components.CPU6502 - 212,D4,???,???,???,1,4,IMP
16:40:53.256 [Test worker] INFO  net.lomibao.nes.components.CPU6502 - 213,D5,CMP,ZeroPage;X,Compare,2,4,ZPX
16:40:53.256 [Test worker] INFO  net.lomibao.nes.components.CPU6502 - 214,D6,DEC,ZeroPage;X,Decrement Memory,2,6,ZPX
16:40:53.256 [Test worker] INFO  net.lomibao.nes.components.CPU6502 - 215,D7,???,???,???,1,6,IMP
16:40:53.256 [Test worker] INFO  net.lomibao.nes.components.CPU6502 - 216,D8,CLD,Implied,Clear Decimal Mode,1,2,IMP
16:40:53.256 [Test worker] INFO  net.lomibao.nes.components.CPU6502 - 217,D9,CMP,Absolute;Y,Compare,3,4,ABY
16:40:53.256 [Test worker] INFO  net.lomibao.nes.components.CPU6502 - 218,DA,NOP,???,???,1,2,IMP
16:40:53.256 [Test worker] INFO  net.lomibao.nes.components.CPU6502 - 219,DB,???,???,???,1,7,IMP
16:40:53.256 [Test worker] INFO  net.lomibao.nes.components.CPU6502 - 220,DC,???,???,???,1,4,IMP
16:40:53.257 [Test worker] INFO  net.lomibao.nes.components.CPU6502 - 221,DD,CMP,Absolute;X,Compare,3,4,ABX
16:40:53.257 [Test worker] INFO  net.lomibao.nes.components.CPU6502 - 222,DE,DEC,Absolute;X,Decrement Memory,3,7,ABX
16:40:53.257 [Test worker] INFO  net.lomibao.nes.components.CPU6502 - 223,DF,???,???,???,1,7,IMP
16:40:53.257 [Test worker] INFO  net.lomibao.nes.components.CPU6502 - 224,E0,CPX,Immediate,Compare X Register,2,2,IMM
16:40:53.257 [Test worker] INFO  net.lomibao.nes.components.CPU6502 - 225,E1,SBC,(Indirect;X),Subtract with Carry,2,6,IZX
16:40:53.257 [Test worker] INFO  net.lomibao.nes.components.CPU6502 - 226,E2,???,???,???,1,2,IMP
16:40:53.257 [Test worker] INFO  net.lomibao.nes.components.CPU6502 - 227,E3,???,???,???,1,8,IMP
16:40:53.257 [Test worker] INFO  net.lomibao.nes.components.CPU6502 - 228,E4,CPX,ZeroPage,Compare X Register,2,3,ZP0
16:40:53.257 [Test worker] INFO  net.lomibao.nes.components.CPU6502 - 229,E5,SBC,ZeroPage,Subtract with Carry,2,3,ZP0
16:40:53.257 [Test worker] INFO  net.lomibao.nes.components.CPU6502 - 230,E6,INC,ZeroPage,Increment Memory,2,5,ZP0
16:40:53.257 [Test worker] INFO  net.lomibao.nes.components.CPU6502 - 231,E7,???,???,???,1,5,IMP
16:40:53.258 [Test worker] INFO  net.lomibao.nes.components.CPU6502 - 232,E8,INX,Implied,Increment X Register,1,2,IMP
16:40:53.258 [Test worker] INFO  net.lomibao.nes.components.CPU6502 - 233,E9,SBC,Immediate,Subtract with Carry,2,2,IMM
16:40:53.258 [Test worker] INFO  net.lomibao.nes.components.CPU6502 - 234,EA,NOP,Implied,No Operation,1,2,IMP
16:40:53.258 [Test worker] INFO  net.lomibao.nes.components.CPU6502 - 235,EB,???,???,???,1,2,IMP
16:40:53.258 [Test worker] INFO  net.lomibao.nes.components.CPU6502 - 236,EC,CPX,Absolute,Compare X Register,3,4,ABS
16:40:53.258 [Test worker] INFO  net.lomibao.nes.components.CPU6502 - 237,ED,SBC,Absolute,Subtract with Carry,3,4,ABS
16:40:53.258 [Test worker] INFO  net.lomibao.nes.components.CPU6502 - 238,EE,INC,Absolute,Increment Memory,3,6,ABS
16:40:53.258 [Test worker] INFO  net.lomibao.nes.components.CPU6502 - 239,EF,???,???,???,1,6,IMP
16:40:53.258 [Test worker] INFO  net.lomibao.nes.components.CPU6502 - 240,F0,BEQ,Relative,Branch if Equal,2,2,REL
16:40:53.258 [Test worker] INFO  net.lomibao.nes.components.CPU6502 - 241,F1,SBC,(Indirect);Y,Subtract with Carry,2,5,IZY
16:40:53.258 [Test worker] INFO  net.lomibao.nes.components.CPU6502 - 242,F2,???,???,???,1,2,IMP
16:40:53.258 [Test worker] INFO  net.lomibao.nes.components.CPU6502 - 243,F3,???,???,???,1,8,IMP
16:40:53.258 [Test worker] INFO  net.lomibao.nes.components.CPU6502 - 244,F4,???,???,???,1,4,IMP
16:40:53.259 [Test worker] INFO  net.lomibao.nes.components.CPU6502 - 245,F5,SBC,ZeroPage;X,Subtract with Carry,2,4,ZPX
16:40:53.259 [Test worker] INFO  net.lomibao.nes.components.CPU6502 - 246,F6,INC,ZeroPage;X,Increment Memory,2,6,ZPX
16:40:53.259 [Test worker] INFO  net.lomibao.nes.components.CPU6502 - 247,F7,???,???,???,1,6,IMP
16:40:53.259 [Test worker] INFO  net.lomibao.nes.components.CPU6502 - 248,F8,SED,Implied,Set Decimal Flag,1,2,IMP
16:40:53.259 [Test worker] INFO  net.lomibao.nes.components.CPU6502 - 249,F9,SBC,Absolute;Y,Subtract with Carry,3,4,ABY
16:40:53.259 [Test worker] INFO  net.lomibao.nes.components.CPU6502 - 250,FA,NOP,???,???,1,2,IMP
16:40:53.259 [Test worker] INFO  net.lomibao.nes.components.CPU6502 - 251,FB,???,???,???,1,7,IMP
16:40:53.261 [Test worker] INFO  net.lomibao.nes.components.CPU6502 - 252,FC,???,???,???,1,4,IMP
16:40:53.261 [Test worker] INFO  net.lomibao.nes.components.CPU6502 - 253,FD,SBC,Absolute;X,Subtract with Carry,3,4,ABX
16:40:53.261 [Test worker] INFO  net.lomibao.nes.components.CPU6502 - 254,FE,INC,Absolute;X,Increment Memory,3,7,ABX
16:40:53.261 [Test worker] INFO  net.lomibao.nes.components.CPU6502 - 255,FF,???,???,???,1,7,IMP
16:40:53.292 [Test worker] INFO  net.lomibao.nes.components.CPU6502 - 0,00,BRK,Implied,Force Interrupt,1,7,IMM
16:40:53.292 [Test worker] INFO  net.lomibao.nes.components.CPU6502 - 1,01,ORA,(Indirect;X),Logical Inclusive OR,2,6,IZX
16:40:53.293 [Test worker] INFO  net.lomibao.nes.components.CPU6502 - 2,02,???,???,???,1,2,IMP
16:40:53.293 [Test worker] INFO  net.lomibao.nes.components.CPU6502 - 3,03,???,???,???,1,8,IMP
16:40:53.293 [Test worker] INFO  net.lomibao.nes.components.CPU6502 - 4,04,???,???,???,1,3,IMP
16:40:53.293 [Test worker] INFO  net.lomibao.nes.components.CPU6502 - 5,05,ORA,ZeroPage,Logical Inclusive OR,2,3,ZP0
16:40:53.293 [Test worker] INFO  net.lomibao.nes.components.CPU6502 - 6,06,ASL,ZeroPage,Arithmetic Shift Left,2,5,ZP0
16:40:53.293 [Test worker] INFO  net.lomibao.nes.components.CPU6502 - 7,07,???,???,???,1,5,IMP
16:40:53.293 [Test worker] INFO  net.lomibao.nes.components.CPU6502 - 8,08,PHP,Implied,Push Processor Status,1,3,IMP
16:40:53.293 [Test worker] INFO  net.lomibao.nes.components.CPU6502 - 9,09,ORA,Immediate,Logical Inclusive OR,2,2,IMM
16:40:53.293 [Test worker] INFO  net.lomibao.nes.components.CPU6502 - 10,0A,ASL,Accumulator,Arithmetic Shift Left,1,2,IMP
16:40:53.293 [Test worker] INFO  net.lomibao.nes.components.CPU6502 - 11,0B,???,???,???,1,2,IMP
16:40:53.293 [Test worker] INFO  net.lomibao.nes.components.CPU6502 - 12,0C,???,???,???,1,4,IMP
16:40:53.293 [Test worker] INFO  net.lomibao.nes.components.CPU6502 - 13,0D,ORA,Absolute,Logical Inclusive OR,3,4,ABS
16:40:53.293 [Test worker] INFO  net.lomibao.nes.components.CPU6502 - 14,0E,ASL,Absolute,Arithmetic Shift Left,3,6,ABS
16:40:53.293 [Test worker] INFO  net.lomibao.nes.components.CPU6502 - 15,0F,???,???,???,1,6,IMP
16:40:53.293 [Test worker] INFO  net.lomibao.nes.components.CPU6502 - 16,10,BPL,Relative,Branch if Positive,2,2,REL
16:40:53.293 [Test worker] INFO  net.lomibao.nes.components.CPU6502 - 17,11,ORA,(Indirect);Y,Logical Inclusive OR,2,5,IZY
16:40:53.293 [Test worker] INFO  net.lomibao.nes.components.CPU6502 - 18,12,???,???,???,1,2,IMP
16:40:53.293 [Test worker] INFO  net.lomibao.nes.components.CPU6502 - 19,13,???,???,???,1,8,IMP
16:40:53.294 [Test worker] INFO  net.lomibao.nes.components.CPU6502 - 20,14,???,???,???,1,4,IMP
16:40:53.294 [Test worker] INFO  net.lomibao.nes.components.CPU6502 - 21,15,ORA,ZeroPage;X,Logical Inclusive OR,2,4,ZPX
16:40:53.294 [Test worker] INFO  net.lomibao.nes.components.CPU6502 - 22,16,ASL,ZeroPage;X,Arithmetic Shift Left,2,6,ZPX
16:40:53.294 [Test worker] INFO  net.lomibao.nes.components.CPU6502 - 23,17,???,???,???,1,6,IMP
16:40:53.294 [Test worker] INFO  net.lomibao.nes.components.CPU6502 - 24,18,CLC,Implied,Clear Carry Flag,1,2,IMP
16:40:53.294 [Test worker] INFO  net.lomibao.nes.components.CPU6502 - 25,19,ORA,Absolute;Y,Logical Inclusive OR,3,4,ABY
16:40:53.294 [Test worker] INFO  net.lomibao.nes.components.CPU6502 - 26,1A,???,???,???,1,2,IMP
16:40:53.294 [Test worker] INFO  net.lomibao.nes.components.CPU6502 - 27,1B,???,???,???,1,7,IMP
16:40:53.294 [Test worker] INFO  net.lomibao.nes.components.CPU6502 - 28,1C,???,???,???,1,4,IMP
16:40:53.294 [Test worker] INFO  net.lomibao.nes.components.CPU6502 - 29,1D,ORA,Absolute;X,Logical Inclusive OR,3,4,ABX
16:40:53.294 [Test worker] INFO  net.lomibao.nes.components.CPU6502 - 30,1E,ASL,Absolute;X,Arithmetic Shift Left,3,7,ABX
16:40:53.294 [Test worker] INFO  net.lomibao.nes.components.CPU6502 - 31,1F,???,???,???,1,7,IMP
16:40:53.295 [Test worker] INFO  net.lomibao.nes.components.CPU6502 - 32,20,JSR,Absolute,Jump to Subroutine,3,6,ABS
16:40:53.295 [Test worker] INFO  net.lomibao.nes.components.CPU6502 - 33,21,AND,(Indirect;X),Logical AND,2,6,IZX
16:40:53.295 [Test worker] INFO  net.lomibao.nes.components.CPU6502 - 34,22,???,???,???,1,2,IMP
16:40:53.295 [Test worker] INFO  net.lomibao.nes.components.CPU6502 - 35,23,???,???,???,1,8,IMP
16:40:53.295 [Test worker] INFO  net.lomibao.nes.components.CPU6502 - 36,24,BIT,ZeroPage,Bit Test,2,3,ZP0
16:40:53.295 [Test worker] INFO  net.lomibao.nes.components.CPU6502 - 37,25,AND,ZeroPage,Logical AND,2,3,ZP0
16:40:53.295 [Test worker] INFO  net.lomibao.nes.components.CPU6502 - 38,26,ROL,ZeroPage,Rotate Left,2,5,ZP0
16:40:53.295 [Test worker] INFO  net.lomibao.nes.components.CPU6502 - 39,27,???,???,???,1,5,IMP
16:40:53.295 [Test worker] INFO  net.lomibao.nes.components.CPU6502 - 40,28,PLP,Implied,Pull Processor Status,1,4,IMP
16:40:53.295 [Test worker] INFO  net.lomibao.nes.components.CPU6502 - 41,29,AND,Immediate,Logical AND,2,2,IMM
16:40:53.295 [Test worker] INFO  net.lomibao.nes.components.CPU6502 - 42,2A,ROL,Accumulator,Rotate Left,1,2,IMP
16:40:53.295 [Test worker] INFO  net.lomibao.nes.components.CPU6502 - 43,2B,???,???,???,1,2,IMP
16:40:53.295 [Test worker] INFO  net.lomibao.nes.components.CPU6502 - 44,2C,BIT,Absolute,Bit Test,3,4,ABS
16:40:53.295 [Test worker] INFO  net.lomibao.nes.components.CPU6502 - 45,2D,AND,Absolute,Logical AND,3,4,ABS
16:40:53.295 [Test worker] INFO  net.lomibao.nes.components.CPU6502 - 46,2E,ROL,Absolute,Rotate Left,3,6,ABS
16:40:53.295 [Test worker] INFO  net.lomibao.nes.components.CPU6502 - 47,2F,???,???,???,1,6,IMP
16:40:53.295 [Test worker] INFO  net.lomibao.nes.components.CPU6502 - 48,30,BMI,Relative,Branch if Minus,2,2,REL
16:40:53.295 [Test worker] INFO  net.lomibao.nes.components.CPU6502 - 49,31,AND,(Indirect);Y,Logical AND,2,5,IZY
16:40:53.295 [Test worker] INFO  net.lomibao.nes.components.CPU6502 - 50,32,???,???,???,1,2,IMP
16:40:53.295 [Test worker] INFO  net.lomibao.nes.components.CPU6502 - 51,33,???,???,???,1,8,IMP
16:40:53.295 [Test worker] INFO  net.lomibao.nes.components.CPU6502 - 52,34,???,???,???,1,4,IMP
16:40:53.295 [Test worker] INFO  net.lomibao.nes.components.CPU6502 - 53,35,AND,ZeroPage;X,Logical AND,2,4,ZPX
16:40:53.295 [Test worker] INFO  net.lomibao.nes.components.CPU6502 - 54,36,ROL,ZeroPage;X,Rotate Left,2,6,ZPX
16:40:53.296 [Test worker] INFO  net.lomibao.nes.components.CPU6502 - 55,37,???,???,???,1,6,IMP
16:40:53.296 [Test worker] INFO  net.lomibao.nes.components.CPU6502 - 56,38,SEC,Implied,Set Carry Flag,1,2,IMP
16:40:53.296 [Test worker] INFO  net.lomibao.nes.components.CPU6502 - 57,39,AND,Absolute;Y,Logical AND,3,4,ABY
16:40:53.296 [Test worker] INFO  net.lomibao.nes.components.CPU6502 - 58,3A,???,???,???,1,2,IMP
16:40:53.296 [Test worker] INFO  net.lomibao.nes.components.CPU6502 - 59,3B,???,???,???,1,7,IMP
16:40:53.296 [Test worker] INFO  net.lomibao.nes.components.CPU6502 - 60,3C,???,???,???,1,4,IMP
16:40:53.296 [Test worker] INFO  net.lomibao.nes.components.CPU6502 - 61,3D,AND,Absolute;X,Logical AND,3,4,ABX
16:40:53.296 [Test worker] INFO  net.lomibao.nes.components.CPU6502 - 62,3E,ROL,Absolute;X,Rotate Left,3,7,ABX
16:40:53.296 [Test worker] INFO  net.lomibao.nes.components.CPU6502 - 63,3F,???,???,???,1,7,IMP
16:40:53.296 [Test worker] INFO  net.lomibao.nes.components.CPU6502 - 64,40,RTI,Implied,Return from Interrupt,1,6,IMP
16:40:53.296 [Test worker] INFO  net.lomibao.nes.components.CPU6502 - 65,41,EOR,(Indirect;X),Exclusive OR,2,6,IZX
16:40:53.296 [Test worker] INFO  net.lomibao.nes.components.CPU6502 - 66,42,???,???,???,1,2,IMP
16:40:53.296 [Test worker] INFO  net.lomibao.nes.components.CPU6502 - 67,43,???,???,???,1,8,IMP
16:40:53.296 [Test worker] INFO  net.lomibao.nes.components.CPU6502 - 68,44,???,???,???,1,3,IMP
16:40:53.296 [Test worker] INFO  net.lomibao.nes.components.CPU6502 - 69,45,EOR,ZeroPage,Exclusive OR,2,3,ZP0
16:40:53.296 [Test worker] INFO  net.lomibao.nes.components.CPU6502 - 70,46,LSR,ZeroPage,Logical Shift Right,2,5,ZP0
16:40:53.296 [Test worker] INFO  net.lomibao.nes.components.CPU6502 - 71,47,???,???,???,1,5,IMP
16:40:53.297 [Test worker] INFO  net.lomibao.nes.components.CPU6502 - 72,48,PHA,Implied,Push Accumulator,1,3,IMP
16:40:53.297 [Test worker] INFO  net.lomibao.nes.components.CPU6502 - 73,49,EOR,Immediate,Exclusive OR,2,2,IMM
16:40:53.297 [Test worker] INFO  net.lomibao.nes.components.CPU6502 - 74,4A,LSR,Accumulator,Logical Shift Right,1,2,IMP
16:40:53.297 [Test worker] INFO  net.lomibao.nes.components.CPU6502 - 75,4B,???,???,???,1,2,IMP
16:40:53.297 [Test worker] INFO  net.lomibao.nes.components.CPU6502 - 76,4C,JMP,Absolute,Jump,3,3,ABS
16:40:53.297 [Test worker] INFO  net.lomibao.nes.components.CPU6502 - 77,4D,EOR,Absolute,Exclusive OR,3,4,ABS
16:40:53.297 [Test worker] INFO  net.lomibao.nes.components.CPU6502 - 78,4E,LSR,Absolute,Logical Shift Right,3,6,ABS
16:40:53.297 [Test worker] INFO  net.lomibao.nes.components.CPU6502 - 79,4F,???,???,???,1,6,IMP
16:40:53.297 [Test worker] INFO  net.lomibao.nes.components.CPU6502 - 80,50,BVC,Relative,Branch if Overflow Clear,2,2,REL
16:40:53.297 [Test worker] INFO  net.lomibao.nes.components.CPU6502 - 81,51,EOR,(Indirect);Y,Exclusive OR,2,5,IZY
16:40:53.297 [Test worker] INFO  net.lomibao.nes.components.CPU6502 - 82,52,???,???,???,1,2,IMP
16:40:53.297 [Test worker] INFO  net.lomibao.nes.components.CPU6502 - 83,53,???,???,???,1,8,IMP
16:40:53.297 [Test worker] INFO  net.lomibao.nes.components.CPU6502 - 84,54,???,???,???,1,4,IMP
16:40:53.297 [Test worker] INFO  net.lomibao.nes.components.CPU6502 - 85,55,EOR,ZeroPage;X,Exclusive OR,2,4,ZPX
16:40:53.297 [Test worker] INFO  net.lomibao.nes.components.CPU6502 - 86,56,LSR,ZeroPage;X,Logical Shift Right,2,6,ZPX
16:40:53.297 [Test worker] INFO  net.lomibao.nes.components.CPU6502 - 87,57,???,???,???,1,6,IMP
16:40:53.298 [Test worker] INFO  net.lomibao.nes.components.CPU6502 - 88,58,CLI,Implied,Clear Interrupt Disable,1,2,IMP
16:40:53.298 [Test worker] INFO  net.lomibao.nes.components.CPU6502 - 89,59,EOR,Absolute;Y,Exclusive OR,3,4,ABY
16:40:53.298 [Test worker] INFO  net.lomibao.nes.components.CPU6502 - 90,5A,???,???,???,1,2,IMP
16:40:53.298 [Test worker] INFO  net.lomibao.nes.components.CPU6502 - 91,5B,???,???,???,1,7,IMP
16:40:53.298 [Test worker] INFO  net.lomibao.nes.components.CPU6502 - 92,5C,???,???,???,1,4,IMP
16:40:53.298 [Test worker] INFO  net.lomibao.nes.components.CPU6502 - 93,5D,EOR,Absolute;X,Exclusive OR,3,4,ABX
16:40:53.298 [Test worker] INFO  net.lomibao.nes.components.CPU6502 - 94,5E,LSR,Absolute;X,Logical Shift Right,3,7,ABX
16:40:53.298 [Test worker] INFO  net.lomibao.nes.components.CPU6502 - 95,5F,???,???,???,1,7,IMP
16:40:53.298 [Test worker] INFO  net.lomibao.nes.components.CPU6502 - 96,60,RTS,Implied,Return from Subroutine,1,6,IMP
16:40:53.298 [Test worker] INFO  net.lomibao.nes.components.CPU6502 - 97,61,ADC,(Indirect;X),Add with Carry,2,6,IZX
16:40:53.298 [Test worker] INFO  net.lomibao.nes.components.CPU6502 - 98,62,???,???,???,1,2,IMP
16:40:53.298 [Test worker] INFO  net.lomibao.nes.components.CPU6502 - 99,63,???,???,???,1,8,IMP
16:40:53.298 [Test worker] INFO  net.lomibao.nes.components.CPU6502 - 100,64,???,???,???,1,3,IMP
16:40:53.298 [Test worker] INFO  net.lomibao.nes.components.CPU6502 - 101,65,ADC,ZeroPage,Add with Carry,2,3,ZP0
16:40:53.298 [Test worker] INFO  net.lomibao.nes.components.CPU6502 - 102,66,ROR,ZeroPage,Rotate Right,2,5,ZP0
16:40:53.298 [Test worker] INFO  net.lomibao.nes.components.CPU6502 - 103,67,???,???,???,1,5,IMP
16:40:53.298 [Test worker] INFO  net.lomibao.nes.components.CPU6502 - 104,68,PLA,Implied,Pull Accumulator,1,4,IMP
16:40:53.298 [Test worker] INFO  net.lomibao.nes.components.CPU6502 - 105,69,ADC,Immediate,Add with Carry,2,2,IMM
16:40:53.298 [Test worker] INFO  net.lomibao.nes.components.CPU6502 - 106,6A,ROR,Accumulator,Rotate Right,1,2,IMP
16:40:53.299 [Test worker] INFO  net.lomibao.nes.components.CPU6502 - 107,6B,???,???,???,1,2,IMP
16:40:53.299 [Test worker] INFO  net.lomibao.nes.components.CPU6502 - 108,6C,JMP,Indirect ,Jump,3,5,IND
16:40:53.299 [Test worker] INFO  net.lomibao.nes.components.CPU6502 - 109,6D,ADC,Absolute,Add with Carry,3,4,ABS
16:40:53.299 [Test worker] INFO  net.lomibao.nes.components.CPU6502 - 110,6E,ROR,Absolute,Rotate Right,3,6,ABS
16:40:53.299 [Test worker] INFO  net.lomibao.nes.components.CPU6502 - 111,6F,???,???,???,1,6,IMP
16:40:53.299 [Test worker] INFO  net.lomibao.nes.components.CPU6502 - 112,70,BVS,Relative,Branch if Overflow Set,2,2,REL
16:40:53.299 [Test worker] INFO  net.lomibao.nes.components.CPU6502 - 113,71,ADC,(Indirect);Y,Add with Carry,2,5,IZY
16:40:53.299 [Test worker] INFO  net.lomibao.nes.components.CPU6502 - 114,72,???,???,???,1,2,IMP
16:40:53.299 [Test worker] INFO  net.lomibao.nes.components.CPU6502 - 115,73,???,???,???,1,8,IMP
16:40:53.299 [Test worker] INFO  net.lomibao.nes.components.CPU6502 - 116,74,???,???,???,1,4,IMP
16:40:53.299 [Test worker] INFO  net.lomibao.nes.components.CPU6502 - 117,75,ADC,ZeroPage;X,Add with Carry,2,4,ZPX
16:40:53.299 [Test worker] INFO  net.lomibao.nes.components.CPU6502 - 118,76,ROR,ZeroPage;X,Rotate Right,2,6,ZPX
16:40:53.299 [Test worker] INFO  net.lomibao.nes.components.CPU6502 - 119,77,???,???,???,1,6,IMP
16:40:53.299 [Test worker] INFO  net.lomibao.nes.components.CPU6502 - 120,78,SEI,Implied,Set Interrupt Disable,1,2,IMP
16:40:53.299 [Test worker] INFO  net.lomibao.nes.components.CPU6502 - 121,79,ADC,Absolute;Y,Add with Carry,3,4,ABY
16:40:53.299 [Test worker] INFO  net.lomibao.nes.components.CPU6502 - 122,7A,???,???,???,1,2,IMP
16:40:53.299 [Test worker] INFO  net.lomibao.nes.components.CPU6502 - 123,7B,???,???,???,1,7,IMP
16:40:53.300 [Test worker] INFO  net.lomibao.nes.components.CPU6502 - 124,7C,???,???,???,1,4,IMP
16:40:53.300 [Test worker] INFO  net.lomibao.nes.components.CPU6502 - 125,7D,ADC,Absolute;X,Add with Carry,3,4,ABX
16:40:53.300 [Test worker] INFO  net.lomibao.nes.components.CPU6502 - 126,7E,ROR,Absolute;X,Rotate Right,3,7,ABX
16:40:53.300 [Test worker] INFO  net.lomibao.nes.components.CPU6502 - 127,7F,???,???,???,1,7,IMP
16:40:53.300 [Test worker] INFO  net.lomibao.nes.components.CPU6502 - 128,80,???,???,???,1,2,IMP
16:40:53.300 [Test worker] INFO  net.lomibao.nes.components.CPU6502 - 129,81,STA,(Indirect;X),Store Accumulator,2,6,IZX
16:40:53.300 [Test worker] INFO  net.lomibao.nes.components.CPU6502 - 130,82,???,???,???,1,2,IMP
16:40:53.300 [Test worker] INFO  net.lomibao.nes.components.CPU6502 - 131,83,???,???,???,1,6,IMP
16:40:53.300 [Test worker] INFO  net.lomibao.nes.components.CPU6502 - 132,84,STY,ZeroPage,Store Y Register,2,3,ZP0
16:40:53.300 [Test worker] INFO  net.lomibao.nes.components.CPU6502 - 133,85,STA,ZeroPage,Store Accumulator,2,3,ZP0
16:40:53.300 [Test worker] INFO  net.lomibao.nes.components.CPU6502 - 134,86,STX,ZeroPage,Store X Register,2,3,ZP0
16:40:53.300 [Test worker] INFO  net.lomibao.nes.components.CPU6502 - 135,87,???,???,???,1,3,IMP
16:40:53.300 [Test worker] INFO  net.lomibao.nes.components.CPU6502 - 136,88,DEY,Implied,Decrement Y Register,1,2,IMP
16:40:53.300 [Test worker] INFO  net.lomibao.nes.components.CPU6502 - 137,89,???,???,???,1,2,IMP
16:40:53.300 [Test worker] INFO  net.lomibao.nes.components.CPU6502 - 138,8A,TXA,Implied,Transfer X to Accumulator,1,2,IMP
16:40:53.300 [Test worker] INFO  net.lomibao.nes.components.CPU6502 - 139,8B,???,???,???,1,2,IMP
16:40:53.300 [Test worker] INFO  net.lomibao.nes.components.CPU6502 - 140,8C,STY,Absolute,Store Y Register,3,4,ABS
16:40:53.300 [Test worker] INFO  net.lomibao.nes.components.CPU6502 - 141,8D,STA,Absolute,Store Accumulator,3,4,ABS
16:40:53.302 [Test worker] INFO  net.lomibao.nes.components.CPU6502 - 142,8E,STX,Absolute,Store X Register,3,4,ABS
16:40:53.302 [Test worker] INFO  net.lomibao.nes.components.CPU6502 - 143,8F,???,???,???,1,4,IMP
16:40:53.302 [Test worker] INFO  net.lomibao.nes.components.CPU6502 - 144,90,BCC,Relative,Branch if Carry Clear,2,2,REL
16:40:53.302 [Test worker] INFO  net.lomibao.nes.components.CPU6502 - 145,91,STA,(Indirect);Y,Store Accumulator,2,6,IZY
16:40:53.302 [Test worker] INFO  net.lomibao.nes.components.CPU6502 - 146,92,???,???,???,1,2,IMP
16:40:53.302 [Test worker] INFO  net.lomibao.nes.components.CPU6502 - 147,93,???,???,???,1,6,IMP
16:40:53.302 [Test worker] INFO  net.lomibao.nes.components.CPU6502 - 148,94,STY,ZeroPage;X,Store Y Register,2,4,ZPX
16:40:53.302 [Test worker] INFO  net.lomibao.nes.components.CPU6502 - 149,95,STA,ZeroPage;X,Store Accumulator,2,4,ZPX
16:40:53.302 [Test worker] INFO  net.lomibao.nes.components.CPU6502 - 150,96,STX,ZeroPage;Y,Store X Register,2,4,ZPY
16:40:53.302 [Test worker] INFO  net.lomibao.nes.components.CPU6502 - 151,97,???,???,???,1,4,IMP
16:40:53.302 [Test worker] INFO  net.lomibao.nes.components.CPU6502 - 152,98,TYA,Implied,Transfer Y to Accumulator,1,2,IMP
16:40:53.302 [Test worker] INFO  net.lomibao.nes.components.CPU6502 - 153,99,STA,Absolute;Y,Store Accumulator,3,5,ABY
16:40:53.302 [Test worker] INFO  net.lomibao.nes.components.CPU6502 - 154,9A,TXS,Implied,Transfer X to Stack Pointer,1,2,IMP
16:40:53.302 [Test worker] INFO  net.lomibao.nes.components.CPU6502 - 155,9B,???,???,???,1,5,IMP
16:40:53.302 [Test worker] INFO  net.lomibao.nes.components.CPU6502 - 156,9C,???,???,???,1,5,IMP
16:40:53.302 [Test worker] INFO  net.lomibao.nes.components.CPU6502 - 157,9D,STA,Absolute;X,Store Accumulator,3,5,ABX
16:40:53.302 [Test worker] INFO  net.lomibao.nes.components.CPU6502 - 158,9E,???,???,???,1,5,IMP
16:40:53.302 [Test worker] INFO  net.lomibao.nes.components.CPU6502 - 159,9F,???,???,???,1,5,IMP
16:40:53.302 [Test worker] INFO  net.lomibao.nes.components.CPU6502 - 160,A0,LDY,Immediate,Load Y Register,2,2,IMM
16:40:53.302 [Test worker] INFO  net.lomibao.nes.components.CPU6502 - 161,A1,LDA,(Indirect;X),Load Accumulator,2,6,IZX
16:40:53.302 [Test worker] INFO  net.lomibao.nes.components.CPU6502 - 162,A2,LDX,Immediate,Load X Register,2,2,IMM
16:40:53.302 [Test worker] INFO  net.lomibao.nes.components.CPU6502 - 163,A3,???,???,???,1,6,IMP
16:40:53.302 [Test worker] INFO  net.lomibao.nes.components.CPU6502 - 164,A4,LDY,ZeroPage,Load Y Register,2,3,ZP0
16:40:53.302 [Test worker] INFO  net.lomibao.nes.components.CPU6502 - 165,A5,LDA,ZeroPage,Load Accumulator,2,3,ZP0
16:40:53.302 [Test worker] INFO  net.lomibao.nes.components.CPU6502 - 166,A6,LDX,ZeroPage,Load X Register,2,3,ZP0
16:40:53.302 [Test worker] INFO  net.lomibao.nes.components.CPU6502 - 167,A7,???,???,???,1,3,IMP
16:40:53.302 [Test worker] INFO  net.lomibao.nes.components.CPU6502 - 168,A8,TAY,Implied,Transfer Accumulator to Y,1,2,IMP
16:40:53.302 [Test worker] INFO  net.lomibao.nes.components.CPU6502 - 169,A9,LDA,Immediate,Load Accumulator,2,2,IMM
16:40:53.302 [Test worker] INFO  net.lomibao.nes.components.CPU6502 - 170,AA,TAX,Implied,Transfer Accumulator to X,1,2,IMP
16:40:53.302 [Test worker] INFO  net.lomibao.nes.components.CPU6502 - 171,AB,???,???,???,1,2,IMP
16:40:53.303 [Test worker] INFO  net.lomibao.nes.components.CPU6502 - 172,AC,LDY,Absolute,Load Y Register,3,4,ABS
16:40:53.303 [Test worker] INFO  net.lomibao.nes.components.CPU6502 - 173,AD,LDA,Absolute,Load Accumulator,3,4,ABS
16:40:53.303 [Test worker] INFO  net.lomibao.nes.components.CPU6502 - 174,AE,LDX,Absolute,Load X Register,3,4,ABS
16:40:53.303 [Test worker] INFO  net.lomibao.nes.components.CPU6502 - 175,AF,???,???,???,1,4,IMP
16:40:53.303 [Test worker] INFO  net.lomibao.nes.components.CPU6502 - 176,B0,BCS,Relative,Branch if Carry Set,2,2,REL
16:40:53.303 [Test worker] INFO  net.lomibao.nes.components.CPU6502 - 177,B1,LDA,(Indirect);Y,Load Accumulator,2,5,IZY
16:40:53.303 [Test worker] INFO  net.lomibao.nes.components.CPU6502 - 178,B2,???,???,???,1,2,IMP
16:40:53.303 [Test worker] INFO  net.lomibao.nes.components.CPU6502 - 179,B3,???,???,???,1,5,IMP
16:40:53.303 [Test worker] INFO  net.lomibao.nes.components.CPU6502 - 180,B4,LDY,ZeroPage;X,Load Y Register,2,4,ZPX
16:40:53.303 [Test worker] INFO  net.lomibao.nes.components.CPU6502 - 181,B5,LDA,ZeroPage;X,Load Accumulator,2,4,ZPX
16:40:53.303 [Test worker] INFO  net.lomibao.nes.components.CPU6502 - 182,B6,LDX,ZeroPage;Y,Load X Register,2,4,ZPY
16:40:53.303 [Test worker] INFO  net.lomibao.nes.components.CPU6502 - 183,B7,???,???,???,1,4,IMP
16:40:53.303 [Test worker] INFO  net.lomibao.nes.components.CPU6502 - 184,B8,CLV,Implied,Clear Overflow Flag,1,2,IMP
16:40:53.304 [Test worker] INFO  net.lomibao.nes.components.CPU6502 - 185,B9,LDA,Absolute;Y,Load Accumulator,3,4,ABY
16:40:53.304 [Test worker] INFO  net.lomibao.nes.components.CPU6502 - 186,BA,TSX,Implied,Transfer Stack Pointer to X,1,2,IMP
16:40:53.304 [Test worker] INFO  net.lomibao.nes.components.CPU6502 - 187,BB,???,???,???,1,4,IMP
16:40:53.304 [Test worker] INFO  net.lomibao.nes.components.CPU6502 - 188,BC,LDY,Absolute;X,Load Y Register,3,4,ABX
16:40:53.304 [Test worker] INFO  net.lomibao.nes.components.CPU6502 - 189,BD,LDA,Absolute;X,Load Accumulator,3,4,ABX
16:40:53.304 [Test worker] INFO  net.lomibao.nes.components.CPU6502 - 190,BE,LDX,Absolute;Y,Load X Register,3,4,ABY
16:40:53.304 [Test worker] INFO  net.lomibao.nes.components.CPU6502 - 191,BF,???,???,???,1,4,IMP
16:40:53.304 [Test worker] INFO  net.lomibao.nes.components.CPU6502 - 192,C0,CPY,Immediate,Compare Y Register,2,2,IMM
16:40:53.304 [Test worker] INFO  net.lomibao.nes.components.CPU6502 - 193,C1,CMP,(Indirect;X),Compare,2,6,IZX
16:40:53.304 [Test worker] INFO  net.lomibao.nes.components.CPU6502 - 194,C2,???,???,???,1,2,IMP
16:40:53.304 [Test worker] INFO  net.lomibao.nes.components.CPU6502 - 195,C3,???,???,???,1,8,IMP
16:40:53.304 [Test worker] INFO  net.lomibao.nes.components.CPU6502 - 196,C4,CPY,ZeroPage,Compare Y Register,2,3,ZP0
16:40:53.304 [Test worker] INFO  net.lomibao.nes.components.CPU6502 - 197,C5,CMP,ZeroPage,Compare,2,3,ZP0
16:40:53.304 [Test worker] INFO  net.lomibao.nes.components.CPU6502 - 198,C6,DEC,ZeroPage,Decrement Memory,2,5,ZP0
16:40:53.304 [Test worker] INFO  net.lomibao.nes.components.CPU6502 - 199,C7,???,???,???,1,5,IMP
16:40:53.304 [Test worker] INFO  net.lomibao.nes.components.CPU6502 - 200,C8,INY,Implied,Increment Y Register,1,2,IMP
16:40:53.304 [Test worker] INFO  net.lomibao.nes.components.CPU6502 - 201,C9,CMP,Immediate,Compare,2,2,IMM
16:40:53.304 [Test worker] INFO  net.lomibao.nes.components.CPU6502 - 202,CA,DEX,Implied,Decrement X Register,1,2,IMP
16:40:53.304 [Test worker] INFO  net.lomibao.nes.components.CPU6502 - 203,CB,???,???,???,1,2,IMP
16:40:53.305 [Test worker] INFO  net.lomibao.nes.components.CPU6502 - 204,CC,CPY,Absolute,Compare Y Register,3,4,ABS
16:40:53.305 [Test worker] INFO  net.lomibao.nes.components.CPU6502 - 205,CD,CMP,Absolute,Compare,3,4,ABS
16:40:53.305 [Test worker] INFO  net.lomibao.nes.components.CPU6502 - 206,CE,DEC,Absolute,Decrement Memory,3,6,ABS
16:40:53.305 [Test worker] INFO  net.lomibao.nes.components.CPU6502 - 207,CF,???,???,???,1,6,IMP
16:40:53.305 [Test worker] INFO  net.lomibao.nes.components.CPU6502 - 208,D0,BNE,Relative,Branch if Not Equal,2,2,REL
16:40:53.305 [Test worker] INFO  net.lomibao.nes.components.CPU6502 - 209,D1,CMP,(Indirect);Y,Compare,2,5,IZY
16:40:53.305 [Test worker] INFO  net.lomibao.nes.components.CPU6502 - 210,D2,???,???,???,1,2,IMP
16:40:53.305 [Test worker] INFO  net.lomibao.nes.components.CPU6502 - 211,D3,???,???,???,1,8,IMP
16:40:53.305 [Test worker] INFO  net.lomibao.nes.components.CPU6502 - 212,D4,???,???,???,1,4,IMP
16:40:53.305 [Test worker] INFO  net.lomibao.nes.components.CPU6502 - 213,D5,CMP,ZeroPage;X,Compare,2,4,ZPX
16:40:53.305 [Test worker] INFO  net.lomibao.nes.components.CPU6502 - 214,D6,DEC,ZeroPage;X,Decrement Memory,2,6,ZPX
16:40:53.305 [Test worker] INFO  net.lomibao.nes.components.CPU6502 - 215,D7,???,???,???,1,6,IMP
16:40:53.305 [Test worker] INFO  net.lomibao.nes.components.CPU6502 - 216,D8,CLD,Implied,Clear Decimal Mode,1,2,IMP
16:40:53.305 [Test worker] INFO  net.lomibao.nes.components.CPU6502 - 217,D9,CMP,Absolute;Y,Compare,3,4,ABY
16:40:53.305 [Test worker] INFO  net.lomibao.nes.components.CPU6502 - 218,DA,NOP,???,???,1,2,IMP
16:40:53.306 [Test worker] INFO  net.lomibao.nes.components.CPU6502 - 219,DB,???,???,???,1,7,IMP
16:40:53.306 [Test worker] INFO  net.lomibao.nes.components.CPU6502 - 220,DC,???,???,???,1,4,IMP
16:40:53.306 [Test worker] INFO  net.lomibao.nes.components.CPU6502 - 221,DD,CMP,Absolute;X,Compare,3,4,ABX
16:40:53.306 [Test worker] INFO  net.lomibao.nes.components.CPU6502 - 222,DE,DEC,Absolute;X,Decrement Memory,3,7,ABX
16:40:53.306 [Test worker] INFO  net.lomibao.nes.components.CPU6502 - 223,DF,???,???,???,1,7,IMP
16:40:53.306 [Test worker] INFO  net.lomibao.nes.components.CPU6502 - 224,E0,CPX,Immediate,Compare X Register,2,2,IMM
16:40:53.306 [Test worker] INFO  net.lomibao.nes.components.CPU6502 - 225,E1,SBC,(Indirect;X),Subtract with Carry,2,6,IZX
16:40:53.306 [Test worker] INFO  net.lomibao.nes.components.CPU6502 - 226,E2,???,???,???,1,2,IMP
16:40:53.307 [Test worker] INFO  net.lomibao.nes.components.CPU6502 - 227,E3,???,???,???,1,8,IMP
16:40:53.307 [Test worker] INFO  net.lomibao.nes.components.CPU6502 - 228,E4,CPX,ZeroPage,Compare X Register,2,3,ZP0
16:40:53.307 [Test worker] INFO  net.lomibao.nes.components.CPU6502 - 229,E5,SBC,ZeroPage,Subtract with Carry,2,3,ZP0
16:40:53.307 [Test worker] INFO  net.lomibao.nes.components.CPU6502 - 230,E6,INC,ZeroPage,Increment Memory,2,5,ZP0
16:40:53.307 [Test worker] INFO  net.lomibao.nes.components.CPU6502 - 231,E7,???,???,???,1,5,IMP
16:40:53.307 [Test worker] INFO  net.lomibao.nes.components.CPU6502 - 232,E8,INX,Implied,Increment X Register,1,2,IMP
16:40:53.307 [Test worker] INFO  net.lomibao.nes.components.CPU6502 - 233,E9,SBC,Immediate,Subtract with Carry,2,2,IMM
16:40:53.307 [Test worker] INFO  net.lomibao.nes.components.CPU6502 - 234,EA,NOP,Implied,No Operation,1,2,IMP
16:40:53.307 [Test worker] INFO  net.lomibao.nes.components.CPU6502 - 235,EB,???,???,???,1,2,IMP
16:40:53.307 [Test worker] INFO  net.lomibao.nes.components.CPU6502 - 236,EC,CPX,Absolute,Compare X Register,3,4,ABS
16:40:53.307 [Test worker] INFO  net.lomibao.nes.components.CPU6502 - 237,ED,SBC,Absolute,Subtract with Carry,3,4,ABS
16:40:53.308 [Test worker] INFO  net.lomibao.nes.components.CPU6502 - 238,EE,INC,Absolute,Increment Memory,3,6,ABS
16:40:53.308 [Test worker] INFO  net.lomibao.nes.components.CPU6502 - 239,EF,???,???,???,1,6,IMP
16:40:53.308 [Test worker] INFO  net.lomibao.nes.components.CPU6502 - 240,F0,BEQ,Relative,Branch if Equal,2,2,REL
16:40:53.308 [Test worker] INFO  net.lomibao.nes.components.CPU6502 - 241,F1,SBC,(Indirect);Y,Subtract with Carry,2,5,IZY
16:40:53.308 [Test worker] INFO  net.lomibao.nes.components.CPU6502 - 242,F2,???,???,???,1,2,IMP
16:40:53.308 [Test worker] INFO  net.lomibao.nes.components.CPU6502 - 243,F3,???,???,???,1,8,IMP
16:40:53.308 [Test worker] INFO  net.lomibao.nes.components.CPU6502 - 244,F4,???,???,???,1,4,IMP
16:40:53.308 [Test worker] INFO  net.lomibao.nes.components.CPU6502 - 245,F5,SBC,ZeroPage;X,Subtract with Carry,2,4,ZPX
16:40:53.308 [Test worker] INFO  net.lomibao.nes.components.CPU6502 - 246,F6,INC,ZeroPage;X,Increment Memory,2,6,ZPX
16:40:53.308 [Test worker] INFO  net.lomibao.nes.components.CPU6502 - 247,F7,???,???,???,1,6,IMP
16:40:53.308 [Test worker] INFO  net.lomibao.nes.components.CPU6502 - 248,F8,SED,Implied,Set Decimal Flag,1,2,IMP
16:40:53.308 [Test worker] INFO  net.lomibao.nes.components.CPU6502 - 249,F9,SBC,Absolute;Y,Subtract with Carry,3,4,ABY
16:40:53.309 [Test worker] INFO  net.lomibao.nes.components.CPU6502 - 250,FA,NOP,???,???,1,2,IMP
16:40:53.309 [Test worker] INFO  net.lomibao.nes.components.CPU6502 - 251,FB,???,???,???,1,7,IMP
16:40:53.309 [Test worker] INFO  net.lomibao.nes.components.CPU6502 - 252,FC,???,???,???,1,4,IMP
16:40:53.309 [Test worker] INFO  net.lomibao.nes.components.CPU6502 - 253,FD,SBC,Absolute;X,Subtract with Carry,3,4,ABX
16:40:53.309 [Test worker] INFO  net.lomibao.nes.components.CPU6502 - 254,FE,INC,Absolute;X,Increment Memory,3,7,ABX
16:40:53.310 [Test worker] INFO  net.lomibao.nes.components.CPU6502 - 255,FF,???,???,???,1,7,IMP
16:40:53.318 [Test worker] INFO  net.lomibao.nes.components.CPU6502 - 0,00,BRK,Implied,Force Interrupt,1,7,IMM
16:40:53.318 [Test worker] INFO  net.lomibao.nes.components.CPU6502 - 1,01,ORA,(Indirect;X),Logical Inclusive OR,2,6,IZX
16:40:53.318 [Test worker] INFO  net.lomibao.nes.components.CPU6502 - 2,02,???,???,???,1,2,IMP
16:40:53.318 [Test worker] INFO  net.lomibao.nes.components.CPU6502 - 3,03,???,???,???,1,8,IMP
16:40:53.318 [Test worker] INFO  net.lomibao.nes.components.CPU6502 - 4,04,???,???,???,1,3,IMP
16:40:53.318 [Test worker] INFO  net.lomibao.nes.components.CPU6502 - 5,05,ORA,ZeroPage,Logical Inclusive OR,2,3,ZP0
16:40:53.319 [Test worker] INFO  net.lomibao.nes.components.CPU6502 - 6,06,ASL,ZeroPage,Arithmetic Shift Left,2,5,ZP0
16:40:53.319 [Test worker] INFO  net.lomibao.nes.components.CPU6502 - 7,07,???,???,???,1,5,IMP
16:40:53.319 [Test worker] INFO  net.lomibao.nes.components.CPU6502 - 8,08,PHP,Implied,Push Processor Status,1,3,IMP
16:40:53.319 [Test worker] INFO  net.lomibao.nes.components.CPU6502 - 9,09,ORA,Immediate,Logical Inclusive OR,2,2,IMM
16:40:53.319 [Test worker] INFO  net.lomibao.nes.components.CPU6502 - 10,0A,ASL,Accumulator,Arithmetic Shift Left,1,2,IMP
16:40:53.319 [Test worker] INFO  net.lomibao.nes.components.CPU6502 - 11,0B,???,???,???,1,2,IMP
16:40:53.319 [Test worker] INFO  net.lomibao.nes.components.CPU6502 - 12,0C,???,???,???,1,4,IMP
16:40:53.319 [Test worker] INFO  net.lomibao.nes.components.CPU6502 - 13,0D,ORA,Absolute,Logical Inclusive OR,3,4,ABS
16:40:53.319 [Test worker] INFO  net.lomibao.nes.components.CPU6502 - 14,0E,ASL,Absolute,Arithmetic Shift Left,3,6,ABS
16:40:53.319 [Test worker] INFO  net.lomibao.nes.components.CPU6502 - 15,0F,???,???,???,1,6,IMP
16:40:53.319 [Test worker] INFO  net.lomibao.nes.components.CPU6502 - 16,10,BPL,Relative,Branch if Positive,2,2,REL
16:40:53.319 [Test worker] INFO  net.lomibao.nes.components.CPU6502 - 17,11,ORA,(Indirect);Y,Logical Inclusive OR,2,5,IZY
16:40:53.319 [Test worker] INFO  net.lomibao.nes.components.CPU6502 - 18,12,???,???,???,1,2,IMP
16:40:53.319 [Test worker] INFO  net.lomibao.nes.components.CPU6502 - 19,13,???,???,???,1,8,IMP
16:40:53.319 [Test worker] INFO  net.lomibao.nes.components.CPU6502 - 20,14,???,???,???,1,4,IMP
16:40:53.319 [Test worker] INFO  net.lomibao.nes.components.CPU6502 - 21,15,ORA,ZeroPage;X,Logical Inclusive OR,2,4,ZPX
16:40:53.319 [Test worker] INFO  net.lomibao.nes.components.CPU6502 - 22,16,ASL,ZeroPage;X,Arithmetic Shift Left,2,6,ZPX
16:40:53.319 [Test worker] INFO  net.lomibao.nes.components.CPU6502 - 23,17,???,???,???,1,6,IMP
16:40:53.319 [Test worker] INFO  net.lomibao.nes.components.CPU6502 - 24,18,CLC,Implied,Clear Carry Flag,1,2,IMP
16:40:53.319 [Test worker] INFO  net.lomibao.nes.components.CPU6502 - 25,19,ORA,Absolute;Y,Logical Inclusive OR,3,4,ABY
16:40:53.319 [Test worker] INFO  net.lomibao.nes.components.CPU6502 - 26,1A,???,???,???,1,2,IMP
16:40:53.319 [Test worker] INFO  net.lomibao.nes.components.CPU6502 - 27,1B,???,???,???,1,7,IMP
16:40:53.320 [Test worker] INFO  net.lomibao.nes.components.CPU6502 - 28,1C,???,???,???,1,4,IMP
16:40:53.320 [Test worker] INFO  net.lomibao.nes.components.CPU6502 - 29,1D,ORA,Absolute;X,Logical Inclusive OR,3,4,ABX
16:40:53.320 [Test worker] INFO  net.lomibao.nes.components.CPU6502 - 30,1E,ASL,Absolute;X,Arithmetic Shift Left,3,7,ABX
16:40:53.320 [Test worker] INFO  net.lomibao.nes.components.CPU6502 - 31,1F,???,???,???,1,7,IMP
16:40:53.320 [Test worker] INFO  net.lomibao.nes.components.CPU6502 - 32,20,JSR,Absolute,Jump to Subroutine,3,6,ABS
16:40:53.320 [Test worker] INFO  net.lomibao.nes.components.CPU6502 - 33,21,AND,(Indirect;X),Logical AND,2,6,IZX
16:40:53.320 [Test worker] INFO  net.lomibao.nes.components.CPU6502 - 34,22,???,???,???,1,2,IMP
16:40:53.320 [Test worker] INFO  net.lomibao.nes.components.CPU6502 - 35,23,???,???,???,1,8,IMP
16:40:53.320 [Test worker] INFO  net.lomibao.nes.components.CPU6502 - 36,24,BIT,ZeroPage,Bit Test,2,3,ZP0
16:40:53.320 [Test worker] INFO  net.lomibao.nes.components.CPU6502 - 37,25,AND,ZeroPage,Logical AND,2,3,ZP0
16:40:53.320 [Test worker] INFO  net.lomibao.nes.components.CPU6502 - 38,26,ROL,ZeroPage,Rotate Left,2,5,ZP0
16:40:53.320 [Test worker] INFO  net.lomibao.nes.components.CPU6502 - 39,27,???,???,???,1,5,IMP
16:40:53.320 [Test worker] INFO  net.lomibao.nes.components.CPU6502 - 40,28,PLP,Implied,Pull Processor Status,1,4,IMP
16:40:53.320 [Test worker] INFO  net.lomibao.nes.components.CPU6502 - 41,29,AND,Immediate,Logical AND,2,2,IMM
16:40:53.320 [Test worker] INFO  net.lomibao.nes.components.CPU6502 - 42,2A,ROL,Accumulator,Rotate Left,1,2,IMP
16:40:53.320 [Test worker] INFO  net.lomibao.nes.components.CPU6502 - 43,2B,???,???,???,1,2,IMP
16:40:53.320 [Test worker] INFO  net.lomibao.nes.components.CPU6502 - 44,2C,BIT,Absolute,Bit Test,3,4,ABS
16:40:53.320 [Test worker] INFO  net.lomibao.nes.components.CPU6502 - 45,2D,AND,Absolute,Logical AND,3,4,ABS
16:40:53.320 [Test worker] INFO  net.lomibao.nes.components.CPU6502 - 46,2E,ROL,Absolute,Rotate Left,3,6,ABS
16:40:53.320 [Test worker] INFO  net.lomibao.nes.components.CPU6502 - 47,2F,???,???,???,1,6,IMP
16:40:53.320 [Test worker] INFO  net.lomibao.nes.components.CPU6502 - 48,30,BMI,Relative,Branch if Minus,2,2,REL
16:40:53.320 [Test worker] INFO  net.lomibao.nes.components.CPU6502 - 49,31,AND,(Indirect);Y,Logical AND,2,5,IZY
16:40:53.320 [Test worker] INFO  net.lomibao.nes.components.CPU6502 - 50,32,???,???,???,1,2,IMP
16:40:53.320 [Test worker] INFO  net.lomibao.nes.components.CPU6502 - 51,33,???,???,???,1,8,IMP
16:40:53.321 [Test worker] INFO  net.lomibao.nes.components.CPU6502 - 52,34,???,???,???,1,4,IMP
16:40:53.321 [Test worker] INFO  net.lomibao.nes.components.CPU6502 - 53,35,AND,ZeroPage;X,Logical AND,2,4,ZPX
16:40:53.321 [Test worker] INFO  net.lomibao.nes.components.CPU6502 - 54,36,ROL,ZeroPage;X,Rotate Left,2,6,ZPX
16:40:53.321 [Test worker] INFO  net.lomibao.nes.components.CPU6502 - 55,37,???,???,???,1,6,IMP
16:40:53.321 [Test worker] INFO  net.lomibao.nes.components.CPU6502 - 56,38,SEC,Implied,Set Carry Flag,1,2,IMP
16:40:53.321 [Test worker] INFO  net.lomibao.nes.components.CPU6502 - 57,39,AND,Absolute;Y,Logical AND,3,4,ABY
16:40:53.321 [Test worker] INFO  net.lomibao.nes.components.CPU6502 - 58,3A,???,???,???,1,2,IMP
16:40:53.321 [Test worker] INFO  net.lomibao.nes.components.CPU6502 - 59,3B,???,???,???,1,7,IMP
16:40:53.321 [Test worker] INFO  net.lomibao.nes.components.CPU6502 - 60,3C,???,???,???,1,4,IMP
16:40:53.321 [Test worker] INFO  net.lomibao.nes.components.CPU6502 - 61,3D,AND,Absolute;X,Logical AND,3,4,ABX
16:40:53.321 [Test worker] INFO  net.lomibao.nes.components.CPU6502 - 62,3E,ROL,Absolute;X,Rotate Left,3,7,ABX
16:40:53.321 [Test worker] INFO  net.lomibao.nes.components.CPU6502 - 63,3F,???,???,???,1,7,IMP
16:40:53.321 [Test worker] INFO  net.lomibao.nes.components.CPU6502 - 64,40,RTI,Implied,Return from Interrupt,1,6,IMP
16:40:53.321 [Test worker] INFO  net.lomibao.nes.components.CPU6502 - 65,41,EOR,(Indirect;X),Exclusive OR,2,6,IZX
16:40:53.322 [Test worker] INFO  net.lomibao.nes.components.CPU6502 - 66,42,???,???,???,1,2,IMP
16:40:53.322 [Test worker] INFO  net.lomibao.nes.components.CPU6502 - 67,43,???,???,???,1,8,IMP
16:40:53.322 [Test worker] INFO  net.lomibao.nes.components.CPU6502 - 68,44,???,???,???,1,3,IMP
16:40:53.322 [Test worker] INFO  net.lomibao.nes.components.CPU6502 - 69,45,EOR,ZeroPage,Exclusive OR,2,3,ZP0
16:40:53.322 [Test worker] INFO  net.lomibao.nes.components.CPU6502 - 70,46,LSR,ZeroPage,Logical Shift Right,2,5,ZP0
16:40:53.322 [Test worker] INFO  net.lomibao.nes.components.CPU6502 - 71,47,???,???,???,1,5,IMP
16:40:53.322 [Test worker] INFO  net.lomibao.nes.components.CPU6502 - 72,48,PHA,Implied,Push Accumulator,1,3,IMP
16:40:53.322 [Test worker] INFO  net.lomibao.nes.components.CPU6502 - 73,49,EOR,Immediate,Exclusive OR,2,2,IMM
16:40:53.322 [Test worker] INFO  net.lomibao.nes.components.CPU6502 - 74,4A,LSR,Accumulator,Logical Shift Right,1,2,IMP
16:40:53.322 [Test worker] INFO  net.lomibao.nes.components.CPU6502 - 75,4B,???,???,???,1,2,IMP
16:40:53.322 [Test worker] INFO  net.lomibao.nes.components.CPU6502 - 76,4C,JMP,Absolute,Jump,3,3,ABS
16:40:53.324 [Test worker] INFO  net.lomibao.nes.components.CPU6502 - 77,4D,EOR,Absolute,Exclusive OR,3,4,ABS
16:40:53.324 [Test worker] INFO  net.lomibao.nes.components.CPU6502 - 78,4E,LSR,Absolute,Logical Shift Right,3,6,ABS
16:40:53.324 [Test worker] INFO  net.lomibao.nes.components.CPU6502 - 79,4F,???,???,???,1,6,IMP
16:40:53.324 [Test worker] INFO  net.lomibao.nes.components.CPU6502 - 80,50,BVC,Relative,Branch if Overflow Clear,2,2,REL
16:40:53.324 [Test worker] INFO  net.lomibao.nes.components.CPU6502 - 81,51,EOR,(Indirect);Y,Exclusive OR,2,5,IZY
16:40:53.324 [Test worker] INFO  net.lomibao.nes.components.CPU6502 - 82,52,???,???,???,1,2,IMP
16:40:53.324 [Test worker] INFO  net.lomibao.nes.components.CPU6502 - 83,53,???,???,???,1,8,IMP
16:40:53.324 [Test worker] INFO  net.lomibao.nes.components.CPU6502 - 84,54,???,???,???,1,4,IMP
16:40:53.324 [Test worker] INFO  net.lomibao.nes.components.CPU6502 - 85,55,EOR,ZeroPage;X,Exclusive OR,2,4,ZPX
16:40:53.324 [Test worker] INFO  net.lomibao.nes.components.CPU6502 - 86,56,LSR,ZeroPage;X,Logical Shift Right,2,6,ZPX
16:40:53.324 [Test worker] INFO  net.lomibao.nes.components.CPU6502 - 87,57,???,???,???,1,6,IMP
16:40:53.324 [Test worker] INFO  net.lomibao.nes.components.CPU6502 - 88,58,CLI,Implied,Clear Interrupt Disable,1,2,IMP
16:40:53.324 [Test worker] INFO  net.lomibao.nes.components.CPU6502 - 89,59,EOR,Absolute;Y,Exclusive OR,3,4,ABY
16:40:53.325 [Test worker] INFO  net.lomibao.nes.components.CPU6502 - 90,5A,???,???,???,1,2,IMP
16:40:53.325 [Test worker] INFO  net.lomibao.nes.components.CPU6502 - 91,5B,???,???,???,1,7,IMP
16:40:53.325 [Test worker] INFO  net.lomibao.nes.components.CPU6502 - 92,5C,???,???,???,1,4,IMP
16:40:53.325 [Test worker] INFO  net.lomibao.nes.components.CPU6502 - 93,5D,EOR,Absolute;X,Exclusive OR,3,4,ABX
16:40:53.325 [Test worker] INFO  net.lomibao.nes.components.CPU6502 - 94,5E,LSR,Absolute;X,Logical Shift Right,3,7,ABX
16:40:53.325 [Test worker] INFO  net.lomibao.nes.components.CPU6502 - 95,5F,???,???,???,1,7,IMP
16:40:53.325 [Test worker] INFO  net.lomibao.nes.components.CPU6502 - 96,60,RTS,Implied,Return from Subroutine,1,6,IMP
16:40:53.325 [Test worker] INFO  net.lomibao.nes.components.CPU6502 - 97,61,ADC,(Indirect;X),Add with Carry,2,6,IZX
16:40:53.325 [Test worker] INFO  net.lomibao.nes.components.CPU6502 - 98,62,???,???,???,1,2,IMP
16:40:53.325 [Test worker] INFO  net.lomibao.nes.components.CPU6502 - 99,63,???,???,???,1,8,IMP
16:40:53.325 [Test worker] INFO  net.lomibao.nes.components.CPU6502 - 100,64,???,???,???,1,3,IMP
16:40:53.325 [Test worker] INFO  net.lomibao.nes.components.CPU6502 - 101,65,ADC,ZeroPage,Add with Carry,2,3,ZP0
16:40:53.325 [Test worker] INFO  net.lomibao.nes.components.CPU6502 - 102,66,ROR,ZeroPage,Rotate Right,2,5,ZP0
16:40:53.325 [Test worker] INFO  net.lomibao.nes.components.CPU6502 - 103,67,???,???,???,1,5,IMP
16:40:53.325 [Test worker] INFO  net.lomibao.nes.components.CPU6502 - 104,68,PLA,Implied,Pull Accumulator,1,4,IMP
16:40:53.325 [Test worker] INFO  net.lomibao.nes.components.CPU6502 - 105,69,ADC,Immediate,Add with Carry,2,2,IMM
16:40:53.325 [Test worker] INFO  net.lomibao.nes.components.CPU6502 - 106,6A,ROR,Accumulator,Rotate Right,1,2,IMP
16:40:53.325 [Test worker] INFO  net.lomibao.nes.components.CPU6502 - 107,6B,???,???,???,1,2,IMP
16:40:53.325 [Test worker] INFO  net.lomibao.nes.components.CPU6502 - 108,6C,JMP,Indirect ,Jump,3,5,IND
16:40:53.325 [Test worker] INFO  net.lomibao.nes.components.CPU6502 - 109,6D,ADC,Absolute,Add with Carry,3,4,ABS
16:40:53.325 [Test worker] INFO  net.lomibao.nes.components.CPU6502 - 110,6E,ROR,Absolute,Rotate Right,3,6,ABS
16:40:53.325 [Test worker] INFO  net.lomibao.nes.components.CPU6502 - 111,6F,???,???,???,1,6,IMP
16:40:53.326 [Test worker] INFO  net.lomibao.nes.components.CPU6502 - 112,70,BVS,Relative,Branch if Overflow Set,2,2,REL
16:40:53.326 [Test worker] INFO  net.lomibao.nes.components.CPU6502 - 113,71,ADC,(Indirect);Y,Add with Carry,2,5,IZY
16:40:53.326 [Test worker] INFO  net.lomibao.nes.components.CPU6502 - 114,72,???,???,???,1,2,IMP
16:40:53.326 [Test worker] INFO  net.lomibao.nes.components.CPU6502 - 115,73,???,???,???,1,8,IMP
16:40:53.326 [Test worker] INFO  net.lomibao.nes.components.CPU6502 - 116,74,???,???,???,1,4,IMP
16:40:53.326 [Test worker] INFO  net.lomibao.nes.components.CPU6502 - 117,75,ADC,ZeroPage;X,Add with Carry,2,4,ZPX
16:40:53.326 [Test worker] INFO  net.lomibao.nes.components.CPU6502 - 118,76,ROR,ZeroPage;X,Rotate Right,2,6,ZPX
16:40:53.326 [Test worker] INFO  net.lomibao.nes.components.CPU6502 - 119,77,???,???,???,1,6,IMP
16:40:53.326 [Test worker] INFO  net.lomibao.nes.components.CPU6502 - 120,78,SEI,Implied,Set Interrupt Disable,1,2,IMP
16:40:53.326 [Test worker] INFO  net.lomibao.nes.components.CPU6502 - 121,79,ADC,Absolute;Y,Add with Carry,3,4,ABY
16:40:53.326 [Test worker] INFO  net.lomibao.nes.components.CPU6502 - 122,7A,???,???,???,1,2,IMP
16:40:53.326 [Test worker] INFO  net.lomibao.nes.components.CPU6502 - 123,7B,???,???,???,1,7,IMP
16:40:53.326 [Test worker] INFO  net.lomibao.nes.components.CPU6502 - 124,7C,???,???,???,1,4,IMP
16:40:53.326 [Test worker] INFO  net.lomibao.nes.components.CPU6502 - 125,7D,ADC,Absolute;X,Add with Carry,3,4,ABX
16:40:53.326 [Test worker] INFO  net.lomibao.nes.components.CPU6502 - 126,7E,ROR,Absolute;X,Rotate Right,3,7,ABX
16:40:53.326 [Test worker] INFO  net.lomibao.nes.components.CPU6502 - 127,7F,???,???,???,1,7,IMP
16:40:53.327 [Test worker] INFO  net.lomibao.nes.components.CPU6502 - 128,80,???,???,???,1,2,IMP
16:40:53.327 [Test worker] INFO  net.lomibao.nes.components.CPU6502 - 129,81,STA,(Indirect;X),Store Accumulator,2,6,IZX
16:40:53.327 [Test worker] INFO  net.lomibao.nes.components.CPU6502 - 130,82,???,???,???,1,2,IMP
16:40:53.327 [Test worker] INFO  net.lomibao.nes.components.CPU6502 - 131,83,???,???,???,1,6,IMP
16:40:53.327 [Test worker] INFO  net.lomibao.nes.components.CPU6502 - 132,84,STY,ZeroPage,Store Y Register,2,3,ZP0
16:40:53.327 [Test worker] INFO  net.lomibao.nes.components.CPU6502 - 133,85,STA,ZeroPage,Store Accumulator,2,3,ZP0
16:40:53.327 [Test worker] INFO  net.lomibao.nes.components.CPU6502 - 134,86,STX,ZeroPage,Store X Register,2,3,ZP0
16:40:53.327 [Test worker] INFO  net.lomibao.nes.components.CPU6502 - 135,87,???,???,???,1,3,IMP
16:40:53.327 [Test worker] INFO  net.lomibao.nes.components.CPU6502 - 136,88,DEY,Implied,Decrement Y Register,1,2,IMP
16:40:53.327 [Test worker] INFO  net.lomibao.nes.components.CPU6502 - 137,89,???,???,???,1,2,IMP
16:40:53.327 [Test worker] INFO  net.lomibao.nes.components.CPU6502 - 138,8A,TXA,Implied,Transfer X to Accumulator,1,2,IMP
16:40:53.327 [Test worker] INFO  net.lomibao.nes.components.CPU6502 - 139,8B,???,???,???,1,2,IMP
16:40:53.327 [Test worker] INFO  net.lomibao.nes.components.CPU6502 - 140,8C,STY,Absolute,Store Y Register,3,4,ABS
16:40:53.327 [Test worker] INFO  net.lomibao.nes.components.CPU6502 - 141,8D,STA,Absolute,Store Accumulator,3,4,ABS
16:40:53.328 [Test worker] INFO  net.lomibao.nes.components.CPU6502 - 142,8E,STX,Absolute,Store X Register,3,4,ABS
16:40:53.328 [Test worker] INFO  net.lomibao.nes.components.CPU6502 - 143,8F,???,???,???,1,4,IMP
16:40:53.328 [Test worker] INFO  net.lomibao.nes.components.CPU6502 - 144,90,BCC,Relative,Branch if Carry Clear,2,2,REL
16:40:53.328 [Test worker] INFO  net.lomibao.nes.components.CPU6502 - 145,91,STA,(Indirect);Y,Store Accumulator,2,6,IZY
16:40:53.328 [Test worker] INFO  net.lomibao.nes.components.CPU6502 - 146,92,???,???,???,1,2,IMP
16:40:53.328 [Test worker] INFO  net.lomibao.nes.components.CPU6502 - 147,93,???,???,???,1,6,IMP
16:40:53.328 [Test worker] INFO  net.lomibao.nes.components.CPU6502 - 148,94,STY,ZeroPage;X,Store Y Register,2,4,ZPX
16:40:53.328 [Test worker] INFO  net.lomibao.nes.components.CPU6502 - 149,95,STA,ZeroPage;X,Store Accumulator,2,4,ZPX
16:40:53.328 [Test worker] INFO  net.lomibao.nes.components.CPU6502 - 150,96,STX,ZeroPage;Y,Store X Register,2,4,ZPY
16:40:53.328 [Test worker] INFO  net.lomibao.nes.components.CPU6502 - 151,97,???,???,???,1,4,IMP
16:40:53.328 [Test worker] INFO  net.lomibao.nes.components.CPU6502 - 152,98,TYA,Implied,Transfer Y to Accumulator,1,2,IMP
16:40:53.328 [Test worker] INFO  net.lomibao.nes.components.CPU6502 - 153,99,STA,Absolute;Y,Store Accumulator,3,5,ABY
16:40:53.328 [Test worker] INFO  net.lomibao.nes.components.CPU6502 - 154,9A,TXS,Implied,Transfer X to Stack Pointer,1,2,IMP
16:40:53.328 [Test worker] INFO  net.lomibao.nes.components.CPU6502 - 155,9B,???,???,???,1,5,IMP
16:40:53.328 [Test worker] INFO  net.lomibao.nes.components.CPU6502 - 156,9C,???,???,???,1,5,IMP
16:40:53.328 [Test worker] INFO  net.lomibao.nes.components.CPU6502 - 157,9D,STA,Absolute;X,Store Accumulator,3,5,ABX
16:40:53.328 [Test worker] INFO  net.lomibao.nes.components.CPU6502 - 158,9E,???,???,???,1,5,IMP
16:40:53.328 [Test worker] INFO  net.lomibao.nes.components.CPU6502 - 159,9F,???,???,???,1,5,IMP
16:40:53.329 [Test worker] INFO  net.lomibao.nes.components.CPU6502 - 160,A0,LDY,Immediate,Load Y Register,2,2,IMM
16:40:53.329 [Test worker] INFO  net.lomibao.nes.components.CPU6502 - 161,A1,LDA,(Indirect;X),Load Accumulator,2,6,IZX
16:40:53.329 [Test worker] INFO  net.lomibao.nes.components.CPU6502 - 162,A2,LDX,Immediate,Load X Register,2,2,IMM
16:40:53.329 [Test worker] INFO  net.lomibao.nes.components.CPU6502 - 163,A3,???,???,???,1,6,IMP
16:40:53.329 [Test worker] INFO  net.lomibao.nes.components.CPU6502 - 164,A4,LDY,ZeroPage,Load Y Register,2,3,ZP0
16:40:53.329 [Test worker] INFO  net.lomibao.nes.components.CPU6502 - 165,A5,LDA,ZeroPage,Load Accumulator,2,3,ZP0
16:40:53.329 [Test worker] INFO  net.lomibao.nes.components.CPU6502 - 166,A6,LDX,ZeroPage,Load X Register,2,3,ZP0
16:40:53.329 [Test worker] INFO  net.lomibao.nes.components.CPU6502 - 167,A7,???,???,???,1,3,IMP
16:40:53.329 [Test worker] INFO  net.lomibao.nes.components.CPU6502 - 168,A8,TAY,Implied,Transfer Accumulator to Y,1,2,IMP
16:40:53.329 [Test worker] INFO  net.lomibao.nes.components.CPU6502 - 169,A9,LDA,Immediate,Load Accumulator,2,2,IMM
16:40:53.329 [Test worker] INFO  net.lomibao.nes.components.CPU6502 - 170,AA,TAX,Implied,Transfer Accumulator to X,1,2,IMP
16:40:53.329 [Test worker] INFO  net.lomibao.nes.components.CPU6502 - 171,AB,???,???,???,1,2,IMP
16:40:53.329 [Test worker] INFO  net.lomibao.nes.components.CPU6502 - 172,AC,LDY,Absolute,Load Y Register,3,4,ABS
16:40:53.329 [Test worker] INFO  net.lomibao.nes.components.CPU6502 - 173,AD,LDA,Absolute,Load Accumulator,3,4,ABS
16:40:53.329 [Test worker] INFO  net.lomibao.nes.components.CPU6502 - 174,AE,LDX,Absolute,Load X Register,3,4,ABS
16:40:53.329 [Test worker] INFO  net.lomibao.nes.components.CPU6502 - 175,AF,???,???,???,1,4,IMP
16:40:53.329 [Test worker] INFO  net.lomibao.nes.components.CPU6502 - 176,B0,BCS,Relative,Branch if Carry Set,2,2,REL
16:40:53.329 [Test worker] INFO  net.lomibao.nes.components.CPU6502 - 177,B1,LDA,(Indirect);Y,Load Accumulator,2,5,IZY
16:40:53.330 [Test worker] INFO  net.lomibao.nes.components.CPU6502 - 178,B2,???,???,???,1,2,IMP
16:40:53.330 [Test worker] INFO  net.lomibao.nes.components.CPU6502 - 179,B3,???,???,???,1,5,IMP
16:40:53.330 [Test worker] INFO  net.lomibao.nes.components.CPU6502 - 180,B4,LDY,ZeroPage;X,Load Y Register,2,4,ZPX
16:40:53.330 [Test worker] INFO  net.lomibao.nes.components.CPU6502 - 181,B5,LDA,ZeroPage;X,Load Accumulator,2,4,ZPX
16:40:53.330 [Test worker] INFO  net.lomibao.nes.components.CPU6502 - 182,B6,LDX,ZeroPage;Y,Load X Register,2,4,ZPY
16:40:53.330 [Test worker] INFO  net.lomibao.nes.components.CPU6502 - 183,B7,???,???,???,1,4,IMP
16:40:53.330 [Test worker] INFO  net.lomibao.nes.components.CPU6502 - 184,B8,CLV,Implied,Clear Overflow Flag,1,2,IMP
16:40:53.330 [Test worker] INFO  net.lomibao.nes.components.CPU6502 - 185,B9,LDA,Absolute;Y,Load Accumulator,3,4,ABY
16:40:53.330 [Test worker] INFO  net.lomibao.nes.components.CPU6502 - 186,BA,TSX,Implied,Transfer Stack Pointer to X,1,2,IMP
16:40:53.330 [Test worker] INFO  net.lomibao.nes.components.CPU6502 - 187,BB,???,???,???,1,4,IMP
16:40:53.330 [Test worker] INFO  net.lomibao.nes.components.CPU6502 - 188,BC,LDY,Absolute;X,Load Y Register,3,4,ABX
16:40:53.330 [Test worker] INFO  net.lomibao.nes.components.CPU6502 - 189,BD,LDA,Absolute;X,Load Accumulator,3,4,ABX
16:40:53.330 [Test worker] INFO  net.lomibao.nes.components.CPU6502 - 190,BE,LDX,Absolute;Y,Load X Register,3,4,ABY
16:40:53.330 [Test worker] INFO  net.lomibao.nes.components.CPU6502 - 191,BF,???,???,???,1,4,IMP
16:40:53.330 [Test worker] INFO  net.lomibao.nes.components.CPU6502 - 192,C0,CPY,Immediate,Compare Y Register,2,2,IMM
16:40:53.330 [Test worker] INFO  net.lomibao.nes.components.CPU6502 - 193,C1,CMP,(Indirect;X),Compare,2,6,IZX
16:40:53.330 [Test worker] INFO  net.lomibao.nes.components.CPU6502 - 194,C2,???,???,???,1,2,IMP
16:40:53.330 [Test worker] INFO  net.lomibao.nes.components.CPU6502 - 195,C3,???,???,???,1,8,IMP
16:40:53.330 [Test worker] INFO  net.lomibao.nes.components.CPU6502 - 196,C4,CPY,ZeroPage,Compare Y Register,2,3,ZP0
16:40:53.330 [Test worker] INFO  net.lomibao.nes.components.CPU6502 - 197,C5,CMP,ZeroPage,Compare,2,3,ZP0
16:40:53.330 [Test worker] INFO  net.lomibao.nes.components.CPU6502 - 198,C6,DEC,ZeroPage,Decrement Memory,2,5,ZP0
16:40:53.330 [Test worker] INFO  net.lomibao.nes.components.CPU6502 - 199,C7,???,???,???,1,5,IMP
16:40:53.330 [Test worker] INFO  net.lomibao.nes.components.CPU6502 - 200,C8,INY,Implied,Increment Y Register,1,2,IMP
16:40:53.330 [Test worker] INFO  net.lomibao.nes.components.CPU6502 - 201,C9,CMP,Immediate,Compare,2,2,IMM
16:40:53.330 [Test worker] INFO  net.lomibao.nes.components.CPU6502 - 202,CA,DEX,Implied,Decrement X Register,1,2,IMP
16:40:53.330 [Test worker] INFO  net.lomibao.nes.components.CPU6502 - 203,CB,???,???,???,1,2,IMP
16:40:53.330 [Test worker] INFO  net.lomibao.nes.components.CPU6502 - 204,CC,CPY,Absolute,Compare Y Register,3,4,ABS
16:40:53.330 [Test worker] INFO  net.lomibao.nes.components.CPU6502 - 205,CD,CMP,Absolute,Compare,3,4,ABS
16:40:53.330 [Test worker] INFO  net.lomibao.nes.components.CPU6502 - 206,CE,DEC,Absolute,Decrement Memory,3,6,ABS
16:40:53.330 [Test worker] INFO  net.lomibao.nes.components.CPU6502 - 207,CF,???,???,???,1,6,IMP
16:40:53.330 [Test worker] INFO  net.lomibao.nes.components.CPU6502 - 208,D0,BNE,Relative,Branch if Not Equal,2,2,REL
16:40:53.330 [Test worker] INFO  net.lomibao.nes.components.CPU6502 - 209,D1,CMP,(Indirect);Y,Compare,2,5,IZY
16:40:53.330 [Test worker] INFO  net.lomibao.nes.components.CPU6502 - 210,D2,???,???,???,1,2,IMP
16:40:53.331 [Test worker] INFO  net.lomibao.nes.components.CPU6502 - 211,D3,???,???,???,1,8,IMP
16:40:53.331 [Test worker] INFO  net.lomibao.nes.components.CPU6502 - 212,D4,???,???,???,1,4,IMP
16:40:53.331 [Test worker] INFO  net.lomibao.nes.components.CPU6502 - 213,D5,CMP,ZeroPage;X,Compare,2,4,ZPX
16:40:53.331 [Test worker] INFO  net.lomibao.nes.components.CPU6502 - 214,D6,DEC,ZeroPage;X,Decrement Memory,2,6,ZPX
16:40:53.331 [Test worker] INFO  net.lomibao.nes.components.CPU6502 - 215,D7,???,???,???,1,6,IMP
16:40:53.331 [Test worker] INFO  net.lomibao.nes.components.CPU6502 - 216,D8,CLD,Implied,Clear Decimal Mode,1,2,IMP
16:40:53.331 [Test worker] INFO  net.lomibao.nes.components.CPU6502 - 217,D9,CMP,Absolute;Y,Compare,3,4,ABY
16:40:53.331 [Test worker] INFO  net.lomibao.nes.components.CPU6502 - 218,DA,NOP,???,???,1,2,IMP
16:40:53.331 [Test worker] INFO  net.lomibao.nes.components.CPU6502 - 219,DB,???,???,???,1,7,IMP
16:40:53.331 [Test worker] INFO  net.lomibao.nes.components.CPU6502 - 220,DC,???,???,???,1,4,IMP
16:40:53.331 [Test worker] INFO  net.lomibao.nes.components.CPU6502 - 221,DD,CMP,Absolute;X,Compare,3,4,ABX
16:40:53.331 [Test worker] INFO  net.lomibao.nes.components.CPU6502 - 222,DE,DEC,Absolute;X,Decrement Memory,3,7,ABX
16:40:53.331 [Test worker] INFO  net.lomibao.nes.components.CPU6502 - 223,DF,???,???,???,1,7,IMP
16:40:53.331 [Test worker] INFO  net.lomibao.nes.components.CPU6502 - 224,E0,CPX,Immediate,Compare X Register,2,2,IMM
16:40:53.331 [Test worker] INFO  net.lomibao.nes.components.CPU6502 - 225,E1,SBC,(Indirect;X),Subtract with Carry,2,6,IZX
16:40:53.331 [Test worker] INFO  net.lomibao.nes.components.CPU6502 - 226,E2,???,???,???,1,2,IMP
16:40:53.331 [Test worker] INFO  net.lomibao.nes.components.CPU6502 - 227,E3,???,???,???,1,8,IMP
16:40:53.331 [Test worker] INFO  net.lomibao.nes.components.CPU6502 - 228,E4,CPX,ZeroPage,Compare X Register,2,3,ZP0
16:40:53.331 [Test worker] INFO  net.lomibao.nes.components.CPU6502 - 229,E5,SBC,ZeroPage,Subtract with Carry,2,3,ZP0
16:40:53.331 [Test worker] INFO  net.lomibao.nes.components.CPU6502 - 230,E6,INC,ZeroPage,Increment Memory,2,5,ZP0
16:40:53.331 [Test worker] INFO  net.lomibao.nes.components.CPU6502 - 231,E7,???,???,???,1,5,IMP
16:40:53.331 [Test worker] INFO  net.lomibao.nes.components.CPU6502 - 232,E8,INX,Implied,Increment X Register,1,2,IMP
16:40:53.331 [Test worker] INFO  net.lomibao.nes.components.CPU6502 - 233,E9,SBC,Immediate,Subtract with Carry,2,2,IMM
16:40:53.331 [Test worker] INFO  net.lomibao.nes.components.CPU6502 - 234,EA,NOP,Implied,No Operation,1,2,IMP
16:40:53.331 [Test worker] INFO  net.lomibao.nes.components.CPU6502 - 235,EB,???,???,???,1,2,IMP
16:40:53.331 [Test worker] INFO  net.lomibao.nes.components.CPU6502 - 236,EC,CPX,Absolute,Compare X Register,3,4,ABS
16:40:53.331 [Test worker] INFO  net.lomibao.nes.components.CPU6502 - 237,ED,SBC,Absolute,Subtract with Carry,3,4,ABS
16:40:53.331 [Test worker] INFO  net.lomibao.nes.components.CPU6502 - 238,EE,INC,Absolute,Increment Memory,3,6,ABS
16:40:53.331 [Test worker] INFO  net.lomibao.nes.components.CPU6502 - 239,EF,???,???,???,1,6,IMP
16:40:53.331 [Test worker] INFO  net.lomibao.nes.components.CPU6502 - 240,F0,BEQ,Relative,Branch if Equal,2,2,REL
16:40:53.331 [Test worker] INFO  net.lomibao.nes.components.CPU6502 - 241,F1,SBC,(Indirect);Y,Subtract with Carry,2,5,IZY
16:40:53.331 [Test worker] INFO  net.lomibao.nes.components.CPU6502 - 242,F2,???,???,???,1,2,IMP
16:40:53.331 [Test worker] INFO  net.lomibao.nes.components.CPU6502 - 243,F3,???,???,???,1,8,IMP
16:40:53.331 [Test worker] INFO  net.lomibao.nes.components.CPU6502 - 244,F4,???,???,???,1,4,IMP
16:40:53.331 [Test worker] INFO  net.lomibao.nes.components.CPU6502 - 245,F5,SBC,ZeroPage;X,Subtract with Carry,2,4,ZPX
16:40:53.331 [Test worker] INFO  net.lomibao.nes.components.CPU6502 - 246,F6,INC,ZeroPage;X,Increment Memory,2,6,ZPX
16:40:53.331 [Test worker] INFO  net.lomibao.nes.components.CPU6502 - 247,F7,???,???,???,1,6,IMP
16:40:53.331 [Test worker] INFO  net.lomibao.nes.components.CPU6502 - 248,F8,SED,Implied,Set Decimal Flag,1,2,IMP
16:40:53.332 [Test worker] INFO  net.lomibao.nes.components.CPU6502 - 249,F9,SBC,Absolute;Y,Subtract with Carry,3,4,ABY
16:40:53.332 [Test worker] INFO  net.lomibao.nes.components.CPU6502 - 250,FA,NOP,???,???,1,2,IMP
16:40:53.332 [Test worker] INFO  net.lomibao.nes.components.CPU6502 - 251,FB,???,???,???,1,7,IMP
16:40:53.332 [Test worker] INFO  net.lomibao.nes.components.CPU6502 - 252,FC,???,???,???,1,4,IMP
16:40:53.332 [Test worker] INFO  net.lomibao.nes.components.CPU6502 - 253,FD,SBC,Absolute;X,Subtract with Carry,3,4,ABX
16:40:53.332 [Test worker] INFO  net.lomibao.nes.components.CPU6502 - 254,FE,INC,Absolute;X,Increment Memory,3,7,ABX
16:40:53.332 [Test worker] INFO  net.lomibao.nes.components.CPU6502 - 255,FF,???,???,???,1,7,IMP
16:40:53.336 [Test worker] ERROR net.lomibao.nes.components.Ram - attempting to read memory out of range 32768. valid range [0,8192]
16:44:06.610 [Test worker] INFO  net.lomibao.nes.components.CPU6502 - 0,00,BRK,Implied,Force Interrupt,1,7,IMM
16:44:06.618 [Test worker] INFO  net.lomibao.nes.components.CPU6502 - 1,01,ORA,(Indirect;X),Logical Inclusive OR,2,6,IZX
16:44:06.618 [Test worker] INFO  net.lomibao.nes.components.CPU6502 - 2,02,???,???,???,1,2,IMP
16:44:06.618 [Test worker] INFO  net.lomibao.nes.components.CPU6502 - 3,03,???,???,???,1,8,IMP
16:44:06.618 [Test worker] INFO  net.lomibao.nes.components.CPU6502 - 4,04,???,???,???,1,3,IMP
16:44:06.618 [Test worker] INFO  net.lomibao.nes.components.CPU6502 - 5,05,ORA,ZeroPage,Logical Inclusive OR,2,3,ZP0
16:44:06.619 [Test worker] INFO  net.lomibao.nes.components.CPU6502 - 6,06,ASL,ZeroPage,Arithmetic Shift Left,2,5,ZP0
16:44:06.619 [Test worker] INFO  net.lomibao.nes.components.CPU6502 - 7,07,???,???,???,1,5,IMP
16:44:06.619 [Test worker] INFO  net.lomibao.nes.components.CPU6502 - 8,08,PHP,Implied,Push Processor Status,1,3,IMP
16:44:06.619 [Test worker] INFO  net.lomibao.nes.components.CPU6502 - 9,09,ORA,Immediate,Logical Inclusive OR,2,2,IMM
16:44:06.619 [Test worker] INFO  net.lomibao.nes.components.CPU6502 - 10,0A,ASL,Accumulator,Arithmetic Shift Left,1,2,IMP
16:44:06.619 [Test worker] INFO  net.lomibao.nes.components.CPU6502 - 11,0B,???,???,???,1,2,IMP
16:44:06.619 [Test worker] INFO  net.lomibao.nes.components.CPU6502 - 12,0C,???,???,???,1,4,IMP
16:44:06.620 [Test worker] INFO  net.lomibao.nes.components.CPU6502 - 13,0D,ORA,Absolute,Logical Inclusive OR,3,4,ABS
16:44:06.620 [Test worker] INFO  net.lomibao.nes.components.CPU6502 - 14,0E,ASL,Absolute,Arithmetic Shift Left,3,6,ABS
16:44:06.620 [Test worker] INFO  net.lomibao.nes.components.CPU6502 - 15,0F,???,???,???,1,6,IMP
16:44:06.620 [Test worker] INFO  net.lomibao.nes.components.CPU6502 - 16,10,BPL,Relative,Branch if Positive,2,2,REL
16:44:06.620 [Test worker] INFO  net.lomibao.nes.components.CPU6502 - 17,11,ORA,(Indirect);Y,Logical Inclusive OR,2,5,IZY
16:44:06.620 [Test worker] INFO  net.lomibao.nes.components.CPU6502 - 18,12,???,???,???,1,2,IMP
16:44:06.620 [Test worker] INFO  net.lomibao.nes.components.CPU6502 - 19,13,???,???,???,1,8,IMP
16:44:06.620 [Test worker] INFO  net.lomibao.nes.components.CPU6502 - 20,14,???,???,???,1,4,IMP
16:44:06.620 [Test worker] INFO  net.lomibao.nes.components.CPU6502 - 21,15,ORA,ZeroPage;X,Logical Inclusive OR,2,4,ZPX
16:44:06.620 [Test worker] INFO  net.lomibao.nes.components.CPU6502 - 22,16,ASL,ZeroPage;X,Arithmetic Shift Left,2,6,ZPX
16:44:06.620 [Test worker] INFO  net.lomibao.nes.components.CPU6502 - 23,17,???,???,???,1,6,IMP
16:44:06.621 [Test worker] INFO  net.lomibao.nes.components.CPU6502 - 24,18,CLC,Implied,Clear Carry Flag,1,2,IMP
16:44:06.621 [Test worker] INFO  net.lomibao.nes.components.CPU6502 - 25,19,ORA,Absolute;Y,Logical Inclusive OR,3,4,ABY
16:44:06.621 [Test worker] INFO  net.lomibao.nes.components.CPU6502 - 26,1A,???,???,???,1,2,IMP
16:44:06.621 [Test worker] INFO  net.lomibao.nes.components.CPU6502 - 27,1B,???,???,???,1,7,IMP
16:44:06.621 [Test worker] INFO  net.lomibao.nes.components.CPU6502 - 28,1C,???,???,???,1,4,IMP
16:44:06.621 [Test worker] INFO  net.lomibao.nes.components.CPU6502 - 29,1D,ORA,Absolute;X,Logical Inclusive OR,3,4,ABX
16:44:06.621 [Test worker] INFO  net.lomibao.nes.components.CPU6502 - 30,1E,ASL,Absolute;X,Arithmetic Shift Left,3,7,ABX
16:44:06.621 [Test worker] INFO  net.lomibao.nes.components.CPU6502 - 31,1F,???,???,???,1,7,IMP
16:44:06.621 [Test worker] INFO  net.lomibao.nes.components.CPU6502 - 32,20,JSR,Absolute,Jump to Subroutine,3,6,ABS
16:44:06.622 [Test worker] INFO  net.lomibao.nes.components.CPU6502 - 33,21,AND,(Indirect;X),Logical AND,2,6,IZX
16:44:06.622 [Test worker] INFO  net.lomibao.nes.components.CPU6502 - 34,22,???,???,???,1,2,IMP
16:44:06.622 [Test worker] INFO  net.lomibao.nes.components.CPU6502 - 35,23,???,???,???,1,8,IMP
16:44:06.622 [Test worker] INFO  net.lomibao.nes.components.CPU6502 - 36,24,BIT,ZeroPage,Bit Test,2,3,ZP0
16:44:06.622 [Test worker] INFO  net.lomibao.nes.components.CPU6502 - 37,25,AND,ZeroPage,Logical AND,2,3,ZP0
16:44:06.622 [Test worker] INFO  net.lomibao.nes.components.CPU6502 - 38,26,ROL,ZeroPage,Rotate Left,2,5,ZP0
16:44:06.622 [Test worker] INFO  net.lomibao.nes.components.CPU6502 - 39,27,???,???,???,1,5,IMP
16:44:06.622 [Test worker] INFO  net.lomibao.nes.components.CPU6502 - 40,28,PLP,Implied,Pull Processor Status,1,4,IMP
16:44:06.622 [Test worker] INFO  net.lomibao.nes.components.CPU6502 - 41,29,AND,Immediate,Logical AND,2,2,IMM
16:44:06.622 [Test worker] INFO  net.lomibao.nes.components.CPU6502 - 42,2A,ROL,Accumulator,Rotate Left,1,2,IMP
16:44:06.622 [Test worker] INFO  net.lomibao.nes.components.CPU6502 - 43,2B,???,???,???,1,2,IMP
16:44:06.624 [Test worker] INFO  net.lomibao.nes.components.CPU6502 - 44,2C,BIT,Absolute,Bit Test,3,4,ABS
16:44:06.624 [Test worker] INFO  net.lomibao.nes.components.CPU6502 - 45,2D,AND,Absolute,Logical AND,3,4,ABS
16:44:06.624 [Test worker] INFO  net.lomibao.nes.components.CPU6502 - 46,2E,ROL,Absolute,Rotate Left,3,6,ABS
16:44:06.624 [Test worker] INFO  net.lomibao.nes.components.CPU6502 - 47,2F,???,???,???,1,6,IMP
16:44:06.624 [Test worker] INFO  net.lomibao.nes.components.CPU6502 - 48,30,BMI,Relative,Branch if Minus,2,2,REL
16:44:06.624 [Test worker] INFO  net.lomibao.nes.components.CPU6502 - 49,31,AND,(Indirect);Y,Logical AND,2,5,IZY
16:44:06.624 [Test worker] INFO  net.lomibao.nes.components.CPU6502 - 50,32,???,???,???,1,2,IMP
16:44:06.625 [Test worker] INFO  net.lomibao.nes.components.CPU6502 - 51,33,???,???,???,1,8,IMP
16:44:06.625 [Test worker] INFO  net.lomibao.nes.components.CPU6502 - 52,34,???,???,???,1,4,IMP
16:44:06.625 [Test worker] INFO  net.lomibao.nes.components.CPU6502 - 53,35,AND,ZeroPage;X,Logical AND,2,4,ZPX
16:44:06.625 [Test worker] INFO  net.lomibao.nes.components.CPU6502 - 54,36,ROL,ZeroPage;X,Rotate Left,2,6,ZPX
16:44:06.625 [Test worker] INFO  net.lomibao.nes.components.CPU6502 - 55,37,???,???,???,1,6,IMP
16:44:06.625 [Test worker] INFO  net.lomibao.nes.components.CPU6502 - 56,38,SEC,Implied,Set Carry Flag,1,2,IMP
16:44:06.626 [Test worker] INFO  net.lomibao.nes.components.CPU6502 - 57,39,AND,Absolute;Y,Logical AND,3,4,ABY
16:44:06.626 [Test worker] INFO  net.lomibao.nes.components.CPU6502 - 58,3A,???,???,???,1,2,IMP
16:44:06.626 [Test worker] INFO  net.lomibao.nes.components.CPU6502 - 59,3B,???,???,???,1,7,IMP
16:44:06.626 [Test worker] INFO  net.lomibao.nes.components.CPU6502 - 60,3C,???,???,???,1,4,IMP
16:44:06.626 [Test worker] INFO  net.lomibao.nes.components.CPU6502 - 61,3D,AND,Absolute;X,Logical AND,3,4,ABX
16:44:06.627 [Test worker] INFO  net.lomibao.nes.components.CPU6502 - 62,3E,ROL,Absolute;X,Rotate Left,3,7,ABX
16:44:06.628 [Test worker] INFO  net.lomibao.nes.components.CPU6502 - 63,3F,???,???,???,1,7,IMP
16:44:06.628 [Test worker] INFO  net.lomibao.nes.components.CPU6502 - 64,40,RTI,Implied,Return from Interrupt,1,6,IMP
16:44:06.628 [Test worker] INFO  net.lomibao.nes.components.CPU6502 - 65,41,EOR,(Indirect;X),Exclusive OR,2,6,IZX
16:44:06.628 [Test worker] INFO  net.lomibao.nes.components.CPU6502 - 66,42,???,???,???,1,2,IMP
16:44:06.628 [Test worker] INFO  net.lomibao.nes.components.CPU6502 - 67,43,???,???,???,1,8,IMP
16:44:06.628 [Test worker] INFO  net.lomibao.nes.components.CPU6502 - 68,44,???,???,???,1,3,IMP
16:44:06.628 [Test worker] INFO  net.lomibao.nes.components.CPU6502 - 69,45,EOR,ZeroPage,Exclusive OR,2,3,ZP0
16:44:06.629 [Test worker] INFO  net.lomibao.nes.components.CPU6502 - 70,46,LSR,ZeroPage,Logical Shift Right,2,5,ZP0
16:44:06.629 [Test worker] INFO  net.lomibao.nes.components.CPU6502 - 71,47,???,???,???,1,5,IMP
16:44:06.629 [Test worker] INFO  net.lomibao.nes.components.CPU6502 - 72,48,PHA,Implied,Push Accumulator,1,3,IMP
16:44:06.630 [Test worker] INFO  net.lomibao.nes.components.CPU6502 - 73,49,EOR,Immediate,Exclusive OR,2,2,IMM
16:44:06.630 [Test worker] INFO  net.lomibao.nes.components.CPU6502 - 74,4A,LSR,Accumulator,Logical Shift Right,1,2,IMP
16:44:06.630 [Test worker] INFO  net.lomibao.nes.components.CPU6502 - 75,4B,???,???,???,1,2,IMP
16:44:06.630 [Test worker] INFO  net.lomibao.nes.components.CPU6502 - 76,4C,JMP,Absolute,Jump,3,3,ABS
16:44:06.630 [Test worker] INFO  net.lomibao.nes.components.CPU6502 - 77,4D,EOR,Absolute,Exclusive OR,3,4,ABS
16:44:06.630 [Test worker] INFO  net.lomibao.nes.components.CPU6502 - 78,4E,LSR,Absolute,Logical Shift Right,3,6,ABS
16:44:06.630 [Test worker] INFO  net.lomibao.nes.components.CPU6502 - 79,4F,???,???,???,1,6,IMP
16:44:06.630 [Test worker] INFO  net.lomibao.nes.components.CPU6502 - 80,50,BVC,Relative,Branch if Overflow Clear,2,2,REL
16:44:06.630 [Test worker] INFO  net.lomibao.nes.components.CPU6502 - 81,51,EOR,(Indirect);Y,Exclusive OR,2,5,IZY
16:44:06.630 [Test worker] INFO  net.lomibao.nes.components.CPU6502 - 82,52,???,???,???,1,2,IMP
16:44:06.631 [Test worker] INFO  net.lomibao.nes.components.CPU6502 - 83,53,???,???,???,1,8,IMP
16:44:06.631 [Test worker] INFO  net.lomibao.nes.components.CPU6502 - 84,54,???,???,???,1,4,IMP
16:44:06.631 [Test worker] INFO  net.lomibao.nes.components.CPU6502 - 85,55,EOR,ZeroPage;X,Exclusive OR,2,4,ZPX
16:44:06.631 [Test worker] INFO  net.lomibao.nes.components.CPU6502 - 86,56,LSR,ZeroPage;X,Logical Shift Right,2,6,ZPX
16:44:06.631 [Test worker] INFO  net.lomibao.nes.components.CPU6502 - 87,57,???,???,???,1,6,IMP
16:44:06.631 [Test worker] INFO  net.lomibao.nes.components.CPU6502 - 88,58,CLI,Implied,Clear Interrupt Disable,1,2,IMP
16:44:06.631 [Test worker] INFO  net.lomibao.nes.components.CPU6502 - 89,59,EOR,Absolute;Y,Exclusive OR,3,4,ABY
16:44:06.632 [Test worker] INFO  net.lomibao.nes.components.CPU6502 - 90,5A,???,???,???,1,2,IMP
16:44:06.632 [Test worker] INFO  net.lomibao.nes.components.CPU6502 - 91,5B,???,???,???,1,7,IMP
16:44:06.632 [Test worker] INFO  net.lomibao.nes.components.CPU6502 - 92,5C,???,???,???,1,4,IMP
16:44:06.632 [Test worker] INFO  net.lomibao.nes.components.CPU6502 - 93,5D,EOR,Absolute;X,Exclusive OR,3,4,ABX
16:44:06.632 [Test worker] INFO  net.lomibao.nes.components.CPU6502 - 94,5E,LSR,Absolute;X,Logical Shift Right,3,7,ABX
16:44:06.632 [Test worker] INFO  net.lomibao.nes.components.CPU6502 - 95,5F,???,???,???,1,7,IMP
16:44:06.632 [Test worker] INFO  net.lomibao.nes.components.CPU6502 - 96,60,RTS,Implied,Return from Subroutine,1,6,IMP
16:44:06.632 [Test worker] INFO  net.lomibao.nes.components.CPU6502 - 97,61,ADC,(Indirect;X),Add with Carry,2,6,IZX
16:44:06.632 [Test worker] INFO  net.lomibao.nes.components.CPU6502 - 98,62,???,???,???,1,2,IMP
16:44:06.632 [Test worker] INFO  net.lomibao.nes.components.CPU6502 - 99,63,???,???,???,1,8,IMP
16:44:06.632 [Test worker] INFO  net.lomibao.nes.components.CPU6502 - 100,64,???,???,???,1,3,IMP
16:44:06.633 [Test worker] INFO  net.lomibao.nes.components.CPU6502 - 101,65,ADC,ZeroPage,Add with Carry,2,3,ZP0
16:44:06.633 [Test worker] INFO  net.lomibao.nes.components.CPU6502 - 102,66,ROR,ZeroPage,Rotate Right,2,5,ZP0
16:44:06.633 [Test worker] INFO  net.lomibao.nes.components.CPU6502 - 103,67,???,???,???,1,5,IMP
16:44:06.633 [Test worker] INFO  net.lomibao.nes.components.CPU6502 - 104,68,PLA,Implied,Pull Accumulator,1,4,IMP
16:44:06.633 [Test worker] INFO  net.lomibao.nes.components.CPU6502 - 105,69,ADC,Immediate,Add with Carry,2,2,IMM
16:44:06.633 [Test worker] INFO  net.lomibao.nes.components.CPU6502 - 106,6A,ROR,Accumulator,Rotate Right,1,2,IMP
16:44:06.633 [Test worker] INFO  net.lomibao.nes.components.CPU6502 - 107,6B,???,???,???,1,2,IMP
16:44:06.633 [Test worker] INFO  net.lomibao.nes.components.CPU6502 - 108,6C,JMP,Indirect ,Jump,3,5,IND
16:44:06.633 [Test worker] INFO  net.lomibao.nes.components.CPU6502 - 109,6D,ADC,Absolute,Add with Carry,3,4,ABS
16:44:06.633 [Test worker] INFO  net.lomibao.nes.components.CPU6502 - 110,6E,ROR,Absolute,Rotate Right,3,6,ABS
16:44:06.633 [Test worker] INFO  net.lomibao.nes.components.CPU6502 - 111,6F,???,???,???,1,6,IMP
16:44:06.634 [Test worker] INFO  net.lomibao.nes.components.CPU6502 - 112,70,BVS,Relative,Branch if Overflow Set,2,2,REL
16:44:06.634 [Test worker] INFO  net.lomibao.nes.components.CPU6502 - 113,71,ADC,(Indirect);Y,Add with Carry,2,5,IZY
16:44:06.634 [Test worker] INFO  net.lomibao.nes.components.CPU6502 - 114,72,???,???,???,1,2,IMP
16:44:06.634 [Test worker] INFO  net.lomibao.nes.components.CPU6502 - 115,73,???,???,???,1,8,IMP
16:44:06.634 [Test worker] INFO  net.lomibao.nes.components.CPU6502 - 116,74,???,???,???,1,4,IMP
16:44:06.634 [Test worker] INFO  net.lomibao.nes.components.CPU6502 - 117,75,ADC,ZeroPage;X,Add with Carry,2,4,ZPX
16:44:06.634 [Test worker] INFO  net.lomibao.nes.components.CPU6502 - 118,76,ROR,ZeroPage;X,Rotate Right,2,6,ZPX
16:44:06.634 [Test worker] INFO  net.lomibao.nes.components.CPU6502 - 119,77,???,???,???,1,6,IMP
16:44:06.634 [Test worker] INFO  net.lomibao.nes.components.CPU6502 - 120,78,SEI,Implied,Set Interrupt Disable,1,2,IMP
16:44:06.634 [Test worker] INFO  net.lomibao.nes.components.CPU6502 - 121,79,ADC,Absolute;Y,Add with Carry,3,4,ABY
16:44:06.634 [Test worker] INFO  net.lomibao.nes.components.CPU6502 - 122,7A,???,???,???,1,2,IMP
16:44:06.635 [Test worker] INFO  net.lomibao.nes.components.CPU6502 - 123,7B,???,???,???,1,7,IMP
16:44:06.635 [Test worker] INFO  net.lomibao.nes.components.CPU6502 - 124,7C,???,???,???,1,4,IMP
16:44:06.635 [Test worker] INFO  net.lomibao.nes.components.CPU6502 - 125,7D,ADC,Absolute;X,Add with Carry,3,4,ABX
16:44:06.635 [Test worker] INFO  net.lomibao.nes.components.CPU6502 - 126,7E,ROR,Absolute;X,Rotate Right,3,7,ABX
16:44:06.636 [Test worker] INFO  net.lomibao.nes.components.CPU6502 - 127,7F,???,???,???,1,7,IMP
16:44:06.636 [Test worker] INFO  net.lomibao.nes.components.CPU6502 - 128,80,???,???,???,1,2,IMP
16:44:06.636 [Test worker] INFO  net.lomibao.nes.components.CPU6502 - 129,81,STA,(Indirect;X),Store Accumulator,2,6,IZX
16:44:06.636 [Test worker] INFO  net.lomibao.nes.components.CPU6502 - 130,82,???,???,???,1,2,IMP
16:44:06.636 [Test worker] INFO  net.lomibao.nes.components.CPU6502 - 131,83,???,???,???,1,6,IMP
16:44:06.636 [Test worker] INFO  net.lomibao.nes.components.CPU6502 - 132,84,STY,ZeroPage,Store Y Register,2,3,ZP0
16:44:06.636 [Test worker] INFO  net.lomibao.nes.components.CPU6502 - 133,85,STA,ZeroPage,Store Accumulator,2,3,ZP0
16:44:06.636 [Test worker] INFO  net.lomibao.nes.components.CPU6502 - 134,86,STX,ZeroPage,Store X Register,2,3,ZP0
16:44:06.636 [Test worker] INFO  net.lomibao.nes.components.CPU6502 - 135,87,???,???,???,1,3,IMP
16:44:06.636 [Test worker] INFO  net.lomibao.nes.components.CPU6502 - 136,88,DEY,Implied,Decrement Y Register,1,2,IMP
16:44:06.638 [Test worker] INFO  net.lomibao.nes.components.CPU6502 - 137,89,???,???,???,1,2,IMP
16:44:06.638 [Test worker] INFO  net.lomibao.nes.components.CPU6502 - 138,8A,TXA,Implied,Transfer X to Accumulator,1,2,IMP
16:44:06.638 [Test worker] INFO  net.lomibao.nes.components.CPU6502 - 139,8B,???,???,???,1,2,IMP
16:44:06.638 [Test worker] INFO  net.lomibao.nes.components.CPU6502 - 140,8C,STY,Absolute,Store Y Register,3,4,ABS
16:44:06.638 [Test worker] INFO  net.lomibao.nes.components.CPU6502 - 141,8D,STA,Absolute,Store Accumulator,3,4,ABS
16:44:06.638 [Test worker] INFO  net.lomibao.nes.components.CPU6502 - 142,8E,STX,Absolute,Store X Register,3,4,ABS
16:44:06.638 [Test worker] INFO  net.lomibao.nes.components.CPU6502 - 143,8F,???,???,???,1,4,IMP
16:44:06.638 [Test worker] INFO  net.lomibao.nes.components.CPU6502 - 144,90,BCC,Relative,Branch if Carry Clear,2,2,REL
16:44:06.638 [Test worker] INFO  net.lomibao.nes.components.CPU6502 - 145,91,STA,(Indirect);Y,Store Accumulator,2,6,IZY
16:44:06.638 [Test worker] INFO  net.lomibao.nes.components.CPU6502 - 146,92,???,???,???,1,2,IMP
16:44:06.638 [Test worker] INFO  net.lomibao.nes.components.CPU6502 - 147,93,???,???,???,1,6,IMP
16:44:06.638 [Test worker] INFO  net.lomibao.nes.components.CPU6502 - 148,94,STY,ZeroPage;X,Store Y Register,2,4,ZPX
16:44:06.639 [Test worker] INFO  net.lomibao.nes.components.CPU6502 - 149,95,STA,ZeroPage;X,Store Accumulator,2,4,ZPX
16:44:06.639 [Test worker] INFO  net.lomibao.nes.components.CPU6502 - 150,96,STX,ZeroPage;Y,Store X Register,2,4,ZPY
16:44:06.639 [Test worker] INFO  net.lomibao.nes.components.CPU6502 - 151,97,???,???,???,1,4,IMP
16:44:06.639 [Test worker] INFO  net.lomibao.nes.components.CPU6502 - 152,98,TYA,Implied,Transfer Y to Accumulator,1,2,IMP
16:44:06.639 [Test worker] INFO  net.lomibao.nes.components.CPU6502 - 153,99,STA,Absolute;Y,Store Accumulator,3,5,ABY
16:44:06.639 [Test worker] INFO  net.lomibao.nes.components.CPU6502 - 154,9A,TXS,Implied,Transfer X to Stack Pointer,1,2,IMP
16:44:06.639 [Test worker] INFO  net.lomibao.nes.components.CPU6502 - 155,9B,???,???,???,1,5,IMP
16:44:06.639 [Test worker] INFO  net.lomibao.nes.components.CPU6502 - 156,9C,???,???,???,1,5,IMP
16:44:06.639 [Test worker] INFO  net.lomibao.nes.components.CPU6502 - 157,9D,STA,Absolute;X,Store Accumulator,3,5,ABX
16:44:06.639 [Test worker] INFO  net.lomibao.nes.components.CPU6502 - 158,9E,???,???,???,1,5,IMP
16:44:06.639 [Test worker] INFO  net.lomibao.nes.components.CPU6502 - 159,9F,???,???,???,1,5,IMP
16:44:06.639 [Test worker] INFO  net.lomibao.nes.components.CPU6502 - 160,A0,LDY,Immediate,Load Y Register,2,2,IMM
16:44:06.640 [Test worker] INFO  net.lomibao.nes.components.CPU6502 - 161,A1,LDA,(Indirect;X),Load Accumulator,2,6,IZX
16:44:06.640 [Test worker] INFO  net.lomibao.nes.components.CPU6502 - 162,A2,LDX,Immediate,Load X Register,2,2,IMM
16:44:06.640 [Test worker] INFO  net.lomibao.nes.components.CPU6502 - 163,A3,???,???,???,1,6,IMP
16:44:06.640 [Test worker] INFO  net.lomibao.nes.components.CPU6502 - 164,A4,LDY,ZeroPage,Load Y Register,2,3,ZP0
16:44:06.640 [Test worker] INFO  net.lomibao.nes.components.CPU6502 - 165,A5,LDA,ZeroPage,Load Accumulator,2,3,ZP0
16:44:06.640 [Test worker] INFO  net.lomibao.nes.components.CPU6502 - 166,A6,LDX,ZeroPage,Load X Register,2,3,ZP0
16:44:06.640 [Test worker] INFO  net.lomibao.nes.components.CPU6502 - 167,A7,???,???,???,1,3,IMP
16:44:06.640 [Test worker] INFO  net.lomibao.nes.components.CPU6502 - 168,A8,TAY,Implied,Transfer Accumulator to Y,1,2,IMP
16:44:06.640 [Test worker] INFO  net.lomibao.nes.components.CPU6502 - 169,A9,LDA,Immediate,Load Accumulator,2,2,IMM
16:44:06.640 [Test worker] INFO  net.lomibao.nes.components.CPU6502 - 170,AA,TAX,Implied,Transfer Accumulator to X,1,2,IMP
16:44:06.640 [Test worker] INFO  net.lomibao.nes.components.CPU6502 - 171,AB,???,???,???,1,2,IMP
16:44:06.640 [Test worker] INFO  net.lomibao.nes.components.CPU6502 - 172,AC,LDY,Absolute,Load Y Register,3,4,ABS
16:44:06.640 [Test worker] INFO  net.lomibao.nes.components.CPU6502 - 173,AD,LDA,Absolute,Load Accumulator,3,4,ABS
16:44:06.640 [Test worker] INFO  net.lomibao.nes.components.CPU6502 - 174,AE,LDX,Absolute,Load X Register,3,4,ABS
16:44:06.640 [Test worker] INFO  net.lomibao.nes.components.CPU6502 - 175,AF,???,???,???,1,4,IMP
16:44:06.640 [Test worker] INFO  net.lomibao.nes.components.CPU6502 - 176,B0,BCS,Relative,Branch if Carry Set,2,2,REL
16:44:06.640 [Test worker] INFO  net.lomibao.nes.components.CPU6502 - 177,B1,LDA,(Indirect);Y,Load Accumulator,2,5,IZY
16:44:06.640 [Test worker] INFO  net.lomibao.nes.components.CPU6502 - 178,B2,???,???,???,1,2,IMP
16:44:06.640 [Test worker] INFO  net.lomibao.nes.components.CPU6502 - 179,B3,???,???,???,1,5,IMP
16:44:06.640 [Test worker] INFO  net.lomibao.nes.components.CPU6502 - 180,B4,LDY,ZeroPage;X,Load Y Register,2,4,ZPX
16:44:06.640 [Test worker] INFO  net.lomibao.nes.components.CPU6502 - 181,B5,LDA,ZeroPage;X,Load Accumulator,2,4,ZPX
16:44:06.641 [Test worker] INFO  net.lomibao.nes.components.CPU6502 - 182,B6,LDX,ZeroPage;Y,Load X Register,2,4,ZPY
16:44:06.641 [Test worker] INFO  net.lomibao.nes.components.CPU6502 - 183,B7,???,???,???,1,4,IMP
16:44:06.641 [Test worker] INFO  net.lomibao.nes.components.CPU6502 - 184,B8,CLV,Implied,Clear Overflow Flag,1,2,IMP
16:44:06.641 [Test worker] INFO  net.lomibao.nes.components.CPU6502 - 185,B9,LDA,Absolute;Y,Load Accumulator,3,4,ABY
16:44:06.641 [Test worker] INFO  net.lomibao.nes.components.CPU6502 - 186,BA,TSX,Implied,Transfer Stack Pointer to X,1,2,IMP
16:44:06.641 [Test worker] INFO  net.lomibao.nes.components.CPU6502 - 187,BB,???,???,???,1,4,IMP
16:44:06.641 [Test worker] INFO  net.lomibao.nes.components.CPU6502 - 188,BC,LDY,Absolute;X,Load Y Register,3,4,ABX
16:44:06.641 [Test worker] INFO  net.lomibao.nes.components.CPU6502 - 189,BD,LDA,Absolute;X,Load Accumulator,3,4,ABX
16:44:06.641 [Test worker] INFO  net.lomibao.nes.components.CPU6502 - 190,BE,LDX,Absolute;Y,Load X Register,3,4,ABY
16:44:06.641 [Test worker] INFO  net.lomibao.nes.components.CPU6502 - 191,BF,???,???,???,1,4,IMP
16:44:06.641 [Test worker] INFO  net.lomibao.nes.components.CPU6502 - 192,C0,CPY,Immediate,Compare Y Register,2,2,IMM
16:44:06.641 [Test worker] INFO  net.lomibao.nes.components.CPU6502 - 193,C1,CMP,(Indirect;X),Compare,2,6,IZX
16:44:06.642 [Test worker] INFO  net.lomibao.nes.components.CPU6502 - 194,C2,???,???,???,1,2,IMP
16:44:06.642 [Test worker] INFO  net.lomibao.nes.components.CPU6502 - 195,C3,???,???,???,1,8,IMP
16:44:06.642 [Test worker] INFO  net.lomibao.nes.components.CPU6502 - 196,C4,CPY,ZeroPage,Compare Y Register,2,3,ZP0
16:44:06.642 [Test worker] INFO  net.lomibao.nes.components.CPU6502 - 197,C5,CMP,ZeroPage,Compare,2,3,ZP0
16:44:06.642 [Test worker] INFO  net.lomibao.nes.components.CPU6502 - 198,C6,DEC,ZeroPage,Decrement Memory,2,5,ZP0
16:44:06.643 [Test worker] INFO  net.lomibao.nes.components.CPU6502 - 199,C7,???,???,???,1,5,IMP
16:44:06.643 [Test worker] INFO  net.lomibao.nes.components.CPU6502 - 200,C8,INY,Implied,Increment Y Register,1,2,IMP
16:44:06.643 [Test worker] INFO  net.lomibao.nes.components.CPU6502 - 201,C9,CMP,Immediate,Compare,2,2,IMM
16:44:06.643 [Test worker] INFO  net.lomibao.nes.components.CPU6502 - 202,CA,DEX,Implied,Decrement X Register,1,2,IMP
16:44:06.643 [Test worker] INFO  net.lomibao.nes.components.CPU6502 - 203,CB,???,???,???,1,2,IMP
16:44:06.643 [Test worker] INFO  net.lomibao.nes.components.CPU6502 - 204,CC,CPY,Absolute,Compare Y Register,3,4,ABS
16:44:06.643 [Test worker] INFO  net.lomibao.nes.components.CPU6502 - 205,CD,CMP,Absolute,Compare,3,4,ABS
16:44:06.643 [Test worker] INFO  net.lomibao.nes.components.CPU6502 - 206,CE,DEC,Absolute,Decrement Memory,3,6,ABS
16:44:06.643 [Test worker] INFO  net.lomibao.nes.components.CPU6502 - 207,CF,???,???,???,1,6,IMP
16:44:06.643 [Test worker] INFO  net.lomibao.nes.components.CPU6502 - 208,D0,BNE,Relative,Branch if Not Equal,2,2,REL
16:44:06.644 [Test worker] INFO  net.lomibao.nes.components.CPU6502 - 209,D1,CMP,(Indirect);Y,Compare,2,5,IZY
16:44:06.644 [Test worker] INFO  net.lomibao.nes.components.CPU6502 - 210,D2,???,???,???,1,2,IMP
16:44:06.644 [Test worker] INFO  net.lomibao.nes.components.CPU6502 - 211,D3,???,???,???,1,8,IMP
16:44:06.644 [Test worker] INFO  net.lomibao.nes.components.CPU6502 - 212,D4,???,???,???,1,4,IMP
16:44:06.644 [Test worker] INFO  net.lomibao.nes.components.CPU6502 - 213,D5,CMP,ZeroPage;X,Compare,2,4,ZPX
16:44:06.644 [Test worker] INFO  net.lomibao.nes.components.CPU6502 - 214,D6,DEC,ZeroPage;X,Decrement Memory,2,6,ZPX
16:44:06.644 [Test worker] INFO  net.lomibao.nes.components.CPU6502 - 215,D7,???,???,???,1,6,IMP
16:44:06.644 [Test worker] INFO  net.lomibao.nes.components.CPU6502 - 216,D8,CLD,Implied,Clear Decimal Mode,1,2,IMP
16:44:06.645 [Test worker] INFO  net.lomibao.nes.components.CPU6502 - 217,D9,CMP,Absolute;Y,Compare,3,4,ABY
16:44:06.645 [Test worker] INFO  net.lomibao.nes.components.CPU6502 - 218,DA,NOP,???,???,1,2,IMP
16:44:06.645 [Test worker] INFO  net.lomibao.nes.components.CPU6502 - 219,DB,???,???,???,1,7,IMP
16:44:06.645 [Test worker] INFO  net.lomibao.nes.components.CPU6502 - 220,DC,???,???,???,1,4,IMP
16:44:06.645 [Test worker] INFO  net.lomibao.nes.components.CPU6502 - 221,DD,CMP,Absolute;X,Compare,3,4,ABX
16:44:06.645 [Test worker] INFO  net.lomibao.nes.components.CPU6502 - 222,DE,DEC,Absolute;X,Decrement Memory,3,7,ABX
16:44:06.645 [Test worker] INFO  net.lomibao.nes.components.CPU6502 - 223,DF,???,???,???,1,7,IMP
16:44:06.645 [Test worker] INFO  net.lomibao.nes.components.CPU6502 - 224,E0,CPX,Immediate,Compare X Register,2,2,IMM
16:44:06.645 [Test worker] INFO  net.lomibao.nes.components.CPU6502 - 225,E1,SBC,(Indirect;X),Subtract with Carry,2,6,IZX
16:44:06.645 [Test worker] INFO  net.lomibao.nes.components.CPU6502 - 226,E2,???,???,???,1,2,IMP
16:44:06.646 [Test worker] INFO  net.lomibao.nes.components.CPU6502 - 227,E3,???,???,???,1,8,IMP
16:44:06.646 [Test worker] INFO  net.lomibao.nes.components.CPU6502 - 228,E4,CPX,ZeroPage,Compare X Register,2,3,ZP0
16:44:06.646 [Test worker] INFO  net.lomibao.nes.components.CPU6502 - 229,E5,SBC,ZeroPage,Subtract with Carry,2,3,ZP0
16:44:06.646 [Test worker] INFO  net.lomibao.nes.components.CPU6502 - 230,E6,INC,ZeroPage,Increment Memory,2,5,ZP0
16:44:06.646 [Test worker] INFO  net.lomibao.nes.components.CPU6502 - 231,E7,???,???,???,1,5,IMP
16:44:06.646 [Test worker] INFO  net.lomibao.nes.components.CPU6502 - 232,E8,INX,Implied,Increment X Register,1,2,IMP
16:44:06.646 [Test worker] INFO  net.lomibao.nes.components.CPU6502 - 233,E9,SBC,Immediate,Subtract with Carry,2,2,IMM
16:44:06.646 [Test worker] INFO  net.lomibao.nes.components.CPU6502 - 234,EA,NOP,Implied,No Operation,1,2,IMP
16:44:06.646 [Test worker] INFO  net.lomibao.nes.components.CPU6502 - 235,EB,???,???,???,1,2,IMP
16:44:06.646 [Test worker] INFO  net.lomibao.nes.components.CPU6502 - 236,EC,CPX,Absolute,Compare X Register,3,4,ABS
16:44:06.646 [Test worker] INFO  net.lomibao.nes.components.CPU6502 - 237,ED,SBC,Absolute,Subtract with Carry,3,4,ABS
16:44:06.647 [Test worker] INFO  net.lomibao.nes.components.CPU6502 - 238,EE,INC,Absolute,Increment Memory,3,6,ABS
16:44:06.647 [Test worker] INFO  net.lomibao.nes.components.CPU6502 - 239,EF,???,???,???,1,6,IMP
16:44:06.647 [Test worker] INFO  net.lomibao.nes.components.CPU6502 - 240,F0,BEQ,Relative,Branch if Equal,2,2,REL
16:44:06.647 [Test worker] INFO  net.lomibao.nes.components.CPU6502 - 241,F1,SBC,(Indirect);Y,Subtract with Carry,2,5,IZY
16:44:06.647 [Test worker] INFO  net.lomibao.nes.components.CPU6502 - 242,F2,???,???,???,1,2,IMP
16:44:06.647 [Test worker] INFO  net.lomibao.nes.components.CPU6502 - 243,F3,???,???,???,1,8,IMP
16:44:06.647 [Test worker] INFO  net.lomibao.nes.components.CPU6502 - 244,F4,???,???,???,1,4,IMP
16:44:06.647 [Test worker] INFO  net.lomibao.nes.components.CPU6502 - 245,F5,SBC,ZeroPage;X,Subtract with Carry,2,4,ZPX
16:44:06.647 [Test worker] INFO  net.lomibao.nes.components.CPU6502 - 246,F6,INC,ZeroPage;X,Increment Memory,2,6,ZPX
16:44:06.648 [Test worker] INFO  net.lomibao.nes.components.CPU6502 - 247,F7,???,???,???,1,6,IMP
16:44:06.648 [Test worker] INFO  net.lomibao.nes.components.CPU6502 - 248,F8,SED,Implied,Set Decimal Flag,1,2,IMP
16:44:06.648 [Test worker] INFO  net.lomibao.nes.components.CPU6502 - 249,F9,SBC,Absolute;Y,Subtract with Carry,3,4,ABY
16:44:06.648 [Test worker] INFO  net.lomibao.nes.components.CPU6502 - 250,FA,NOP,???,???,1,2,IMP
16:44:06.648 [Test worker] INFO  net.lomibao.nes.components.CPU6502 - 251,FB,???,???,???,1,7,IMP
16:44:06.648 [Test worker] INFO  net.lomibao.nes.components.CPU6502 - 252,FC,???,???,???,1,4,IMP
16:44:06.648 [Test worker] INFO  net.lomibao.nes.components.CPU6502 - 253,FD,SBC,Absolute;X,Subtract with Carry,3,4,ABX
16:44:06.648 [Test worker] INFO  net.lomibao.nes.components.CPU6502 - 254,FE,INC,Absolute;X,Increment Memory,3,7,ABX
16:44:06.650 [Test worker] INFO  net.lomibao.nes.components.CPU6502 - 255,FF,???,???,???,1,7,IMP
16:44:06.683 [Test worker] INFO  net.lomibao.nes.components.CPU6502 - 0,00,BRK,Implied,Force Interrupt,1,7,IMM
16:44:06.683 [Test worker] INFO  net.lomibao.nes.components.CPU6502 - 1,01,ORA,(Indirect;X),Logical Inclusive OR,2,6,IZX
16:44:06.683 [Test worker] INFO  net.lomibao.nes.components.CPU6502 - 2,02,???,???,???,1,2,IMP
16:44:06.683 [Test worker] INFO  net.lomibao.nes.components.CPU6502 - 3,03,???,???,???,1,8,IMP
16:44:06.683 [Test worker] INFO  net.lomibao.nes.components.CPU6502 - 4,04,???,???,???,1,3,IMP
16:44:06.685 [Test worker] INFO  net.lomibao.nes.components.CPU6502 - 5,05,ORA,ZeroPage,Logical Inclusive OR,2,3,ZP0
16:44:06.685 [Test worker] INFO  net.lomibao.nes.components.CPU6502 - 6,06,ASL,ZeroPage,Arithmetic Shift Left,2,5,ZP0
16:44:06.685 [Test worker] INFO  net.lomibao.nes.components.CPU6502 - 7,07,???,???,???,1,5,IMP
16:44:06.685 [Test worker] INFO  net.lomibao.nes.components.CPU6502 - 8,08,PHP,Implied,Push Processor Status,1,3,IMP
16:44:06.685 [Test worker] INFO  net.lomibao.nes.components.CPU6502 - 9,09,ORA,Immediate,Logical Inclusive OR,2,2,IMM
16:44:06.685 [Test worker] INFO  net.lomibao.nes.components.CPU6502 - 10,0A,ASL,Accumulator,Arithmetic Shift Left,1,2,IMP
16:44:06.685 [Test worker] INFO  net.lomibao.nes.components.CPU6502 - 11,0B,???,???,???,1,2,IMP
16:44:06.685 [Test worker] INFO  net.lomibao.nes.components.CPU6502 - 12,0C,???,???,???,1,4,IMP
16:44:06.685 [Test worker] INFO  net.lomibao.nes.components.CPU6502 - 13,0D,ORA,Absolute,Logical Inclusive OR,3,4,ABS
16:44:06.685 [Test worker] INFO  net.lomibao.nes.components.CPU6502 - 14,0E,ASL,Absolute,Arithmetic Shift Left,3,6,ABS
16:44:06.685 [Test worker] INFO  net.lomibao.nes.components.CPU6502 - 15,0F,???,???,???,1,6,IMP
16:44:06.685 [Test worker] INFO  net.lomibao.nes.components.CPU6502 - 16,10,BPL,Relative,Branch if Positive,2,2,REL
16:44:06.685 [Test worker] INFO  net.lomibao.nes.components.CPU6502 - 17,11,ORA,(Indirect);Y,Logical Inclusive OR,2,5,IZY
16:44:06.685 [Test worker] INFO  net.lomibao.nes.components.CPU6502 - 18,12,???,???,???,1,2,IMP
16:44:06.685 [Test worker] INFO  net.lomibao.nes.components.CPU6502 - 19,13,???,???,???,1,8,IMP
16:44:06.685 [Test worker] INFO  net.lomibao.nes.components.CPU6502 - 20,14,???,???,???,1,4,IMP
16:44:06.685 [Test worker] INFO  net.lomibao.nes.components.CPU6502 - 21,15,ORA,ZeroPage;X,Logical Inclusive OR,2,4,ZPX
16:44:06.686 [Test worker] INFO  net.lomibao.nes.components.CPU6502 - 22,16,ASL,ZeroPage;X,Arithmetic Shift Left,2,6,ZPX
16:44:06.686 [Test worker] INFO  net.lomibao.nes.components.CPU6502 - 23,17,???,???,???,1,6,IMP
16:44:06.686 [Test worker] INFO  net.lomibao.nes.components.CPU6502 - 24,18,CLC,Implied,Clear Carry Flag,1,2,IMP
16:44:06.686 [Test worker] INFO  net.lomibao.nes.components.CPU6502 - 25,19,ORA,Absolute;Y,Logical Inclusive OR,3,4,ABY
16:44:06.686 [Test worker] INFO  net.lomibao.nes.components.CPU6502 - 26,1A,???,???,???,1,2,IMP
16:44:06.686 [Test worker] INFO  net.lomibao.nes.components.CPU6502 - 27,1B,???,???,???,1,7,IMP
16:44:06.686 [Test worker] INFO  net.lomibao.nes.components.CPU6502 - 28,1C,???,???,???,1,4,IMP
16:44:06.686 [Test worker] INFO  net.lomibao.nes.components.CPU6502 - 29,1D,ORA,Absolute;X,Logical Inclusive OR,3,4,ABX
16:44:06.686 [Test worker] INFO  net.lomibao.nes.components.CPU6502 - 30,1E,ASL,Absolute;X,Arithmetic Shift Left,3,7,ABX
16:44:06.686 [Test worker] INFO  net.lomibao.nes.components.CPU6502 - 31,1F,???,???,???,1,7,IMP
16:44:06.686 [Test worker] INFO  net.lomibao.nes.components.CPU6502 - 32,20,JSR,Absolute,Jump to Subroutine,3,6,ABS
16:44:06.686 [Test worker] INFO  net.lomibao.nes.components.CPU6502 - 33,21,AND,(Indirect;X),Logical AND,2,6,IZX
16:44:06.687 [Test worker] INFO  net.lomibao.nes.components.CPU6502 - 34,22,???,???,???,1,2,IMP
16:44:06.687 [Test worker] INFO  net.lomibao.nes.components.CPU6502 - 35,23,???,???,???,1,8,IMP
16:44:06.687 [Test worker] INFO  net.lomibao.nes.components.CPU6502 - 36,24,BIT,ZeroPage,Bit Test,2,3,ZP0
16:44:06.687 [Test worker] INFO  net.lomibao.nes.components.CPU6502 - 37,25,AND,ZeroPage,Logical AND,2,3,ZP0
16:44:06.687 [Test worker] INFO  net.lomibao.nes.components.CPU6502 - 38,26,ROL,ZeroPage,Rotate Left,2,5,ZP0
16:44:06.688 [Test worker] INFO  net.lomibao.nes.components.CPU6502 - 39,27,???,???,???,1,5,IMP
16:44:06.688 [Test worker] INFO  net.lomibao.nes.components.CPU6502 - 40,28,PLP,Implied,Pull Processor Status,1,4,IMP
16:44:06.688 [Test worker] INFO  net.lomibao.nes.components.CPU6502 - 41,29,AND,Immediate,Logical AND,2,2,IMM
16:44:06.688 [Test worker] INFO  net.lomibao.nes.components.CPU6502 - 42,2A,ROL,Accumulator,Rotate Left,1,2,IMP
16:44:06.688 [Test worker] INFO  net.lomibao.nes.components.CPU6502 - 43,2B,???,???,???,1,2,IMP
16:44:06.688 [Test worker] INFO  net.lomibao.nes.components.CPU6502 - 44,2C,BIT,Absolute,Bit Test,3,4,ABS
16:44:06.688 [Test worker] INFO  net.lomibao.nes.components.CPU6502 - 45,2D,AND,Absolute,Logical AND,3,4,ABS
16:44:06.688 [Test worker] INFO  net.lomibao.nes.components.CPU6502 - 46,2E,ROL,Absolute,Rotate Left,3,6,ABS
16:44:06.688 [Test worker] INFO  net.lomibao.nes.components.CPU6502 - 47,2F,???,???,???,1,6,IMP
16:44:06.688 [Test worker] INFO  net.lomibao.nes.components.CPU6502 - 48,30,BMI,Relative,Branch if Minus,2,2,REL
16:44:06.688 [Test worker] INFO  net.lomibao.nes.components.CPU6502 - 49,31,AND,(Indirect);Y,Logical AND,2,5,IZY
16:44:06.688 [Test worker] INFO  net.lomibao.nes.components.CPU6502 - 50,32,???,???,???,1,2,IMP
16:44:06.688 [Test worker] INFO  net.lomibao.nes.components.CPU6502 - 51,33,???,???,???,1,8,IMP
16:44:06.688 [Test worker] INFO  net.lomibao.nes.components.CPU6502 - 52,34,???,???,???,1,4,IMP
16:44:06.688 [Test worker] INFO  net.lomibao.nes.components.CPU6502 - 53,35,AND,ZeroPage;X,Logical AND,2,4,ZPX
16:44:06.688 [Test worker] INFO  net.lomibao.nes.components.CPU6502 - 54,36,ROL,ZeroPage;X,Rotate Left,2,6,ZPX
16:44:06.689 [Test worker] INFO  net.lomibao.nes.components.CPU6502 - 55,37,???,???,???,1,6,IMP
16:44:06.689 [Test worker] INFO  net.lomibao.nes.components.CPU6502 - 56,38,SEC,Implied,Set Carry Flag,1,2,IMP
16:44:06.689 [Test worker] INFO  net.lomibao.nes.components.CPU6502 - 57,39,AND,Absolute;Y,Logical AND,3,4,ABY
16:44:06.689 [Test worker] INFO  net.lomibao.nes.components.CPU6502 - 58,3A,???,???,???,1,2,IMP
16:44:06.689 [Test worker] INFO  net.lomibao.nes.components.CPU6502 - 59,3B,???,???,???,1,7,IMP
16:44:06.689 [Test worker] INFO  net.lomibao.nes.components.CPU6502 - 60,3C,???,???,???,1,4,IMP
16:44:06.689 [Test worker] INFO  net.lomibao.nes.components.CPU6502 - 61,3D,AND,Absolute;X,Logical AND,3,4,ABX
16:44:06.689 [Test worker] INFO  net.lomibao.nes.components.CPU6502 - 62,3E,ROL,Absolute;X,Rotate Left,3,7,ABX
16:44:06.689 [Test worker] INFO  net.lomibao.nes.components.CPU6502 - 63,3F,???,???,???,1,7,IMP
16:44:06.689 [Test worker] INFO  net.lomibao.nes.components.CPU6502 - 64,40,RTI,Implied,Return from Interrupt,1,6,IMP
16:44:06.689 [Test worker] INFO  net.lomibao.nes.components.CPU6502 - 65,41,EOR,(Indirect;X),Exclusive OR,2,6,IZX
16:44:06.689 [Test worker] INFO  net.lomibao.nes.components.CPU6502 - 66,42,???,???,???,1,2,IMP
16:44:06.689 [Test worker] INFO  net.lomibao.nes.components.CPU6502 - 67,43,???,???,???,1,8,IMP
16:44:06.689 [Test worker] INFO  net.lomibao.nes.components.CPU6502 - 68,44,???,???,???,1,3,IMP
16:44:06.689 [Test worker] INFO  net.lomibao.nes.components.CPU6502 - 69,45,EOR,ZeroPage,Exclusive OR,2,3,ZP0
16:44:06.689 [Test worker] INFO  net.lomibao.nes.components.CPU6502 - 70,46,LSR,ZeroPage,Logical Shift Right,2,5,ZP0
16:44:06.689 [Test worker] INFO  net.lomibao.nes.components.CPU6502 - 71,47,???,???,???,1,5,IMP
16:44:06.689 [Test worker] INFO  net.lomibao.nes.components.CPU6502 - 72,48,PHA,Implied,Push Accumulator,1,3,IMP
16:44:06.689 [Test worker] INFO  net.lomibao.nes.components.CPU6502 - 73,49,EOR,Immediate,Exclusive OR,2,2,IMM
16:44:06.689 [Test worker] INFO  net.lomibao.nes.components.CPU6502 - 74,4A,LSR,Accumulator,Logical Shift Right,1,2,IMP
16:44:06.689 [Test worker] INFO  net.lomibao.nes.components.CPU6502 - 75,4B,???,???,???,1,2,IMP
16:44:06.689 [Test worker] INFO  net.lomibao.nes.components.CPU6502 - 76,4C,JMP,Absolute,Jump,3,3,ABS
16:44:06.689 [Test worker] INFO  net.lomibao.nes.components.CPU6502 - 77,4D,EOR,Absolute,Exclusive OR,3,4,ABS
16:44:06.689 [Test worker] INFO  net.lomibao.nes.components.CPU6502 - 78,4E,LSR,Absolute,Logical Shift Right,3,6,ABS
16:44:06.691 [Test worker] INFO  net.lomibao.nes.components.CPU6502 - 79,4F,???,???,???,1,6,IMP
16:44:06.691 [Test worker] INFO  net.lomibao.nes.components.CPU6502 - 80,50,BVC,Relative,Branch if Overflow Clear,2,2,REL
16:44:06.691 [Test worker] INFO  net.lomibao.nes.components.CPU6502 - 81,51,EOR,(Indirect);Y,Exclusive OR,2,5,IZY
16:44:06.691 [Test worker] INFO  net.lomibao.nes.components.CPU6502 - 82,52,???,???,???,1,2,IMP
16:44:06.691 [Test worker] INFO  net.lomibao.nes.components.CPU6502 - 83,53,???,???,???,1,8,IMP
16:44:06.691 [Test worker] INFO  net.lomibao.nes.components.CPU6502 - 84,54,???,???,???,1,4,IMP
16:44:06.691 [Test worker] INFO  net.lomibao.nes.components.CPU6502 - 85,55,EOR,ZeroPage;X,Exclusive OR,2,4,ZPX
16:44:06.691 [Test worker] INFO  net.lomibao.nes.components.CPU6502 - 86,56,LSR,ZeroPage;X,Logical Shift Right,2,6,ZPX
16:44:06.691 [Test worker] INFO  net.lomibao.nes.components.CPU6502 - 87,57,???,???,???,1,6,IMP
16:44:06.691 [Test worker] INFO  net.lomibao.nes.components.CPU6502 - 88,58,CLI,Implied,Clear Interrupt Disable,1,2,IMP
16:44:06.691 [Test worker] INFO  net.lomibao.nes.components.CPU6502 - 89,59,EOR,Absolute;Y,Exclusive OR,3,4,ABY
16:44:06.691 [Test worker] INFO  net.lomibao.nes.components.CPU6502 - 90,5A,???,???,???,1,2,IMP
16:44:06.691 [Test worker] INFO  net.lomibao.nes.components.CPU6502 - 91,5B,???,???,???,1,7,IMP
16:44:06.691 [Test worker] INFO  net.lomibao.nes.components.CPU6502 - 92,5C,???,???,???,1,4,IMP
16:44:06.691 [Test worker] INFO  net.lomibao.nes.components.CPU6502 - 93,5D,EOR,Absolute;X,Exclusive OR,3,4,ABX
16:44:06.691 [Test worker] INFO  net.lomibao.nes.components.CPU6502 - 94,5E,LSR,Absolute;X,Logical Shift Right,3,7,ABX
16:44:06.691 [Test worker] INFO  net.lomibao.nes.components.CPU6502 - 95,5F,???,???,???,1,7,IMP
16:44:06.691 [Test worker] INFO  net.lomibao.nes.components.CPU6502 - 96,60,RTS,Implied,Return from Subroutine,1,6,IMP
16:44:06.691 [Test worker] INFO  net.lomibao.nes.components.CPU6502 - 97,61,ADC,(Indirect;X),Add with Carry,2,6,IZX
16:44:06.692 [Test worker] INFO  net.lomibao.nes.components.CPU6502 - 98,62,???,???,???,1,2,IMP
16:44:06.692 [Test worker] INFO  net.lomibao.nes.components.CPU6502 - 99,63,???,???,???,1,8,IMP
16:44:06.692 [Test worker] INFO  net.lomibao.nes.components.CPU6502 - 100,64,???,???,???,1,3,IMP
16:44:06.692 [Test worker] INFO  net.lomibao.nes.components.CPU6502 - 101,65,ADC,ZeroPage,Add with Carry,2,3,ZP0
16:44:06.692 [Test worker] INFO  net.lomibao.nes.components.CPU6502 - 102,66,ROR,ZeroPage,Rotate Right,2,5,ZP0
16:44:06.692 [Test worker] INFO  net.lomibao.nes.components.CPU6502 - 103,67,???,???,???,1,5,IMP
16:44:06.692 [Test worker] INFO  net.lomibao.nes.components.CPU6502 - 104,68,PLA,Implied,Pull Accumulator,1,4,IMP
16:44:06.692 [Test worker] INFO  net.lomibao.nes.components.CPU6502 - 105,69,ADC,Immediate,Add with Carry,2,2,IMM
16:44:06.692 [Test worker] INFO  net.lomibao.nes.components.CPU6502 - 106,6A,ROR,Accumulator,Rotate Right,1,2,IMP
16:44:06.692 [Test worker] INFO  net.lomibao.nes.components.CPU6502 - 107,6B,???,???,???,1,2,IMP
16:44:06.692 [Test worker] INFO  net.lomibao.nes.components.CPU6502 - 108,6C,JMP,Indirect ,Jump,3,5,IND
16:44:06.692 [Test worker] INFO  net.lomibao.nes.components.CPU6502 - 109,6D,ADC,Absolute,Add with Carry,3,4,ABS
16:44:06.692 [Test worker] INFO  net.lomibao.nes.components.CPU6502 - 110,6E,ROR,Absolute,Rotate Right,3,6,ABS
16:44:06.692 [Test worker] INFO  net.lomibao.nes.components.CPU6502 - 111,6F,???,???,???,1,6,IMP
16:44:06.692 [Test worker] INFO  net.lomibao.nes.components.CPU6502 - 112,70,BVS,Relative,Branch if Overflow Set,2,2,REL
16:44:06.692 [Test worker] INFO  net.lomibao.nes.components.CPU6502 - 113,71,ADC,(Indirect);Y,Add with Carry,2,5,IZY
16:44:06.692 [Test worker] INFO  net.lomibao.nes.components.CPU6502 - 114,72,???,???,???,1,2,IMP
16:44:06.692 [Test worker] INFO  net.lomibao.nes.components.CPU6502 - 115,73,???,???,???,1,8,IMP
16:44:06.692 [Test worker] INFO  net.lomibao.nes.components.CPU6502 - 116,74,???,???,???,1,4,IMP
16:44:06.693 [Test worker] INFO  net.lomibao.nes.components.CPU6502 - 117,75,ADC,ZeroPage;X,Add with Carry,2,4,ZPX
16:44:06.693 [Test worker] INFO  net.lomibao.nes.components.CPU6502 - 118,76,ROR,ZeroPage;X,Rotate Right,2,6,ZPX
16:44:06.693 [Test worker] INFO  net.lomibao.nes.components.CPU6502 - 119,77,???,???,???,1,6,IMP
16:44:06.693 [Test worker] INFO  net.lomibao.nes.components.CPU6502 - 120,78,SEI,Implied,Set Interrupt Disable,1,2,IMP
16:44:06.693 [Test worker] INFO  net.lomibao.nes.components.CPU6502 - 121,79,ADC,Absolute;Y,Add with Carry,3,4,ABY
16:44:06.693 [Test worker] INFO  net.lomibao.nes.components.CPU6502 - 122,7A,???,???,???,1,2,IMP
16:44:06.694 [Test worker] INFO  net.lomibao.nes.components.CPU6502 - 123,7B,???,???,???,1,7,IMP
16:44:06.694 [Test worker] INFO  net.lomibao.nes.components.CPU6502 - 124,7C,???,???,???,1,4,IMP
16:44:06.694 [Test worker] INFO  net.lomibao.nes.components.CPU6502 - 125,7D,ADC,Absolute;X,Add with Carry,3,4,ABX
16:44:06.694 [Test worker] INFO  net.lomibao.nes.components.CPU6502 - 126,7E,ROR,Absolute;X,Rotate Right,3,7,ABX
16:44:06.694 [Test worker] INFO  net.lomibao.nes.components.CPU6502 - 127,7F,???,???,???,1,7,IMP
16:44:06.694 [Test worker] INFO  net.lomibao.nes.components.CPU6502 - 128,80,???,???,???,1,2,IMP
16:44:06.694 [Test worker] INFO  net.lomibao.nes.components.CPU6502 - 129,81,STA,(Indirect;X),Store Accumulator,2,6,IZX
16:44:06.694 [Test worker] INFO  net.lomibao.nes.components.CPU6502 - 130,82,???,???,???,1,2,IMP
16:44:06.694 [Test worker] INFO  net.lomibao.nes.components.CPU6502 - 131,83,???,???,???,1,6,IMP
16:44:06.694 [Test worker] INFO  net.lomibao.nes.components.CPU6502 - 132,84,STY,ZeroPage,Store Y Register,2,3,ZP0
16:44:06.694 [Test worker] INFO  net.lomibao.nes.components.CPU6502 - 133,85,STA,ZeroPage,Store Accumulator,2,3,ZP0
16:44:06.694 [Test worker] INFO  net.lomibao.nes.components.CPU6502 - 134,86,STX,ZeroPage,Store X Register,2,3,ZP0
16:44:06.694 [Test worker] INFO  net.lomibao.nes.components.CPU6502 - 135,87,???,???,???,1,3,IMP
16:44:06.694 [Test worker] INFO  net.lomibao.nes.components.CPU6502 - 136,88,DEY,Implied,Decrement Y Register,1,2,IMP
16:44:06.694 [Test worker] INFO  net.lomibao.nes.components.CPU6502 - 137,89,???,???,???,1,2,IMP
16:44:06.695 [Test worker] INFO  net.lomibao.nes.components.CPU6502 - 138,8A,TXA,Implied,Transfer X to Accumulator,1,2,IMP
16:44:06.695 [Test worker] INFO  net.lomibao.nes.components.CPU6502 - 139,8B,???,???,???,1,2,IMP
16:44:06.695 [Test worker] INFO  net.lomibao.nes.components.CPU6502 - 140,8C,STY,Absolute,Store Y Register,3,4,ABS
16:44:06.695 [Test worker] INFO  net.lomibao.nes.components.CPU6502 - 141,8D,STA,Absolute,Store Accumulator,3,4,ABS
16:44:06.695 [Test worker] INFO  net.lomibao.nes.components.CPU6502 - 142,8E,STX,Absolute,Store X Register,3,4,ABS
16:44:06.695 [Test worker] INFO  net.lomibao.nes.components.CPU6502 - 143,8F,???,???,???,1,4,IMP
16:44:06.695 [Test worker] INFO  net.lomibao.nes.components.CPU6502 - 144,90,BCC,Relative,Branch if Carry Clear,2,2,REL
16:44:06.695 [Test worker] INFO  net.lomibao.nes.components.CPU6502 - 145,91,STA,(Indirect);Y,Store Accumulator,2,6,IZY
16:44:06.695 [Test worker] INFO  net.lomibao.nes.components.CPU6502 - 146,92,???,???,???,1,2,IMP
16:44:06.695 [Test worker] INFO  net.lomibao.nes.components.CPU6502 - 147,93,???,???,???,1,6,IMP
16:44:06.695 [Test worker] INFO  net.lomibao.nes.components.CPU6502 - 148,94,STY,ZeroPage;X,Store Y Register,2,4,ZPX
16:44:06.695 [Test worker] INFO  net.lomibao.nes.components.CPU6502 - 149,95,STA,ZeroPage;X,Store Accumulator,2,4,ZPX
16:44:06.695 [Test worker] INFO  net.lomibao.nes.components.CPU6502 - 150,96,STX,ZeroPage;Y,Store X Register,2,4,ZPY
16:44:06.696 [Test worker] INFO  net.lomibao.nes.components.CPU6502 - 151,97,???,???,???,1,4,IMP
16:44:06.696 [Test worker] INFO  net.lomibao.nes.components.CPU6502 - 152,98,TYA,Implied,Transfer Y to Accumulator,1,2,IMP
16:44:06.696 [Test worker] INFO  net.lomibao.nes.components.CPU6502 - 153,99,STA,Absolute;Y,Store Accumulator,3,5,ABY
16:44:06.696 [Test worker] INFO  net.lomibao.nes.components.CPU6502 - 154,9A,TXS,Implied,Transfer X to Stack Pointer,1,2,IMP
16:44:06.696 [Test worker] INFO  net.lomibao.nes.components.CPU6502 - 155,9B,???,???,???,1,5,IMP
16:44:06.696 [Test worker] INFO  net.lomibao.nes.components.CPU6502 - 156,9C,???,???,???,1,5,IMP
16:44:06.696 [Test worker] INFO  net.lomibao.nes.components.CPU6502 - 157,9D,STA,Absolute;X,Store Accumulator,3,5,ABX
16:44:06.696 [Test worker] INFO  net.lomibao.nes.components.CPU6502 - 158,9E,???,???,???,1,5,IMP
16:44:06.696 [Test worker] INFO  net.lomibao.nes.components.CPU6502 - 159,9F,???,???,???,1,5,IMP
16:44:06.696 [Test worker] INFO  net.lomibao.nes.components.CPU6502 - 160,A0,LDY,Immediate,Load Y Register,2,2,IMM
16:44:06.696 [Test worker] INFO  net.lomibao.nes.components.CPU6502 - 161,A1,LDA,(Indirect;X),Load Accumulator,2,6,IZX
16:44:06.696 [Test worker] INFO  net.lomibao.nes.components.CPU6502 - 162,A2,LDX,Immediate,Load X Register,2,2,IMM
16:44:06.696 [Test worker] INFO  net.lomibao.nes.components.CPU6502 - 163,A3,???,???,???,1,6,IMP
16:44:06.696 [Test worker] INFO  net.lomibao.nes.components.CPU6502 - 164,A4,LDY,ZeroPage,Load Y Register,2,3,ZP0
16:44:06.696 [Test worker] INFO  net.lomibao.nes.components.CPU6502 - 165,A5,LDA,ZeroPage,Load Accumulator,2,3,ZP0
16:44:06.696 [Test worker] INFO  net.lomibao.nes.components.CPU6502 - 166,A6,LDX,ZeroPage,Load X Register,2,3,ZP0
16:44:06.696 [Test worker] INFO  net.lomibao.nes.components.CPU6502 - 167,A7,???,???,???,1,3,IMP
16:44:06.696 [Test worker] INFO  net.lomibao.nes.components.CPU6502 - 168,A8,TAY,Implied,Transfer Accumulator to Y,1,2,IMP
16:44:06.696 [Test worker] INFO  net.lomibao.nes.components.CPU6502 - 169,A9,LDA,Immediate,Load Accumulator,2,2,IMM
16:44:06.697 [Test worker] INFO  net.lomibao.nes.components.CPU6502 - 170,AA,TAX,Implied,Transfer Accumulator to X,1,2,IMP
16:44:06.697 [Test worker] INFO  net.lomibao.nes.components.CPU6502 - 171,AB,???,???,???,1,2,IMP
16:44:06.697 [Test worker] INFO  net.lomibao.nes.components.CPU6502 - 172,AC,LDY,Absolute,Load Y Register,3,4,ABS
16:44:06.697 [Test worker] INFO  net.lomibao.nes.components.CPU6502 - 173,AD,LDA,Absolute,Load Accumulator,3,4,ABS
16:44:06.697 [Test worker] INFO  net.lomibao.nes.components.CPU6502 - 174,AE,LDX,Absolute,Load X Register,3,4,ABS
16:44:06.697 [Test worker] INFO  net.lomibao.nes.components.CPU6502 - 175,AF,???,???,???,1,4,IMP
16:44:06.697 [Test worker] INFO  net.lomibao.nes.components.CPU6502 - 176,B0,BCS,Relative,Branch if Carry Set,2,2,REL
16:44:06.697 [Test worker] INFO  net.lomibao.nes.components.CPU6502 - 177,B1,LDA,(Indirect);Y,Load Accumulator,2,5,IZY
16:44:06.697 [Test worker] INFO  net.lomibao.nes.components.CPU6502 - 178,B2,???,???,???,1,2,IMP
16:44:06.697 [Test worker] INFO  net.lomibao.nes.components.CPU6502 - 179,B3,???,???,???,1,5,IMP
16:44:06.697 [Test worker] INFO  net.lomibao.nes.components.CPU6502 - 180,B4,LDY,ZeroPage;X,Load Y Register,2,4,ZPX
16:44:06.697 [Test worker] INFO  net.lomibao.nes.components.CPU6502 - 181,B5,LDA,ZeroPage;X,Load Accumulator,2,4,ZPX
16:44:06.697 [Test worker] INFO  net.lomibao.nes.components.CPU6502 - 182,B6,LDX,ZeroPage;Y,Load X Register,2,4,ZPY
16:44:06.697 [Test worker] INFO  net.lomibao.nes.components.CPU6502 - 183,B7,???,???,???,1,4,IMP
16:44:06.697 [Test worker] INFO  net.lomibao.nes.components.CPU6502 - 184,B8,CLV,Implied,Clear Overflow Flag,1,2,IMP
16:44:06.697 [Test worker] INFO  net.lomibao.nes.components.CPU6502 - 185,B9,LDA,Absolute;Y,Load Accumulator,3,4,ABY
16:44:06.697 [Test worker] INFO  net.lomibao.nes.components.CPU6502 - 186,BA,TSX,Implied,Transfer Stack Pointer to X,1,2,IMP
16:44:06.697 [Test worker] INFO  net.lomibao.nes.components.CPU6502 - 187,BB,???,???,???,1,4,IMP
16:44:06.697 [Test worker] INFO  net.lomibao.nes.components.CPU6502 - 188,BC,LDY,Absolute;X,Load Y Register,3,4,ABX
16:44:06.697 [Test worker] INFO  net.lomibao.nes.components.CPU6502 - 189,BD,LDA,Absolute;X,Load Accumulator,3,4,ABX
16:44:06.697 [Test worker] INFO  net.lomibao.nes.components.CPU6502 - 190,BE,LDX,Absolute;Y,Load X Register,3,4,ABY
16:44:06.697 [Test worker] INFO  net.lomibao.nes.components.CPU6502 - 191,BF,???,???,???,1,4,IMP
16:44:06.697 [Test worker] INFO  net.lomibao.nes.components.CPU6502 - 192,C0,CPY,Immediate,Compare Y Register,2,2,IMM
16:44:06.698 [Test worker] INFO  net.lomibao.nes.components.CPU6502 - 193,C1,CMP,(Indirect;X),Compare,2,6,IZX
16:44:06.698 [Test worker] INFO  net.lomibao.nes.components.CPU6502 - 194,C2,???,???,???,1,2,IMP
16:44:06.698 [Test worker] INFO  net.lomibao.nes.components.CPU6502 - 195,C3,???,???,???,1,8,IMP
16:44:06.698 [Test worker] INFO  net.lomibao.nes.components.CPU6502 - 196,C4,CPY,ZeroPage,Compare Y Register,2,3,ZP0
16:44:06.698 [Test worker] INFO  net.lomibao.nes.components.CPU6502 - 197,C5,CMP,ZeroPage,Compare,2,3,ZP0
16:44:06.698 [Test worker] INFO  net.lomibao.nes.components.CPU6502 - 198,C6,DEC,ZeroPage,Decrement Memory,2,5,ZP0
16:44:06.698 [Test worker] INFO  net.lomibao.nes.components.CPU6502 - 199,C7,???,???,???,1,5,IMP
16:44:06.698 [Test worker] INFO  net.lomibao.nes.components.CPU6502 - 200,C8,INY,Implied,Increment Y Register,1,2,IMP
16:44:06.698 [Test worker] INFO  net.lomibao.nes.components.CPU6502 - 201,C9,CMP,Immediate,Compare,2,2,IMM
16:44:06.698 [Test worker] INFO  net.lomibao.nes.components.CPU6502 - 202,CA,DEX,Implied,Decrement X Register,1,2,IMP
16:44:06.698 [Test worker] INFO  net.lomibao.nes.components.CPU6502 - 203,CB,???,???,???,1,2,IMP
16:44:06.698 [Test worker] INFO  net.lomibao.nes.components.CPU6502 - 204,CC,CPY,Absolute,Compare Y Register,3,4,ABS
16:44:06.698 [Test worker] INFO  net.lomibao.nes.components.CPU6502 - 205,CD,CMP,Absolute,Compare,3,4,ABS
16:44:06.698 [Test worker] INFO  net.lomibao.nes.components.CPU6502 - 206,CE,DEC,Absolute,Decrement Memory,3,6,ABS
16:44:06.698 [Test worker] INFO  net.lomibao.nes.components.CPU6502 - 207,CF,???,???,???,1,6,IMP
16:44:06.698 [Test worker] INFO  net.lomibao.nes.components.CPU6502 - 208,D0,BNE,Relative,Branch if Not Equal,2,2,REL
16:44:06.698 [Test worker] INFO  net.lomibao.nes.components.CPU6502 - 209,D1,CMP,(Indirect);Y,Compare,2,5,IZY
16:44:06.698 [Test worker] INFO  net.lomibao.nes.components.CPU6502 - 210,D2,???,???,???,1,2,IMP
16:44:06.699 [Test worker] INFO  net.lomibao.nes.components.CPU6502 - 211,D3,???,???,???,1,8,IMP
16:44:06.699 [Test worker] INFO  net.lomibao.nes.components.CPU6502 - 212,D4,???,???,???,1,4,IMP
16:44:06.699 [Test worker] INFO  net.lomibao.nes.components.CPU6502 - 213,D5,CMP,ZeroPage;X,Compare,2,4,ZPX
16:44:06.699 [Test worker] INFO  net.lomibao.nes.components.CPU6502 - 214,D6,DEC,ZeroPage;X,Decrement Memory,2,6,ZPX
16:44:06.699 [Test worker] INFO  net.lomibao.nes.components.CPU6502 - 215,D7,???,???,???,1,6,IMP
16:44:06.699 [Test worker] INFO  net.lomibao.nes.components.CPU6502 - 216,D8,CLD,Implied,Clear Decimal Mode,1,2,IMP
16:44:06.699 [Test worker] INFO  net.lomibao.nes.components.CPU6502 - 217,D9,CMP,Absolute;Y,Compare,3,4,ABY
16:44:06.699 [Test worker] INFO  net.lomibao.nes.components.CPU6502 - 218,DA,NOP,???,???,1,2,IMP
16:44:06.699 [Test worker] INFO  net.lomibao.nes.components.CPU6502 - 219,DB,???,???,???,1,7,IMP
16:44:06.699 [Test worker] INFO  net.lomibao.nes.components.CPU6502 - 220,DC,???,???,???,1,4,IMP
16:44:06.699 [Test worker] INFO  net.lomibao.nes.components.CPU6502 - 221,DD,CMP,Absolute;X,Compare,3,4,ABX
16:44:06.699 [Test worker] INFO  net.lomibao.nes.components.CPU6502 - 222,DE,DEC,Absolute;X,Decrement Memory,3,7,ABX
16:44:06.699 [Test worker] INFO  net.lomibao.nes.components.CPU6502 - 223,DF,???,???,???,1,7,IMP
16:44:06.699 [Test worker] INFO  net.lomibao.nes.components.CPU6502 - 224,E0,CPX,Immediate,Compare X Register,2,2,IMM
16:44:06.699 [Test worker] INFO  net.lomibao.nes.components.CPU6502 - 225,E1,SBC,(Indirect;X),Subtract with Carry,2,6,IZX
16:44:06.699 [Test worker] INFO  net.lomibao.nes.components.CPU6502 - 226,E2,???,???,???,1,2,IMP
16:44:06.699 [Test worker] INFO  net.lomibao.nes.components.CPU6502 - 227,E3,???,???,???,1,8,IMP
16:44:06.699 [Test worker] INFO  net.lomibao.nes.components.CPU6502 - 228,E4,CPX,ZeroPage,Compare X Register,2,3,ZP0
16:44:06.699 [Test worker] INFO  net.lomibao.nes.components.CPU6502 - 229,E5,SBC,ZeroPage,Subtract with Carry,2,3,ZP0
16:44:06.699 [Test worker] INFO  net.lomibao.nes.components.CPU6502 - 230,E6,INC,ZeroPage,Increment Memory,2,5,ZP0
16:44:06.699 [Test worker] INFO  net.lomibao.nes.components.CPU6502 - 231,E7,???,???,???,1,5,IMP
16:44:06.699 [Test worker] INFO  net.lomibao.nes.components.CPU6502 - 232,E8,INX,Implied,Increment X Register,1,2,IMP
16:44:06.699 [Test worker] INFO  net.lomibao.nes.components.CPU6502 - 233,E9,SBC,Immediate,Subtract with Carry,2,2,IMM
16:44:06.699 [Test worker] INFO  net.lomibao.nes.components.CPU6502 - 234,EA,NOP,Implied,No Operation,1,2,IMP
16:44:06.701 [Test worker] INFO  net.lomibao.nes.components.CPU6502 - 235,EB,???,???,???,1,2,IMP
16:44:06.701 [Test worker] INFO  net.lomibao.nes.components.CPU6502 - 236,EC,CPX,Absolute,Compare X Register,3,4,ABS
16:44:06.701 [Test worker] INFO  net.lomibao.nes.components.CPU6502 - 237,ED,SBC,Absolute,Subtract with Carry,3,4,ABS
16:44:06.701 [Test worker] INFO  net.lomibao.nes.components.CPU6502 - 238,EE,INC,Absolute,Increment Memory,3,6,ABS
16:44:06.701 [Test worker] INFO  net.lomibao.nes.components.CPU6502 - 239,EF,???,???,???,1,6,IMP
16:44:06.701 [Test worker] INFO  net.lomibao.nes.components.CPU6502 - 240,F0,BEQ,Relative,Branch if Equal,2,2,REL
16:44:06.701 [Test worker] INFO  net.lomibao.nes.components.CPU6502 - 241,F1,SBC,(Indirect);Y,Subtract with Carry,2,5,IZY
16:44:06.701 [Test worker] INFO  net.lomibao.nes.components.CPU6502 - 242,F2,???,???,???,1,2,IMP
16:44:06.701 [Test worker] INFO  net.lomibao.nes.components.CPU6502 - 243,F3,???,???,???,1,8,IMP
16:44:06.701 [Test worker] INFO  net.lomibao.nes.components.CPU6502 - 244,F4,???,???,???,1,4,IMP
16:44:06.701 [Test worker] INFO  net.lomibao.nes.components.CPU6502 - 245,F5,SBC,ZeroPage;X,Subtract with Carry,2,4,ZPX
16:44:06.701 [Test worker] INFO  net.lomibao.nes.components.CPU6502 - 246,F6,INC,ZeroPage;X,Increment Memory,2,6,ZPX
16:44:06.702 [Test worker] INFO  net.lomibao.nes.components.CPU6502 - 247,F7,???,???,???,1,6,IMP
16:44:06.702 [Test worker] INFO  net.lomibao.nes.components.CPU6502 - 248,F8,SED,Implied,Set Decimal Flag,1,2,IMP
16:44:06.702 [Test worker] INFO  net.lomibao.nes.components.CPU6502 - 249,F9,SBC,Absolute;Y,Subtract with Carry,3,4,ABY
16:44:06.702 [Test worker] INFO  net.lomibao.nes.components.CPU6502 - 250,FA,NOP,???,???,1,2,IMP
16:44:06.702 [Test worker] INFO  net.lomibao.nes.components.CPU6502 - 251,FB,???,???,???,1,7,IMP
16:44:06.702 [Test worker] INFO  net.lomibao.nes.components.CPU6502 - 252,FC,???,???,???,1,4,IMP
16:44:06.702 [Test worker] INFO  net.lomibao.nes.components.CPU6502 - 253,FD,SBC,Absolute;X,Subtract with Carry,3,4,ABX
16:44:06.702 [Test worker] INFO  net.lomibao.nes.components.CPU6502 - 254,FE,INC,Absolute;X,Increment Memory,3,7,ABX
16:44:06.703 [Test worker] INFO  net.lomibao.nes.components.CPU6502 - 255,FF,???,???,???,1,7,IMP
16:44:06.713 [Test worker] INFO  net.lomibao.nes.components.CPU6502 - 0,00,BRK,Implied,Force Interrupt,1,7,IMM
16:44:06.713 [Test worker] INFO  net.lomibao.nes.components.CPU6502 - 1,01,ORA,(Indirect;X),Logical Inclusive OR,2,6,IZX
16:44:06.713 [Test worker] INFO  net.lomibao.nes.components.CPU6502 - 2,02,???,???,???,1,2,IMP
16:44:06.713 [Test worker] INFO  net.lomibao.nes.components.CPU6502 - 3,03,???,???,???,1,8,IMP
16:44:06.713 [Test worker] INFO  net.lomibao.nes.components.CPU6502 - 4,04,???,???,???,1,3,IMP
16:44:06.713 [Test worker] INFO  net.lomibao.nes.components.CPU6502 - 5,05,ORA,ZeroPage,Logical Inclusive OR,2,3,ZP0
16:44:06.713 [Test worker] INFO  net.lomibao.nes.components.CPU6502 - 6,06,ASL,ZeroPage,Arithmetic Shift Left,2,5,ZP0
16:44:06.713 [Test worker] INFO  net.lomibao.nes.components.CPU6502 - 7,07,???,???,???,1,5,IMP
16:44:06.713 [Test worker] INFO  net.lomibao.nes.components.CPU6502 - 8,08,PHP,Implied,Push Processor Status,1,3,IMP
16:44:06.713 [Test worker] INFO  net.lomibao.nes.components.CPU6502 - 9,09,ORA,Immediate,Logical Inclusive OR,2,2,IMM
16:44:06.713 [Test worker] INFO  net.lomibao.nes.components.CPU6502 - 10,0A,ASL,Accumulator,Arithmetic Shift Left,1,2,IMP
16:44:06.713 [Test worker] INFO  net.lomibao.nes.components.CPU6502 - 11,0B,???,???,???,1,2,IMP
16:44:06.713 [Test worker] INFO  net.lomibao.nes.components.CPU6502 - 12,0C,???,???,???,1,4,IMP
16:44:06.713 [Test worker] INFO  net.lomibao.nes.components.CPU6502 - 13,0D,ORA,Absolute,Logical Inclusive OR,3,4,ABS
16:44:06.713 [Test worker] INFO  net.lomibao.nes.components.CPU6502 - 14,0E,ASL,Absolute,Arithmetic Shift Left,3,6,ABS
16:44:06.713 [Test worker] INFO  net.lomibao.nes.components.CPU6502 - 15,0F,???,???,???,1,6,IMP
16:44:06.713 [Test worker] INFO  net.lomibao.nes.components.CPU6502 - 16,10,BPL,Relative,Branch if Positive,2,2,REL
16:44:06.713 [Test worker] INFO  net.lomibao.nes.components.CPU6502 - 17,11,ORA,(Indirect);Y,Logical Inclusive OR,2,5,IZY
16:44:06.713 [Test worker] INFO  net.lomibao.nes.components.CPU6502 - 18,12,???,???,???,1,2,IMP
16:44:06.713 [Test worker] INFO  net.lomibao.nes.components.CPU6502 - 19,13,???,???,???,1,8,IMP
16:44:06.713 [Test worker] INFO  net.lomibao.nes.components.CPU6502 - 20,14,???,???,???,1,4,IMP
16:44:06.713 [Test worker] INFO  net.lomibao.nes.components.CPU6502 - 21,15,ORA,ZeroPage;X,Logical Inclusive OR,2,4,ZPX
16:44:06.714 [Test worker] INFO  net.lomibao.nes.components.CPU6502 - 22,16,ASL,ZeroPage;X,Arithmetic Shift Left,2,6,ZPX
16:44:06.714 [Test worker] INFO  net.lomibao.nes.components.CPU6502 - 23,17,???,???,???,1,6,IMP
16:44:06.714 [Test worker] INFO  net.lomibao.nes.components.CPU6502 - 24,18,CLC,Implied,Clear Carry Flag,1,2,IMP
16:44:06.714 [Test worker] INFO  net.lomibao.nes.components.CPU6502 - 25,19,ORA,Absolute;Y,Logical Inclusive OR,3,4,ABY
16:44:06.714 [Test worker] INFO  net.lomibao.nes.components.CPU6502 - 26,1A,???,???,???,1,2,IMP
16:44:06.714 [Test worker] INFO  net.lomibao.nes.components.CPU6502 - 27,1B,???,???,???,1,7,IMP
16:44:06.714 [Test worker] INFO  net.lomibao.nes.components.CPU6502 - 28,1C,???,???,???,1,4,IMP
16:44:06.714 [Test worker] INFO  net.lomibao.nes.components.CPU6502 - 29,1D,ORA,Absolute;X,Logical Inclusive OR,3,4,ABX
16:44:06.714 [Test worker] INFO  net.lomibao.nes.components.CPU6502 - 30,1E,ASL,Absolute;X,Arithmetic Shift Left,3,7,ABX
16:44:06.714 [Test worker] INFO  net.lomibao.nes.components.CPU6502 - 31,1F,???,???,???,1,7,IMP
16:44:06.714 [Test worker] INFO  net.lomibao.nes.components.CPU6502 - 32,20,JSR,Absolute,Jump to Subroutine,3,6,ABS
16:44:06.714 [Test worker] INFO  net.lomibao.nes.components.CPU6502 - 33,21,AND,(Indirect;X),Logical AND,2,6,IZX
16:44:06.714 [Test worker] INFO  net.lomibao.nes.components.CPU6502 - 34,22,???,???,???,1,2,IMP
16:44:06.714 [Test worker] INFO  net.lomibao.nes.components.CPU6502 - 35,23,???,???,???,1,8,IMP
16:44:06.714 [Test worker] INFO  net.lomibao.nes.components.CPU6502 - 36,24,BIT,ZeroPage,Bit Test,2,3,ZP0
16:44:06.714 [Test worker] INFO  net.lomibao.nes.components.CPU6502 - 37,25,AND,ZeroPage,Logical AND,2,3,ZP0
16:44:06.714 [Test worker] INFO  net.lomibao.nes.components.CPU6502 - 38,26,ROL,ZeroPage,Rotate Left,2,5,ZP0
16:44:06.714 [Test worker] INFO  net.lomibao.nes.components.CPU6502 - 39,27,???,???,???,1,5,IMP
16:44:06.714 [Test worker] INFO  net.lomibao.nes.components.CPU6502 - 40,28,PLP,Implied,Pull Processor Status,1,4,IMP
16:44:06.714 [Test worker] INFO  net.lomibao.nes.components.CPU6502 - 41,29,AND,Immediate,Logical AND,2,2,IMM
16:44:06.714 [Test worker] INFO  net.lomibao.nes.components.CPU6502 - 42,2A,ROL,Accumulator,Rotate Left,1,2,IMP
16:44:06.714 [Test worker] INFO  net.lomibao.nes.components.CPU6502 - 43,2B,???,???,???,1,2,IMP
16:44:06.715 [Test worker] INFO  net.lomibao.nes.components.CPU6502 - 44,2C,BIT,Absolute,Bit Test,3,4,ABS
16:44:06.715 [Test worker] INFO  net.lomibao.nes.components.CPU6502 - 45,2D,AND,Absolute,Logical AND,3,4,ABS
16:44:06.715 [Test worker] INFO  net.lomibao.nes.components.CPU6502 - 46,2E,ROL,Absolute,Rotate Left,3,6,ABS
16:44:06.715 [Test worker] INFO  net.lomibao.nes.components.CPU6502 - 47,2F,???,???,???,1,6,IMP
16:44:06.715 [Test worker] INFO  net.lomibao.nes.components.CPU6502 - 48,30,BMI,Relative,Branch if Minus,2,2,REL
16:44:06.715 [Test worker] INFO  net.lomibao.nes.components.CPU6502 - 49,31,AND,(Indirect);Y,Logical AND,2,5,IZY
16:44:06.715 [Test worker] INFO  net.lomibao.nes.components.CPU6502 - 50,32,???,???,???,1,2,IMP
16:44:06.715 [Test worker] INFO  net.lomibao.nes.components.CPU6502 - 51,33,???,???,???,1,8,IMP
16:44:06.715 [Test worker] INFO  net.lomibao.nes.components.CPU6502 - 52,34,???,???,???,1,4,IMP
16:44:06.715 [Test worker] INFO  net.lomibao.nes.components.CPU6502 - 53,35,AND,ZeroPage;X,Logical AND,2,4,ZPX
16:44:06.715 [Test worker] INFO  net.lomibao.nes.components.CPU6502 - 54,36,ROL,ZeroPage;X,Rotate Left,2,6,ZPX
16:44:06.715 [Test worker] INFO  net.lomibao.nes.components.CPU6502 - 55,37,???,???,???,1,6,IMP
16:44:06.715 [Test worker] INFO  net.lomibao.nes.components.CPU6502 - 56,38,SEC,Implied,Set Carry Flag,1,2,IMP
16:44:06.715 [Test worker] INFO  net.lomibao.nes.components.CPU6502 - 57,39,AND,Absolute;Y,Logical AND,3,4,ABY
16:44:06.715 [Test worker] INFO  net.lomibao.nes.components.CPU6502 - 58,3A,???,???,???,1,2,IMP
16:44:06.715 [Test worker] INFO  net.lomibao.nes.components.CPU6502 - 59,3B,???,???,???,1,7,IMP
16:44:06.715 [Test worker] INFO  net.lomibao.nes.components.CPU6502 - 60,3C,???,???,???,1,4,IMP
16:44:06.715 [Test worker] INFO  net.lomibao.nes.components.CPU6502 - 61,3D,AND,Absolute;X,Logical AND,3,4,ABX
16:44:06.715 [Test worker] INFO  net.lomibao.nes.components.CPU6502 - 62,3E,ROL,Absolute;X,Rotate Left,3,7,ABX
16:44:06.715 [Test worker] INFO  net.lomibao.nes.components.CPU6502 - 63,3F,???,???,???,1,7,IMP
16:44:06.715 [Test worker] INFO  net.lomibao.nes.components.CPU6502 - 64,40,RTI,Implied,Return from Interrupt,1,6,IMP
16:44:06.715 [Test worker] INFO  net.lomibao.nes.components.CPU6502 - 65,41,EOR,(Indirect;X),Exclusive OR,2,6,IZX
16:44:06.715 [Test worker] INFO  net.lomibao.nes.components.CPU6502 - 66,42,???,???,???,1,2,IMP
16:44:06.715 [Test worker] INFO  net.lomibao.nes.components.CPU6502 - 67,43,???,???,???,1,8,IMP
16:44:06.716 [Test worker] INFO  net.lomibao.nes.components.CPU6502 - 68,44,???,???,???,1,3,IMP
16:44:06.716 [Test worker] INFO  net.lomibao.nes.components.CPU6502 - 69,45,EOR,ZeroPage,Exclusive OR,2,3,ZP0
16:44:06.716 [Test worker] INFO  net.lomibao.nes.components.CPU6502 - 70,46,LSR,ZeroPage,Logical Shift Right,2,5,ZP0
16:44:06.716 [Test worker] INFO  net.lomibao.nes.components.CPU6502 - 71,47,???,???,???,1,5,IMP
16:44:06.716 [Test worker] INFO  net.lomibao.nes.components.CPU6502 - 72,48,PHA,Implied,Push Accumulator,1,3,IMP
16:44:06.716 [Test worker] INFO  net.lomibao.nes.components.CPU6502 - 73,49,EOR,Immediate,Exclusive OR,2,2,IMM
16:44:06.716 [Test worker] INFO  net.lomibao.nes.components.CPU6502 - 74,4A,LSR,Accumulator,Logical Shift Right,1,2,IMP
16:44:06.716 [Test worker] INFO  net.lomibao.nes.components.CPU6502 - 75,4B,???,???,???,1,2,IMP
16:44:06.716 [Test worker] INFO  net.lomibao.nes.components.CPU6502 - 76,4C,JMP,Absolute,Jump,3,3,ABS
16:44:06.716 [Test worker] INFO  net.lomibao.nes.components.CPU6502 - 77,4D,EOR,Absolute,Exclusive OR,3,4,ABS
16:44:06.716 [Test worker] INFO  net.lomibao.nes.components.CPU6502 - 78,4E,LSR,Absolute,Logical Shift Right,3,6,ABS
16:44:06.716 [Test worker] INFO  net.lomibao.nes.components.CPU6502 - 79,4F,???,???,???,1,6,IMP
16:44:06.716 [Test worker] INFO  net.lomibao.nes.components.CPU6502 - 80,50,BVC,Relative,Branch if Overflow Clear,2,2,REL
16:44:06.716 [Test worker] INFO  net.lomibao.nes.components.CPU6502 - 81,51,EOR,(Indirect);Y,Exclusive OR,2,5,IZY
16:44:06.716 [Test worker] INFO  net.lomibao.nes.components.CPU6502 - 82,52,???,???,???,1,2,IMP
16:44:06.716 [Test worker] INFO  net.lomibao.nes.components.CPU6502 - 83,53,???,???,???,1,8,IMP
16:44:06.716 [Test worker] INFO  net.lomibao.nes.components.CPU6502 - 84,54,???,???,???,1,4,IMP
16:44:06.716 [Test worker] INFO  net.lomibao.nes.components.CPU6502 - 85,55,EOR,ZeroPage;X,Exclusive OR,2,4,ZPX
16:44:06.716 [Test worker] INFO  net.lomibao.nes.components.CPU6502 - 86,56,LSR,ZeroPage;X,Logical Shift Right,2,6,ZPX
16:44:06.716 [Test worker] INFO  net.lomibao.nes.components.CPU6502 - 87,57,???,???,???,1,6,IMP
16:44:06.716 [Test worker] INFO  net.lomibao.nes.components.CPU6502 - 88,58,CLI,Implied,Clear Interrupt Disable,1,2,IMP
16:44:06.716 [Test worker] INFO  net.lomibao.nes.components.CPU6502 - 89,59,EOR,Absolute;Y,Exclusive OR,3,4,ABY
16:44:06.716 [Test worker] INFO  net.lomibao.nes.components.CPU6502 - 90,5A,???,???,???,1,2,IMP
16:44:06.717 [Test worker] INFO  net.lomibao.nes.components.CPU6502 - 91,5B,???,???,???,1,7,IMP
16:44:06.717 [Test worker] INFO  net.lomibao.nes.components.CPU6502 - 92,5C,???,???,???,1,4,IMP
16:44:06.717 [Test worker] INFO  net.lomibao.nes.components.CPU6502 - 93,5D,EOR,Absolute;X,Exclusive OR,3,4,ABX
16:44:06.717 [Test worker] INFO  net.lomibao.nes.components.CPU6502 - 94,5E,LSR,Absolute;X,Logical Shift Right,3,7,ABX
16:44:06.717 [Test worker] INFO  net.lomibao.nes.components.CPU6502 - 95,5F,???,???,???,1,7,IMP
16:44:06.717 [Test worker] INFO  net.lomibao.nes.components.CPU6502 - 96,60,RTS,Implied,Return from Subroutine,1,6,IMP
16:44:06.717 [Test worker] INFO  net.lomibao.nes.components.CPU6502 - 97,61,ADC,(Indirect;X),Add with Carry,2,6,IZX
16:44:06.717 [Test worker] INFO  net.lomibao.nes.components.CPU6502 - 98,62,???,???,???,1,2,IMP
16:44:06.717 [Test worker] INFO  net.lomibao.nes.components.CPU6502 - 99,63,???,???,???,1,8,IMP
16:44:06.717 [Test worker] INFO  net.lomibao.nes.components.CPU6502 - 100,64,???,???,???,1,3,IMP
16:44:06.717 [Test worker] INFO  net.lomibao.nes.components.CPU6502 - 101,65,ADC,ZeroPage,Add with Carry,2,3,ZP0
16:44:06.717 [Test worker] INFO  net.lomibao.nes.components.CPU6502 - 102,66,ROR,ZeroPage,Rotate Right,2,5,ZP0
16:44:06.717 [Test worker] INFO  net.lomibao.nes.components.CPU6502 - 103,67,???,???,???,1,5,IMP
16:44:06.717 [Test worker] INFO  net.lomibao.nes.components.CPU6502 - 104,68,PLA,Implied,Pull Accumulator,1,4,IMP
16:44:06.717 [Test worker] INFO  net.lomibao.nes.components.CPU6502 - 105,69,ADC,Immediate,Add with Carry,2,2,IMM
16:44:06.717 [Test worker] INFO  net.lomibao.nes.components.CPU6502 - 106,6A,ROR,Accumulator,Rotate Right,1,2,IMP
16:44:06.717 [Test worker] INFO  net.lomibao.nes.components.CPU6502 - 107,6B,???,???,???,1,2,IMP
16:44:06.717 [Test worker] INFO  net.lomibao.nes.components.CPU6502 - 108,6C,JMP,Indirect ,Jump,3,5,IND
16:44:06.717 [Test worker] INFO  net.lomibao.nes.components.CPU6502 - 109,6D,ADC,Absolute,Add with Carry,3,4,ABS
16:44:06.717 [Test worker] INFO  net.lomibao.nes.components.CPU6502 - 110,6E,ROR,Absolute,Rotate Right,3,6,ABS
16:44:06.717 [Test worker] INFO  net.lomibao.nes.components.CPU6502 - 111,6F,???,???,???,1,6,IMP
16:44:06.717 [Test worker] INFO  net.lomibao.nes.components.CPU6502 - 112,70,BVS,Relative,Branch if Overflow Set,2,2,REL
16:44:06.717 [Test worker] INFO  net.lomibao.nes.components.CPU6502 - 113,71,ADC,(Indirect);Y,Add with Carry,2,5,IZY
16:44:06.717 [Test worker] INFO  net.lomibao.nes.components.CPU6502 - 114,72,???,???,???,1,2,IMP
16:44:06.717 [Test worker] INFO  net.lomibao.nes.components.CPU6502 - 115,73,???,???,???,1,8,IMP
16:44:06.717 [Test worker] INFO  net.lomibao.nes.components.CPU6502 - 116,74,???,???,???,1,4,IMP
16:44:06.717 [Test worker] INFO  net.lomibao.nes.components.CPU6502 - 117,75,ADC,ZeroPage;X,Add with Carry,2,4,ZPX
16:44:06.718 [Test worker] INFO  net.lomibao.nes.components.CPU6502 - 118,76,ROR,ZeroPage;X,Rotate Right,2,6,ZPX
16:44:06.718 [Test worker] INFO  net.lomibao.nes.components.CPU6502 - 119,77,???,???,???,1,6,IMP
16:44:06.718 [Test worker] INFO  net.lomibao.nes.components.CPU6502 - 120,78,SEI,Implied,Set Interrupt Disable,1,2,IMP
16:44:06.718 [Test worker] INFO  net.lomibao.nes.components.CPU6502 - 121,79,ADC,Absolute;Y,Add with Carry,3,4,ABY
16:44:06.718 [Test worker] INFO  net.lomibao.nes.components.CPU6502 - 122,7A,???,???,???,1,2,IMP
16:44:06.718 [Test worker] INFO  net.lomibao.nes.components.CPU6502 - 123,7B,???,???,???,1,7,IMP
16:44:06.718 [Test worker] INFO  net.lomibao.nes.components.CPU6502 - 124,7C,???,???,???,1,4,IMP
16:44:06.718 [Test worker] INFO  net.lomibao.nes.components.CPU6502 - 125,7D,ADC,Absolute;X,Add with Carry,3,4,ABX
16:44:06.718 [Test worker] INFO  net.lomibao.nes.components.CPU6502 - 126,7E,ROR,Absolute;X,Rotate Right,3,7,ABX
16:44:06.718 [Test worker] INFO  net.lomibao.nes.components.CPU6502 - 127,7F,???,???,???,1,7,IMP
16:44:06.719 [Test worker] INFO  net.lomibao.nes.components.CPU6502 - 128,80,???,???,???,1,2,IMP
16:44:06.719 [Test worker] INFO  net.lomibao.nes.components.CPU6502 - 129,81,STA,(Indirect;X),Store Accumulator,2,6,IZX
16:44:06.719 [Test worker] INFO  net.lomibao.nes.components.CPU6502 - 130,82,???,???,???,1,2,IMP
16:44:06.719 [Test worker] INFO  net.lomibao.nes.components.CPU6502 - 131,83,???,???,???,1,6,IMP
16:44:06.719 [Test worker] INFO  net.lomibao.nes.components.CPU6502 - 132,84,STY,ZeroPage,Store Y Register,2,3,ZP0
16:44:06.719 [Test worker] INFO  net.lomibao.nes.components.CPU6502 - 133,85,STA,ZeroPage,Store Accumulator,2,3,ZP0
16:44:06.719 [Test worker] INFO  net.lomibao.nes.components.CPU6502 - 134,86,STX,ZeroPage,Store X Register,2,3,ZP0
16:44:06.719 [Test worker] INFO  net.lomibao.nes.components.CPU6502 - 135,87,???,???,???,1,3,IMP
16:44:06.719 [Test worker] INFO  net.lomibao.nes.components.CPU6502 - 136,88,DEY,Implied,Decrement Y Register,1,2,IMP
16:44:06.719 [Test worker] INFO  net.lomibao.nes.components.CPU6502 - 137,89,???,???,???,1,2,IMP
16:44:06.719 [Test worker] INFO  net.lomibao.nes.components.CPU6502 - 138,8A,TXA,Implied,Transfer X to Accumulator,1,2,IMP
16:44:06.719 [Test worker] INFO  net.lomibao.nes.components.CPU6502 - 139,8B,???,???,???,1,2,IMP
16:44:06.719 [Test worker] INFO  net.lomibao.nes.components.CPU6502 - 140,8C,STY,Absolute,Store Y Register,3,4,ABS
16:44:06.719 [Test worker] INFO  net.lomibao.nes.components.CPU6502 - 141,8D,STA,Absolute,Store Accumulator,3,4,ABS
16:44:06.719 [Test worker] INFO  net.lomibao.nes.components.CPU6502 - 142,8E,STX,Absolute,Store X Register,3,4,ABS
16:44:06.719 [Test worker] INFO  net.lomibao.nes.components.CPU6502 - 143,8F,???,???,???,1,4,IMP
16:44:06.719 [Test worker] INFO  net.lomibao.nes.components.CPU6502 - 144,90,BCC,Relative,Branch if Carry Clear,2,2,REL
16:44:06.719 [Test worker] INFO  net.lomibao.nes.components.CPU6502 - 145,91,STA,(Indirect);Y,Store Accumulator,2,6,IZY
16:44:06.719 [Test worker] INFO  net.lomibao.nes.components.CPU6502 - 146,92,???,???,???,1,2,IMP
16:44:06.719 [Test worker] INFO  net.lomibao.nes.components.CPU6502 - 147,93,???,???,???,1,6,IMP
16:44:06.719 [Test worker] INFO  net.lomibao.nes.components.CPU6502 - 148,94,STY,ZeroPage;X,Store Y Register,2,4,ZPX
16:44:06.719 [Test worker] INFO  net.lomibao.nes.components.CPU6502 - 149,95,STA,ZeroPage;X,Store Accumulator,2,4,ZPX
16:44:06.719 [Test worker] INFO  net.lomibao.nes.components.CPU6502 - 150,96,STX,ZeroPage;Y,Store X Register,2,4,ZPY
16:44:06.719 [Test worker] INFO  net.lomibao.nes.components.CPU6502 - 151,97,???,???,???,1,4,IMP
16:44:06.719 [Test worker] INFO  net.lomibao.nes.components.CPU6502 - 152,98,TYA,Implied,Transfer Y to Accumulator,1,2,IMP
16:44:06.719 [Test worker] INFO  net.lomibao.nes.components.CPU6502 - 153,99,STA,Absolute;Y,Store Accumulator,3,5,ABY
16:44:06.719 [Test worker] INFO  net.lomibao.nes.components.CPU6502 - 154,9A,TXS,Implied,Transfer X to Stack Pointer,1,2,IMP
16:44:06.719 [Test worker] INFO  net.lomibao.nes.components.CPU6502 - 155,9B,???,???,???,1,5,IMP
16:44:06.719 [Test worker] INFO  net.lomibao.nes.components.CPU6502 - 156,9C,???,???,???,1,5,IMP
16:44:06.719 [Test worker] INFO  net.lomibao.nes.components.CPU6502 - 157,9D,STA,Absolute;X,Store Accumulator,3,5,ABX
16:44:06.721 [Test worker] INFO  net.lomibao.nes.components.CPU6502 - 158,9E,???,???,???,1,5,IMP
16:44:06.721 [Test worker] INFO  net.lomibao.nes.components.CPU6502 - 159,9F,???,???,???,1,5,IMP
16:44:06.721 [Test worker] INFO  net.lomibao.nes.components.CPU6502 - 160,A0,LDY,Immediate,Load Y Register,2,2,IMM
16:44:06.721 [Test worker] INFO  net.lomibao.nes.components.CPU6502 - 161,A1,LDA,(Indirect;X),Load Accumulator,2,6,IZX
16:44:06.721 [Test worker] INFO  net.lomibao.nes.components.CPU6502 - 162,A2,LDX,Immediate,Load X Register,2,2,IMM
16:44:06.721 [Test worker] INFO  net.lomibao.nes.components.CPU6502 - 163,A3,???,???,???,1,6,IMP
16:44:06.721 [Test worker] INFO  net.lomibao.nes.components.CPU6502 - 164,A4,LDY,ZeroPage,Load Y Register,2,3,ZP0
16:44:06.721 [Test worker] INFO  net.lomibao.nes.components.CPU6502 - 165,A5,LDA,ZeroPage,Load Accumulator,2,3,ZP0
16:44:06.721 [Test worker] INFO  net.lomibao.nes.components.CPU6502 - 166,A6,LDX,ZeroPage,Load X Register,2,3,ZP0
16:44:06.721 [Test worker] INFO  net.lomibao.nes.components.CPU6502 - 167,A7,???,???,???,1,3,IMP
16:44:06.721 [Test worker] INFO  net.lomibao.nes.components.CPU6502 - 168,A8,TAY,Implied,Transfer Accumulator to Y,1,2,IMP
16:44:06.721 [Test worker] INFO  net.lomibao.nes.components.CPU6502 - 169,A9,LDA,Immediate,Load Accumulator,2,2,IMM
16:44:06.721 [Test worker] INFO  net.lomibao.nes.components.CPU6502 - 170,AA,TAX,Implied,Transfer Accumulator to X,1,2,IMP
16:44:06.721 [Test worker] INFO  net.lomibao.nes.components.CPU6502 - 171,AB,???,???,???,1,2,IMP
16:44:06.721 [Test worker] INFO  net.lomibao.nes.components.CPU6502 - 172,AC,LDY,Absolute,Load Y Register,3,4,ABS
16:44:06.721 [Test worker] INFO  net.lomibao.nes.components.CPU6502 - 173,AD,LDA,Absolute,Load Accumulator,3,4,ABS
16:44:06.722 [Test worker] INFO  net.lomibao.nes.components.CPU6502 - 174,AE,LDX,Absolute,Load X Register,3,4,ABS
16:44:06.722 [Test worker] INFO  net.lomibao.nes.components.CPU6502 - 175,AF,???,???,???,1,4,IMP
16:44:06.722 [Test worker] INFO  net.lomibao.nes.components.CPU6502 - 176,B0,BCS,Relative,Branch if Carry Set,2,2,REL
16:44:06.722 [Test worker] INFO  net.lomibao.nes.components.CPU6502 - 177,B1,LDA,(Indirect);Y,Load Accumulator,2,5,IZY
16:44:06.722 [Test worker] INFO  net.lomibao.nes.components.CPU6502 - 178,B2,???,???,???,1,2,IMP
16:44:06.722 [Test worker] INFO  net.lomibao.nes.components.CPU6502 - 179,B3,???,???,???,1,5,IMP
16:44:06.722 [Test worker] INFO  net.lomibao.nes.components.CPU6502 - 180,B4,LDY,ZeroPage;X,Load Y Register,2,4,ZPX
16:44:06.722 [Test worker] INFO  net.lomibao.nes.components.CPU6502 - 181,B5,LDA,ZeroPage;X,Load Accumulator,2,4,ZPX
16:44:06.722 [Test worker] INFO  net.lomibao.nes.components.CPU6502 - 182,B6,LDX,ZeroPage;Y,Load X Register,2,4,ZPY
16:44:06.722 [Test worker] INFO  net.lomibao.nes.components.CPU6502 - 183,B7,???,???,???,1,4,IMP
16:44:06.722 [Test worker] INFO  net.lomibao.nes.components.CPU6502 - 184,B8,CLV,Implied,Clear Overflow Flag,1,2,IMP
16:44:06.722 [Test worker] INFO  net.lomibao.nes.components.CPU6502 - 185,B9,LDA,Absolute;Y,Load Accumulator,3,4,ABY
16:44:06.722 [Test worker] INFO  net.lomibao.nes.components.CPU6502 - 186,BA,TSX,Implied,Transfer Stack Pointer to X,1,2,IMP
16:44:06.722 [Test worker] INFO  net.lomibao.nes.components.CPU6502 - 187,BB,???,???,???,1,4,IMP
16:44:06.722 [Test worker] INFO  net.lomibao.nes.components.CPU6502 - 188,BC,LDY,Absolute;X,Load Y Register,3,4,ABX
16:44:06.722 [Test worker] INFO  net.lomibao.nes.components.CPU6502 - 189,BD,LDA,Absolute;X,Load Accumulator,3,4,ABX
16:44:06.722 [Test worker] INFO  net.lomibao.nes.components.CPU6502 - 190,BE,LDX,Absolute;Y,Load X Register,3,4,ABY
16:44:06.722 [Test worker] INFO  net.lomibao.nes.components.CPU6502 - 191,BF,???,???,???,1,4,IMP
16:44:06.722 [Test worker] INFO  net.lomibao.nes.components.CPU6502 - 192,C0,CPY,Immediate,Compare Y Register,2,2,IMM
16:44:06.722 [Test worker] INFO  net.lomibao.nes.components.CPU6502 - 193,C1,CMP,(Indirect;X),Compare,2,6,IZX
16:44:06.722 [Test worker] INFO  net.lomibao.nes.components.CPU6502 - 194,C2,???,???,???,1,2,IMP
16:44:06.722 [Test worker] INFO  net.lomibao.nes.components.CPU6502 - 195,C3,???,???,???,1,8,IMP
16:44:06.722 [Test worker] INFO  net.lomibao.nes.components.CPU6502 - 196,C4,CPY,ZeroPage,Compare Y Register,2,3,ZP0
16:44:06.722 [Test worker] INFO  net.lomibao.nes.components.CPU6502 - 197,C5,CMP,ZeroPage,Compare,2,3,ZP0
16:44:06.722 [Test worker] INFO  net.lomibao.nes.components.CPU6502 - 198,C6,DEC,ZeroPage,Decrement Memory,2,5,ZP0
16:44:06.722 [Test worker] INFO  net.lomibao.nes.components.CPU6502 - 199,C7,???,???,???,1,5,IMP
16:44:06.722 [Test worker] INFO  net.lomibao.nes.components.CPU6502 - 200,C8,INY,Implied,Increment Y Register,1,2,IMP
16:44:06.722 [Test worker] INFO  net.lomibao.nes.components.CPU6502 - 201,C9,CMP,Immediate,Compare,2,2,IMM
16:44:06.722 [Test worker] INFO  net.lomibao.nes.components.CPU6502 - 202,CA,DEX,Implied,Decrement X Register,1,2,IMP
16:44:06.723 [Test worker] INFO  net.lomibao.nes.components.CPU6502 - 203,CB,???,???,???,1,2,IMP
16:44:06.723 [Test worker] INFO  net.lomibao.nes.components.CPU6502 - 204,CC,CPY,Absolute,Compare Y Register,3,4,ABS
16:44:06.723 [Test worker] INFO  net.lomibao.nes.components.CPU6502 - 205,CD,CMP,Absolute,Compare,3,4,ABS
16:44:06.723 [Test worker] INFO  net.lomibao.nes.components.CPU6502 - 206,CE,DEC,Absolute,Decrement Memory,3,6,ABS
16:44:06.723 [Test worker] INFO  net.lomibao.nes.components.CPU6502 - 207,CF,???,???,???,1,6,IMP
16:44:06.723 [Test worker] INFO  net.lomibao.nes.components.CPU6502 - 208,D0,BNE,Relative,Branch if Not Equal,2,2,REL
16:44:06.723 [Test worker] INFO  net.lomibao.nes.components.CPU6502 - 209,D1,CMP,(Indirect);Y,Compare,2,5,IZY
16:44:06.723 [Test worker] INFO  net.lomibao.nes.components.CPU6502 - 210,D2,???,???,???,1,2,IMP
16:44:06.723 [Test worker] INFO  net.lomibao.nes.components.CPU6502 - 211,D3,???,???,???,1,8,IMP
16:44:06.723 [Test worker] INFO  net.lomibao.nes.components.CPU6502 - 212,D4,???,???,???,1,4,IMP
16:44:06.723 [Test worker] INFO  net.lomibao.nes.components.CPU6502 - 213,D5,CMP,ZeroPage;X,Compare,2,4,ZPX
16:44:06.723 [Test worker] INFO  net.lomibao.nes.components.CPU6502 - 214,D6,DEC,ZeroPage;X,Decrement Memory,2,6,ZPX
16:44:06.723 [Test worker] INFO  net.lomibao.nes.components.CPU6502 - 215,D7,???,???,???,1,6,IMP
16:44:06.723 [Test worker] INFO  net.lomibao.nes.components.CPU6502 - 216,D8,CLD,Implied,Clear Decimal Mode,1,2,IMP
16:44:06.723 [Test worker] INFO  net.lomibao.nes.components.CPU6502 - 217,D9,CMP,Absolute;Y,Compare,3,4,ABY
16:44:06.723 [Test worker] INFO  net.lomibao.nes.components.CPU6502 - 218,DA,NOP,???,???,1,2,IMP
16:44:06.723 [Test worker] INFO  net.lomibao.nes.components.CPU6502 - 219,DB,???,???,???,1,7,IMP
16:44:06.723 [Test worker] INFO  net.lomibao.nes.components.CPU6502 - 220,DC,???,???,???,1,4,IMP
16:44:06.723 [Test worker] INFO  net.lomibao.nes.components.CPU6502 - 221,DD,CMP,Absolute;X,Compare,3,4,ABX
16:44:06.723 [Test worker] INFO  net.lomibao.nes.components.CPU6502 - 222,DE,DEC,Absolute;X,Decrement Memory,3,7,ABX
16:44:06.723 [Test worker] INFO  net.lomibao.nes.components.CPU6502 - 223,DF,???,???,???,1,7,IMP
16:44:06.723 [Test worker] INFO  net.lomibao.nes.components.CPU6502 - 224,E0,CPX,Immediate,Compare X Register,2,2,IMM
16:44:06.723 [Test worker] INFO  net.lomibao.nes.components.CPU6502 - 225,E1,SBC,(Indirect;X),Subtract with Carry,2,6,IZX
16:44:06.723 [Test worker] INFO  net.lomibao.nes.components.CPU6502 - 226,E2,???,???,???,1,2,IMP
16:44:06.723 [Test worker] INFO  net.lomibao.nes.components.CPU6502 - 227,E3,???,???,???,1,8,IMP
16:44:06.723 [Test worker] INFO  net.lomibao.nes.components.CPU6502 - 228,E4,CPX,ZeroPage,Compare X Register,2,3,ZP0
16:44:06.723 [Test worker] INFO  net.lomibao.nes.components.CPU6502 - 229,E5,SBC,ZeroPage,Subtract with Carry,2,3,ZP0
16:44:06.723 [Test worker] INFO  net.lomibao.nes.components.CPU6502 - 230,E6,INC,ZeroPage,Increment Memory,2,5,ZP0
16:44:06.723 [Test worker] INFO  net.lomibao.nes.components.CPU6502 - 231,E7,???,???,???,1,5,IMP
16:44:06.723 [Test worker] INFO  net.lomibao.nes.components.CPU6502 - 232,E8,INX,Implied,Increment X Register,1,2,IMP
16:44:06.723 [Test worker] INFO  net.lomibao.nes.components.CPU6502 - 233,E9,SBC,Immediate,Subtract with Carry,2,2,IMM
16:44:06.723 [Test worker] INFO  net.lomibao.nes.components.CPU6502 - 234,EA,NOP,Implied,No Operation,1,2,IMP
16:44:06.723 [Test worker] INFO  net.lomibao.nes.components.CPU6502 - 235,EB,???,???,???,1,2,IMP
16:44:06.723 [Test worker] INFO  net.lomibao.nes.components.CPU6502 - 236,EC,CPX,Absolute,Compare X Register,3,4,ABS
16:44:06.723 [Test worker] INFO  net.lomibao.nes.components.CPU6502 - 237,ED,SBC,Absolute,Subtract with Carry,3,4,ABS
16:44:06.724 [Test worker] INFO  net.lomibao.nes.components.CPU6502 - 238,EE,INC,Absolute,Increment Memory,3,6,ABS
16:44:06.724 [Test worker] INFO  net.lomibao.nes.components.CPU6502 - 239,EF,???,???,???,1,6,IMP
16:44:06.724 [Test worker] INFO  net.lomibao.nes.components.CPU6502 - 240,F0,BEQ,Relative,Branch if Equal,2,2,REL
16:44:06.724 [Test worker] INFO  net.lomibao.nes.components.CPU6502 - 241,F1,SBC,(Indirect);Y,Subtract with Carry,2,5,IZY
16:44:06.724 [Test worker] INFO  net.lomibao.nes.components.CPU6502 - 242,F2,???,???,???,1,2,IMP
16:44:06.724 [Test worker] INFO  net.lomibao.nes.components.CPU6502 - 243,F3,???,???,???,1,8,IMP
16:44:06.724 [Test worker] INFO  net.lomibao.nes.components.CPU6502 - 244,F4,???,???,???,1,4,IMP
16:44:06.724 [Test worker] INFO  net.lomibao.nes.components.CPU6502 - 245,F5,SBC,ZeroPage;X,Subtract with Carry,2,4,ZPX
16:44:06.724 [Test worker] INFO  net.lomibao.nes.components.CPU6502 - 246,F6,INC,ZeroPage;X,Increment Memory,2,6,ZPX
16:44:06.724 [Test worker] INFO  net.lomibao.nes.components.CPU6502 - 247,F7,???,???,???,1,6,IMP
16:44:06.724 [Test worker] INFO  net.lomibao.nes.components.CPU6502 - 248,F8,SED,Implied,Set Decimal Flag,1,2,IMP
16:44:06.724 [Test worker] INFO  net.lomibao.nes.components.CPU6502 - 249,F9,SBC,Absolute;Y,Subtract with Carry,3,4,ABY
16:44:06.724 [Test worker] INFO  net.lomibao.nes.components.CPU6502 - 250,FA,NOP,???,???,1,2,IMP
16:44:06.724 [Test worker] INFO  net.lomibao.nes.components.CPU6502 - 251,FB,???,???,???,1,7,IMP
16:44:06.724 [Test worker] INFO  net.lomibao.nes.components.CPU6502 - 252,FC,???,???,???,1,4,IMP
16:44:06.724 [Test worker] INFO  net.lomibao.nes.components.CPU6502 - 253,FD,SBC,Absolute;X,Subtract with Carry,3,4,ABX
16:44:06.724 [Test worker] INFO  net.lomibao.nes.components.CPU6502 - 254,FE,INC,Absolute;X,Increment Memory,3,7,ABX
16:44:06.724 [Test worker] INFO  net.lomibao.nes.components.CPU6502 - 255,FF,???,???,???,1,7,IMP
16:44:41.891 [Test worker] INFO  net.lomibao.nes.components.CPU6502 - 0,00,BRK,Implied,Force Interrupt,1,7,IMM
16:44:41.899 [Test worker] INFO  net.lomibao.nes.components.CPU6502 - 1,01,ORA,(Indirect;X),Logical Inclusive OR,2,6,IZX
16:44:41.899 [Test worker] INFO  net.lomibao.nes.components.CPU6502 - 2,02,???,???,???,1,2,IMP
16:44:41.899 [Test worker] INFO  net.lomibao.nes.components.CPU6502 - 3,03,???,???,???,1,8,IMP
16:44:41.899 [Test worker] INFO  net.lomibao.nes.components.CPU6502 - 4,04,???,???,???,1,3,IMP
16:44:41.900 [Test worker] INFO  net.lomibao.nes.components.CPU6502 - 5,05,ORA,ZeroPage,Logical Inclusive OR,2,3,ZP0
16:44:41.900 [Test worker] INFO  net.lomibao.nes.components.CPU6502 - 6,06,ASL,ZeroPage,Arithmetic Shift Left,2,5,ZP0
16:44:41.900 [Test worker] INFO  net.lomibao.nes.components.CPU6502 - 7,07,???,???,???,1,5,IMP
16:44:41.901 [Test worker] INFO  net.lomibao.nes.components.CPU6502 - 8,08,PHP,Implied,Push Processor Status,1,3,IMP
16:44:41.901 [Test worker] INFO  net.lomibao.nes.components.CPU6502 - 9,09,ORA,Immediate,Logical Inclusive OR,2,2,IMM
16:44:41.901 [Test worker] INFO  net.lomibao.nes.components.CPU6502 - 10,0A,ASL,Accumulator,Arithmetic Shift Left,1,2,IMP
16:44:41.902 [Test worker] INFO  net.lomibao.nes.components.CPU6502 - 11,0B,???,???,???,1,2,IMP
16:44:41.902 [Test worker] INFO  net.lomibao.nes.components.CPU6502 - 12,0C,???,???,???,1,4,IMP
16:44:41.902 [Test worker] INFO  net.lomibao.nes.components.CPU6502 - 13,0D,ORA,Absolute,Logical Inclusive OR,3,4,ABS
16:44:41.902 [Test worker] INFO  net.lomibao.nes.components.CPU6502 - 14,0E,ASL,Absolute,Arithmetic Shift Left,3,6,ABS
16:44:41.902 [Test worker] INFO  net.lomibao.nes.components.CPU6502 - 15,0F,???,???,???,1,6,IMP
16:44:41.902 [Test worker] INFO  net.lomibao.nes.components.CPU6502 - 16,10,BPL,Relative,Branch if Positive,2,2,REL
16:44:41.902 [Test worker] INFO  net.lomibao.nes.components.CPU6502 - 17,11,ORA,(Indirect);Y,Logical Inclusive OR,2,5,IZY
16:44:41.902 [Test worker] INFO  net.lomibao.nes.components.CPU6502 - 18,12,???,???,???,1,2,IMP
16:44:41.903 [Test worker] INFO  net.lomibao.nes.components.CPU6502 - 19,13,???,???,???,1,8,IMP
16:44:41.903 [Test worker] INFO  net.lomibao.nes.components.CPU6502 - 20,14,???,???,???,1,4,IMP
16:44:41.903 [Test worker] INFO  net.lomibao.nes.components.CPU6502 - 21,15,ORA,ZeroPage;X,Logical Inclusive OR,2,4,ZPX
16:44:41.903 [Test worker] INFO  net.lomibao.nes.components.CPU6502 - 22,16,ASL,ZeroPage;X,Arithmetic Shift Left,2,6,ZPX
16:44:41.903 [Test worker] INFO  net.lomibao.nes.components.CPU6502 - 23,17,???,???,???,1,6,IMP
16:44:41.903 [Test worker] INFO  net.lomibao.nes.components.CPU6502 - 24,18,CLC,Implied,Clear Carry Flag,1,2,IMP
16:44:41.904 [Test worker] INFO  net.lomibao.nes.components.CPU6502 - 25,19,ORA,Absolute;Y,Logical Inclusive OR,3,4,ABY
16:44:41.904 [Test worker] INFO  net.lomibao.nes.components.CPU6502 - 26,1A,???,???,???,1,2,IMP
16:44:41.904 [Test worker] INFO  net.lomibao.nes.components.CPU6502 - 27,1B,???,???,???,1,7,IMP
16:44:41.904 [Test worker] INFO  net.lomibao.nes.components.CPU6502 - 28,1C,???,???,???,1,4,IMP
16:44:41.904 [Test worker] INFO  net.lomibao.nes.components.CPU6502 - 29,1D,ORA,Absolute;X,Logical Inclusive OR,3,4,ABX
16:44:41.904 [Test worker] INFO  net.lomibao.nes.components.CPU6502 - 30,1E,ASL,Absolute;X,Arithmetic Shift Left,3,7,ABX
16:44:41.904 [Test worker] INFO  net.lomibao.nes.components.CPU6502 - 31,1F,???,???,???,1,7,IMP
16:44:41.905 [Test worker] INFO  net.lomibao.nes.components.CPU6502 - 32,20,JSR,Absolute,Jump to Subroutine,3,6,ABS
16:44:41.905 [Test worker] INFO  net.lomibao.nes.components.CPU6502 - 33,21,AND,(Indirect;X),Logical AND,2,6,IZX
16:44:41.905 [Test worker] INFO  net.lomibao.nes.components.CPU6502 - 34,22,???,???,???,1,2,IMP
16:44:41.905 [Test worker] INFO  net.lomibao.nes.components.CPU6502 - 35,23,???,???,???,1,8,IMP
16:44:41.905 [Test worker] INFO  net.lomibao.nes.components.CPU6502 - 36,24,BIT,ZeroPage,Bit Test,2,3,ZP0
16:44:41.906 [Test worker] INFO  net.lomibao.nes.components.CPU6502 - 37,25,AND,ZeroPage,Logical AND,2,3,ZP0
16:44:41.906 [Test worker] INFO  net.lomibao.nes.components.CPU6502 - 38,26,ROL,ZeroPage,Rotate Left,2,5,ZP0
16:44:41.906 [Test worker] INFO  net.lomibao.nes.components.CPU6502 - 39,27,???,???,???,1,5,IMP
16:44:41.906 [Test worker] INFO  net.lomibao.nes.components.CPU6502 - 40,28,PLP,Implied,Pull Processor Status,1,4,IMP
16:44:41.906 [Test worker] INFO  net.lomibao.nes.components.CPU6502 - 41,29,AND,Immediate,Logical AND,2,2,IMM
16:44:41.906 [Test worker] INFO  net.lomibao.nes.components.CPU6502 - 42,2A,ROL,Accumulator,Rotate Left,1,2,IMP
16:44:41.906 [Test worker] INFO  net.lomibao.nes.components.CPU6502 - 43,2B,???,???,???,1,2,IMP
16:44:41.906 [Test worker] INFO  net.lomibao.nes.components.CPU6502 - 44,2C,BIT,Absolute,Bit Test,3,4,ABS
16:44:41.906 [Test worker] INFO  net.lomibao.nes.components.CPU6502 - 45,2D,AND,Absolute,Logical AND,3,4,ABS
16:44:41.906 [Test worker] INFO  net.lomibao.nes.components.CPU6502 - 46,2E,ROL,Absolute,Rotate Left,3,6,ABS
16:44:41.907 [Test worker] INFO  net.lomibao.nes.components.CPU6502 - 47,2F,???,???,???,1,6,IMP
16:44:41.907 [Test worker] INFO  net.lomibao.nes.components.CPU6502 - 48,30,BMI,Relative,Branch if Minus,2,2,REL
16:44:41.907 [Test worker] INFO  net.lomibao.nes.components.CPU6502 - 49,31,AND,(Indirect);Y,Logical AND,2,5,IZY
16:44:41.907 [Test worker] INFO  net.lomibao.nes.components.CPU6502 - 50,32,???,???,???,1,2,IMP
16:44:41.908 [Test worker] INFO  net.lomibao.nes.components.CPU6502 - 51,33,???,???,???,1,8,IMP
16:44:41.908 [Test worker] INFO  net.lomibao.nes.components.CPU6502 - 52,34,???,???,???,1,4,IMP
16:44:41.908 [Test worker] INFO  net.lomibao.nes.components.CPU6502 - 53,35,AND,ZeroPage;X,Logical AND,2,4,ZPX
16:44:41.908 [Test worker] INFO  net.lomibao.nes.components.CPU6502 - 54,36,ROL,ZeroPage;X,Rotate Left,2,6,ZPX
16:44:41.908 [Test worker] INFO  net.lomibao.nes.components.CPU6502 - 55,37,???,???,???,1,6,IMP
16:44:41.909 [Test worker] INFO  net.lomibao.nes.components.CPU6502 - 56,38,SEC,Implied,Set Carry Flag,1,2,IMP
16:44:41.909 [Test worker] INFO  net.lomibao.nes.components.CPU6502 - 57,39,AND,Absolute;Y,Logical AND,3,4,ABY
16:44:41.909 [Test worker] INFO  net.lomibao.nes.components.CPU6502 - 58,3A,???,???,???,1,2,IMP
16:44:41.909 [Test worker] INFO  net.lomibao.nes.components.CPU6502 - 59,3B,???,???,???,1,7,IMP
16:44:41.909 [Test worker] INFO  net.lomibao.nes.components.CPU6502 - 60,3C,???,???,???,1,4,IMP
16:44:41.909 [Test worker] INFO  net.lomibao.nes.components.CPU6502 - 61,3D,AND,Absolute;X,Logical AND,3,4,ABX
16:44:41.910 [Test worker] INFO  net.lomibao.nes.components.CPU6502 - 62,3E,ROL,Absolute;X,Rotate Left,3,7,ABX
16:44:41.912 [Test worker] INFO  net.lomibao.nes.components.CPU6502 - 63,3F,???,???,???,1,7,IMP
16:44:41.912 [Test worker] INFO  net.lomibao.nes.components.CPU6502 - 64,40,RTI,Implied,Return from Interrupt,1,6,IMP
16:44:41.913 [Test worker] INFO  net.lomibao.nes.components.CPU6502 - 65,41,EOR,(Indirect;X),Exclusive OR,2,6,IZX
16:44:41.913 [Test worker] INFO  net.lomibao.nes.components.CPU6502 - 66,42,???,???,???,1,2,IMP
16:44:41.913 [Test worker] INFO  net.lomibao.nes.components.CPU6502 - 67,43,???,???,???,1,8,IMP
16:44:41.913 [Test worker] INFO  net.lomibao.nes.components.CPU6502 - 68,44,???,???,???,1,3,IMP
16:44:41.913 [Test worker] INFO  net.lomibao.nes.components.CPU6502 - 69,45,EOR,ZeroPage,Exclusive OR,2,3,ZP0
16:44:41.913 [Test worker] INFO  net.lomibao.nes.components.CPU6502 - 70,46,LSR,ZeroPage,Logical Shift Right,2,5,ZP0
16:44:41.913 [Test worker] INFO  net.lomibao.nes.components.CPU6502 - 71,47,???,???,???,1,5,IMP
16:44:41.913 [Test worker] INFO  net.lomibao.nes.components.CPU6502 - 72,48,PHA,Implied,Push Accumulator,1,3,IMP
16:44:41.914 [Test worker] INFO  net.lomibao.nes.components.CPU6502 - 73,49,EOR,Immediate,Exclusive OR,2,2,IMM
16:44:41.914 [Test worker] INFO  net.lomibao.nes.components.CPU6502 - 74,4A,LSR,Accumulator,Logical Shift Right,1,2,IMP
16:44:41.914 [Test worker] INFO  net.lomibao.nes.components.CPU6502 - 75,4B,???,???,???,1,2,IMP
16:44:41.914 [Test worker] INFO  net.lomibao.nes.components.CPU6502 - 76,4C,JMP,Absolute,Jump,3,3,ABS
16:44:41.914 [Test worker] INFO  net.lomibao.nes.components.CPU6502 - 77,4D,EOR,Absolute,Exclusive OR,3,4,ABS
16:44:41.914 [Test worker] INFO  net.lomibao.nes.components.CPU6502 - 78,4E,LSR,Absolute,Logical Shift Right,3,6,ABS
16:44:41.915 [Test worker] INFO  net.lomibao.nes.components.CPU6502 - 79,4F,???,???,???,1,6,IMP
16:44:41.915 [Test worker] INFO  net.lomibao.nes.components.CPU6502 - 80,50,BVC,Relative,Branch if Overflow Clear,2,2,REL
16:44:41.915 [Test worker] INFO  net.lomibao.nes.components.CPU6502 - 81,51,EOR,(Indirect);Y,Exclusive OR,2,5,IZY
16:44:41.915 [Test worker] INFO  net.lomibao.nes.components.CPU6502 - 82,52,???,???,???,1,2,IMP
16:44:41.916 [Test worker] INFO  net.lomibao.nes.components.CPU6502 - 83,53,???,???,???,1,8,IMP
16:44:41.916 [Test worker] INFO  net.lomibao.nes.components.CPU6502 - 84,54,???,???,???,1,4,IMP
16:44:41.916 [Test worker] INFO  net.lomibao.nes.components.CPU6502 - 85,55,EOR,ZeroPage;X,Exclusive OR,2,4,ZPX
16:44:41.916 [Test worker] INFO  net.lomibao.nes.components.CPU6502 - 86,56,LSR,ZeroPage;X,Logical Shift Right,2,6,ZPX
16:44:41.916 [Test worker] INFO  net.lomibao.nes.components.CPU6502 - 87,57,???,???,???,1,6,IMP
16:44:41.917 [Test worker] INFO  net.lomibao.nes.components.CPU6502 - 88,58,CLI,Implied,Clear Interrupt Disable,1,2,IMP
16:44:41.917 [Test worker] INFO  net.lomibao.nes.components.CPU6502 - 89,59,EOR,Absolute;Y,Exclusive OR,3,4,ABY
16:44:41.917 [Test worker] INFO  net.lomibao.nes.components.CPU6502 - 90,5A,???,???,???,1,2,IMP
16:44:41.917 [Test worker] INFO  net.lomibao.nes.components.CPU6502 - 91,5B,???,???,???,1,7,IMP
16:44:41.917 [Test worker] INFO  net.lomibao.nes.components.CPU6502 - 92,5C,???,???,???,1,4,IMP
16:44:41.917 [Test worker] INFO  net.lomibao.nes.components.CPU6502 - 93,5D,EOR,Absolute;X,Exclusive OR,3,4,ABX
16:44:41.918 [Test worker] INFO  net.lomibao.nes.components.CPU6502 - 94,5E,LSR,Absolute;X,Logical Shift Right,3,7,ABX
16:44:41.918 [Test worker] INFO  net.lomibao.nes.components.CPU6502 - 95,5F,???,???,???,1,7,IMP
16:44:41.918 [Test worker] INFO  net.lomibao.nes.components.CPU6502 - 96,60,RTS,Implied,Return from Subroutine,1,6,IMP
16:44:41.918 [Test worker] INFO  net.lomibao.nes.components.CPU6502 - 97,61,ADC,(Indirect;X),Add with Carry,2,6,IZX
16:44:41.918 [Test worker] INFO  net.lomibao.nes.components.CPU6502 - 98,62,???,???,???,1,2,IMP
16:44:41.918 [Test worker] INFO  net.lomibao.nes.components.CPU6502 - 99,63,???,???,???,1,8,IMP
16:44:41.918 [Test worker] INFO  net.lomibao.nes.components.CPU6502 - 100,64,???,???,???,1,3,IMP
16:44:41.919 [Test worker] INFO  net.lomibao.nes.components.CPU6502 - 101,65,ADC,ZeroPage,Add with Carry,2,3,ZP0
16:44:41.919 [Test worker] INFO  net.lomibao.nes.components.CPU6502 - 102,66,ROR,ZeroPage,Rotate Right,2,5,ZP0
16:44:41.919 [Test worker] INFO  net.lomibao.nes.components.CPU6502 - 103,67,???,???,???,1,5,IMP
16:44:41.919 [Test worker] INFO  net.lomibao.nes.components.CPU6502 - 104,68,PLA,Implied,Pull Accumulator,1,4,IMP
16:44:41.919 [Test worker] INFO  net.lomibao.nes.components.CPU6502 - 105,69,ADC,Immediate,Add with Carry,2,2,IMM
16:44:41.919 [Test worker] INFO  net.lomibao.nes.components.CPU6502 - 106,6A,ROR,Accumulator,Rotate Right,1,2,IMP
16:44:41.919 [Test worker] INFO  net.lomibao.nes.components.CPU6502 - 107,6B,???,???,???,1,2,IMP
16:44:41.919 [Test worker] INFO  net.lomibao.nes.components.CPU6502 - 108,6C,JMP,Indirect ,Jump,3,5,IND
16:44:41.919 [Test worker] INFO  net.lomibao.nes.components.CPU6502 - 109,6D,ADC,Absolute,Add with Carry,3,4,ABS
16:44:41.919 [Test worker] INFO  net.lomibao.nes.components.CPU6502 - 110,6E,ROR,Absolute,Rotate Right,3,6,ABS
16:44:41.921 [Test worker] INFO  net.lomibao.nes.components.CPU6502 - 111,6F,???,???,???,1,6,IMP
16:44:41.921 [Test worker] INFO  net.lomibao.nes.components.CPU6502 - 112,70,BVS,Relative,Branch if Overflow Set,2,2,REL
16:44:41.921 [Test worker] INFO  net.lomibao.nes.components.CPU6502 - 113,71,ADC,(Indirect);Y,Add with Carry,2,5,IZY
16:44:41.921 [Test worker] INFO  net.lomibao.nes.components.CPU6502 - 114,72,???,???,???,1,2,IMP
16:44:41.921 [Test worker] INFO  net.lomibao.nes.components.CPU6502 - 115,73,???,???,???,1,8,IMP
16:44:41.921 [Test worker] INFO  net.lomibao.nes.components.CPU6502 - 116,74,???,???,???,1,4,IMP
16:44:41.921 [Test worker] INFO  net.lomibao.nes.components.CPU6502 - 117,75,ADC,ZeroPage;X,Add with Carry,2,4,ZPX
16:44:41.921 [Test worker] INFO  net.lomibao.nes.components.CPU6502 - 118,76,ROR,ZeroPage;X,Rotate Right,2,6,ZPX
16:44:41.921 [Test worker] INFO  net.lomibao.nes.components.CPU6502 - 119,77,???,???,???,1,6,IMP
16:44:41.921 [Test worker] INFO  net.lomibao.nes.components.CPU6502 - 120,78,SEI,Implied,Set Interrupt Disable,1,2,IMP
16:44:41.921 [Test worker] INFO  net.lomibao.nes.components.CPU6502 - 121,79,ADC,Absolute;Y,Add with Carry,3,4,ABY
16:44:41.921 [Test worker] INFO  net.lomibao.nes.components.CPU6502 - 122,7A,???,???,???,1,2,IMP
16:44:41.921 [Test worker] INFO  net.lomibao.nes.components.CPU6502 - 123,7B,???,???,???,1,7,IMP
16:44:41.921 [Test worker] INFO  net.lomibao.nes.components.CPU6502 - 124,7C,???,???,???,1,4,IMP
16:44:41.923 [Test worker] INFO  net.lomibao.nes.components.CPU6502 - 125,7D,ADC,Absolute;X,Add with Carry,3,4,ABX
16:44:41.924 [Test worker] INFO  net.lomibao.nes.components.CPU6502 - 126,7E,ROR,Absolute;X,Rotate Right,3,7,ABX
16:44:41.925 [Test worker] INFO  net.lomibao.nes.components.CPU6502 - 127,7F,???,???,???,1,7,IMP
16:44:41.925 [Test worker] INFO  net.lomibao.nes.components.CPU6502 - 128,80,???,???,???,1,2,IMP
16:44:41.926 [Test worker] INFO  net.lomibao.nes.components.CPU6502 - 129,81,STA,(Indirect;X),Store Accumulator,2,6,IZX
16:44:41.926 [Test worker] INFO  net.lomibao.nes.components.CPU6502 - 130,82,???,???,???,1,2,IMP
16:44:41.927 [Test worker] INFO  net.lomibao.nes.components.CPU6502 - 131,83,???,???,???,1,6,IMP
16:44:41.927 [Test worker] INFO  net.lomibao.nes.components.CPU6502 - 132,84,STY,ZeroPage,Store Y Register,2,3,ZP0
16:44:41.927 [Test worker] INFO  net.lomibao.nes.components.CPU6502 - 133,85,STA,ZeroPage,Store Accumulator,2,3,ZP0
16:44:41.927 [Test worker] INFO  net.lomibao.nes.components.CPU6502 - 134,86,STX,ZeroPage,Store X Register,2,3,ZP0
16:44:41.927 [Test worker] INFO  net.lomibao.nes.components.CPU6502 - 135,87,???,???,???,1,3,IMP
16:44:41.927 [Test worker] INFO  net.lomibao.nes.components.CPU6502 - 136,88,DEY,Implied,Decrement Y Register,1,2,IMP
16:44:41.928 [Test worker] INFO  net.lomibao.nes.components.CPU6502 - 137,89,???,???,???,1,2,IMP
16:44:41.928 [Test worker] INFO  net.lomibao.nes.components.CPU6502 - 138,8A,TXA,Implied,Transfer X to Accumulator,1,2,IMP
16:44:41.928 [Test worker] INFO  net.lomibao.nes.components.CPU6502 - 139,8B,???,???,???,1,2,IMP
16:44:41.928 [Test worker] INFO  net.lomibao.nes.components.CPU6502 - 140,8C,STY,Absolute,Store Y Register,3,4,ABS
16:44:41.928 [Test worker] INFO  net.lomibao.nes.components.CPU6502 - 141,8D,STA,Absolute,Store Accumulator,3,4,ABS
16:44:41.928 [Test worker] INFO  net.lomibao.nes.components.CPU6502 - 142,8E,STX,Absolute,Store X Register,3,4,ABS
16:44:41.928 [Test worker] INFO  net.lomibao.nes.components.CPU6502 - 143,8F,???,???,???,1,4,IMP
16:44:41.929 [Test worker] INFO  net.lomibao.nes.components.CPU6502 - 144,90,BCC,Relative,Branch if Carry Clear,2,2,REL
16:44:41.929 [Test worker] INFO  net.lomibao.nes.components.CPU6502 - 145,91,STA,(Indirect);Y,Store Accumulator,2,6,IZY
16:44:41.929 [Test worker] INFO  net.lomibao.nes.components.CPU6502 - 146,92,???,???,???,1,2,IMP
16:44:41.929 [Test worker] INFO  net.lomibao.nes.components.CPU6502 - 147,93,???,???,???,1,6,IMP
16:44:41.929 [Test worker] INFO  net.lomibao.nes.components.CPU6502 - 148,94,STY,ZeroPage;X,Store Y Register,2,4,ZPX
16:44:41.929 [Test worker] INFO  net.lomibao.nes.components.CPU6502 - 149,95,STA,ZeroPage;X,Store Accumulator,2,4,ZPX
16:44:41.929 [Test worker] INFO  net.lomibao.nes.components.CPU6502 - 150,96,STX,ZeroPage;Y,Store X Register,2,4,ZPY
16:44:41.929 [Test worker] INFO  net.lomibao.nes.components.CPU6502 - 151,97,???,???,???,1,4,IMP
16:44:41.929 [Test worker] INFO  net.lomibao.nes.components.CPU6502 - 152,98,TYA,Implied,Transfer Y to Accumulator,1,2,IMP
16:44:41.929 [Test worker] INFO  net.lomibao.nes.components.CPU6502 - 153,99,STA,Absolute;Y,Store Accumulator,3,5,ABY
16:44:41.930 [Test worker] INFO  net.lomibao.nes.components.CPU6502 - 154,9A,TXS,Implied,Transfer X to Stack Pointer,1,2,IMP
16:44:41.930 [Test worker] INFO  net.lomibao.nes.components.CPU6502 - 155,9B,???,???,???,1,5,IMP
16:44:41.930 [Test worker] INFO  net.lomibao.nes.components.CPU6502 - 156,9C,???,???,???,1,5,IMP
16:44:41.930 [Test worker] INFO  net.lomibao.nes.components.CPU6502 - 157,9D,STA,Absolute;X,Store Accumulator,3,5,ABX
16:44:41.930 [Test worker] INFO  net.lomibao.nes.components.CPU6502 - 158,9E,???,???,???,1,5,IMP
16:44:41.930 [Test worker] INFO  net.lomibao.nes.components.CPU6502 - 159,9F,???,???,???,1,5,IMP
16:44:41.930 [Test worker] INFO  net.lomibao.nes.components.CPU6502 - 160,A0,LDY,Immediate,Load Y Register,2,2,IMM
16:44:41.930 [Test worker] INFO  net.lomibao.nes.components.CPU6502 - 161,A1,LDA,(Indirect;X),Load Accumulator,2,6,IZX
16:44:41.930 [Test worker] INFO  net.lomibao.nes.components.CPU6502 - 162,A2,LDX,Immediate,Load X Register,2,2,IMM
16:44:41.930 [Test worker] INFO  net.lomibao.nes.components.CPU6502 - 163,A3,???,???,???,1,6,IMP
16:44:41.931 [Test worker] INFO  net.lomibao.nes.components.CPU6502 - 164,A4,LDY,ZeroPage,Load Y Register,2,3,ZP0
16:44:41.931 [Test worker] INFO  net.lomibao.nes.components.CPU6502 - 165,A5,LDA,ZeroPage,Load Accumulator,2,3,ZP0
16:44:41.931 [Test worker] INFO  net.lomibao.nes.components.CPU6502 - 166,A6,LDX,ZeroPage,Load X Register,2,3,ZP0
16:44:41.931 [Test worker] INFO  net.lomibao.nes.components.CPU6502 - 167,A7,???,???,???,1,3,IMP
16:44:41.931 [Test worker] INFO  net.lomibao.nes.components.CPU6502 - 168,A8,TAY,Implied,Transfer Accumulator to Y,1,2,IMP
16:44:41.931 [Test worker] INFO  net.lomibao.nes.components.CPU6502 - 169,A9,LDA,Immediate,Load Accumulator,2,2,IMM
16:44:41.931 [Test worker] INFO  net.lomibao.nes.components.CPU6502 - 170,AA,TAX,Implied,Transfer Accumulator to X,1,2,IMP
16:44:41.931 [Test worker] INFO  net.lomibao.nes.components.CPU6502 - 171,AB,???,???,???,1,2,IMP
16:44:41.931 [Test worker] INFO  net.lomibao.nes.components.CPU6502 - 172,AC,LDY,Absolute,Load Y Register,3,4,ABS
16:44:41.931 [Test worker] INFO  net.lomibao.nes.components.CPU6502 - 173,AD,LDA,Absolute,Load Accumulator,3,4,ABS
16:44:41.932 [Test worker] INFO  net.lomibao.nes.components.CPU6502 - 174,AE,LDX,Absolute,Load X Register,3,4,ABS
16:44:41.932 [Test worker] INFO  net.lomibao.nes.components.CPU6502 - 175,AF,???,???,???,1,4,IMP
16:44:41.932 [Test worker] INFO  net.lomibao.nes.components.CPU6502 - 176,B0,BCS,Relative,Branch if Carry Set,2,2,REL
16:44:41.932 [Test worker] INFO  net.lomibao.nes.components.CPU6502 - 177,B1,LDA,(Indirect);Y,Load Accumulator,2,5,IZY
16:44:41.932 [Test worker] INFO  net.lomibao.nes.components.CPU6502 - 178,B2,???,???,???,1,2,IMP
16:44:41.932 [Test worker] INFO  net.lomibao.nes.components.CPU6502 - 179,B3,???,???,???,1,5,IMP
16:44:41.932 [Test worker] INFO  net.lomibao.nes.components.CPU6502 - 180,B4,LDY,ZeroPage;X,Load Y Register,2,4,ZPX
16:44:41.932 [Test worker] INFO  net.lomibao.nes.components.CPU6502 - 181,B5,LDA,ZeroPage;X,Load Accumulator,2,4,ZPX
16:44:41.932 [Test worker] INFO  net.lomibao.nes.components.CPU6502 - 182,B6,LDX,ZeroPage;Y,Load X Register,2,4,ZPY
16:44:41.932 [Test worker] INFO  net.lomibao.nes.components.CPU6502 - 183,B7,???,???,???,1,4,IMP
16:44:41.932 [Test worker] INFO  net.lomibao.nes.components.CPU6502 - 184,B8,CLV,Implied,Clear Overflow Flag,1,2,IMP
16:44:41.932 [Test worker] INFO  net.lomibao.nes.components.CPU6502 - 185,B9,LDA,Absolute;Y,Load Accumulator,3,4,ABY
16:44:41.932 [Test worker] INFO  net.lomibao.nes.components.CPU6502 - 186,BA,TSX,Implied,Transfer Stack Pointer to X,1,2,IMP
16:44:41.933 [Test worker] INFO  net.lomibao.nes.components.CPU6502 - 187,BB,???,???,???,1,4,IMP
16:44:41.933 [Test worker] INFO  net.lomibao.nes.components.CPU6502 - 188,BC,LDY,Absolute;X,Load Y Register,3,4,ABX
16:44:41.933 [Test worker] INFO  net.lomibao.nes.components.CPU6502 - 189,BD,LDA,Absolute;X,Load Accumulator,3,4,ABX
16:44:41.933 [Test worker] INFO  net.lomibao.nes.components.CPU6502 - 190,BE,LDX,Absolute;Y,Load X Register,3,4,ABY
16:44:41.933 [Test worker] INFO  net.lomibao.nes.components.CPU6502 - 191,BF,???,???,???,1,4,IMP
16:44:41.933 [Test worker] INFO  net.lomibao.nes.components.CPU6502 - 192,C0,CPY,Immediate,Compare Y Register,2,2,IMM
16:44:41.933 [Test worker] INFO  net.lomibao.nes.components.CPU6502 - 193,C1,CMP,(Indirect;X),Compare,2,6,IZX
16:44:41.933 [Test worker] INFO  net.lomibao.nes.components.CPU6502 - 194,C2,???,???,???,1,2,IMP
16:44:41.934 [Test worker] INFO  net.lomibao.nes.components.CPU6502 - 195,C3,???,???,???,1,8,IMP
16:44:41.934 [Test worker] INFO  net.lomibao.nes.components.CPU6502 - 196,C4,CPY,ZeroPage,Compare Y Register,2,3,ZP0
16:44:41.934 [Test worker] INFO  net.lomibao.nes.components.CPU6502 - 197,C5,CMP,ZeroPage,Compare,2,3,ZP0
16:44:41.934 [Test worker] INFO  net.lomibao.nes.components.CPU6502 - 198,C6,DEC,ZeroPage,Decrement Memory,2,5,ZP0
16:44:41.934 [Test worker] INFO  net.lomibao.nes.components.CPU6502 - 199,C7,???,???,???,1,5,IMP
16:44:41.934 [Test worker] INFO  net.lomibao.nes.components.CPU6502 - 200,C8,INY,Implied,Increment Y Register,1,2,IMP
16:44:41.934 [Test worker] INFO  net.lomibao.nes.components.CPU6502 - 201,C9,CMP,Immediate,Compare,2,2,IMM
16:44:41.934 [Test worker] INFO  net.lomibao.nes.components.CPU6502 - 202,CA,DEX,Implied,Decrement X Register,1,2,IMP
16:44:41.935 [Test worker] INFO  net.lomibao.nes.components.CPU6502 - 203,CB,???,???,???,1,2,IMP
16:44:41.935 [Test worker] INFO  net.lomibao.nes.components.CPU6502 - 204,CC,CPY,Absolute,Compare Y Register,3,4,ABS
16:44:41.935 [Test worker] INFO  net.lomibao.nes.components.CPU6502 - 205,CD,CMP,Absolute,Compare,3,4,ABS
16:44:41.936 [Test worker] INFO  net.lomibao.nes.components.CPU6502 - 206,CE,DEC,Absolute,Decrement Memory,3,6,ABS
16:44:41.936 [Test worker] INFO  net.lomibao.nes.components.CPU6502 - 207,CF,???,???,???,1,6,IMP
16:44:41.936 [Test worker] INFO  net.lomibao.nes.components.CPU6502 - 208,D0,BNE,Relative,Branch if Not Equal,2,2,REL
16:44:41.936 [Test worker] INFO  net.lomibao.nes.components.CPU6502 - 209,D1,CMP,(Indirect);Y,Compare,2,5,IZY
16:44:41.936 [Test worker] INFO  net.lomibao.nes.components.CPU6502 - 210,D2,???,???,???,1,2,IMP
16:44:41.936 [Test worker] INFO  net.lomibao.nes.components.CPU6502 - 211,D3,???,???,???,1,8,IMP
16:44:41.936 [Test worker] INFO  net.lomibao.nes.components.CPU6502 - 212,D4,???,???,???,1,4,IMP
16:44:41.936 [Test worker] INFO  net.lomibao.nes.components.CPU6502 - 213,D5,CMP,ZeroPage;X,Compare,2,4,ZPX
16:44:41.936 [Test worker] INFO  net.lomibao.nes.components.CPU6502 - 214,D6,DEC,ZeroPage;X,Decrement Memory,2,6,ZPX
16:44:41.936 [Test worker] INFO  net.lomibao.nes.components.CPU6502 - 215,D7,???,???,???,1,6,IMP
16:44:41.937 [Test worker] INFO  net.lomibao.nes.components.CPU6502 - 216,D8,CLD,Implied,Clear Decimal Mode,1,2,IMP
16:44:41.937 [Test worker] INFO  net.lomibao.nes.components.CPU6502 - 217,D9,CMP,Absolute;Y,Compare,3,4,ABY
16:44:41.937 [Test worker] INFO  net.lomibao.nes.components.CPU6502 - 218,DA,NOP,???,???,1,2,IMP
16:44:41.938 [Test worker] INFO  net.lomibao.nes.components.CPU6502 - 219,DB,???,???,???,1,7,IMP
16:44:41.938 [Test worker] INFO  net.lomibao.nes.components.CPU6502 - 220,DC,???,???,???,1,4,IMP
16:44:41.938 [Test worker] INFO  net.lomibao.nes.components.CPU6502 - 221,DD,CMP,Absolute;X,Compare,3,4,ABX
16:44:41.938 [Test worker] INFO  net.lomibao.nes.components.CPU6502 - 222,DE,DEC,Absolute;X,Decrement Memory,3,7,ABX
16:44:41.938 [Test worker] INFO  net.lomibao.nes.components.CPU6502 - 223,DF,???,???,???,1,7,IMP
16:44:41.938 [Test worker] INFO  net.lomibao.nes.components.CPU6502 - 224,E0,CPX,Immediate,Compare X Register,2,2,IMM
16:44:41.938 [Test worker] INFO  net.lomibao.nes.components.CPU6502 - 225,E1,SBC,(Indirect;X),Subtract with Carry,2,6,IZX
16:44:41.938 [Test worker] INFO  net.lomibao.nes.components.CPU6502 - 226,E2,???,???,???,1,2,IMP
16:44:41.938 [Test worker] INFO  net.lomibao.nes.components.CPU6502 - 227,E3,???,???,???,1,8,IMP
16:44:41.938 [Test worker] INFO  net.lomibao.nes.components.CPU6502 - 228,E4,CPX,ZeroPage,Compare X Register,2,3,ZP0
16:44:41.939 [Test worker] INFO  net.lomibao.nes.components.CPU6502 - 229,E5,SBC,ZeroPage,Subtract with Carry,2,3,ZP0
16:44:41.939 [Test worker] INFO  net.lomibao.nes.components.CPU6502 - 230,E6,INC,ZeroPage,Increment Memory,2,5,ZP0
16:44:41.939 [Test worker] INFO  net.lomibao.nes.components.CPU6502 - 231,E7,???,???,???,1,5,IMP
16:44:41.939 [Test worker] INFO  net.lomibao.nes.components.CPU6502 - 232,E8,INX,Implied,Increment X Register,1,2,IMP
16:44:41.939 [Test worker] INFO  net.lomibao.nes.components.CPU6502 - 233,E9,SBC,Immediate,Subtract with Carry,2,2,IMM
16:44:41.939 [Test worker] INFO  net.lomibao.nes.components.CPU6502 - 234,EA,NOP,Implied,No Operation,1,2,IMP
16:44:41.939 [Test worker] INFO  net.lomibao.nes.components.CPU6502 - 235,EB,???,???,???,1,2,IMP
16:44:41.939 [Test worker] INFO  net.lomibao.nes.components.CPU6502 - 236,EC,CPX,Absolute,Compare X Register,3,4,ABS
16:44:41.939 [Test worker] INFO  net.lomibao.nes.components.CPU6502 - 237,ED,SBC,Absolute,Subtract with Carry,3,4,ABS
16:44:41.939 [Test worker] INFO  net.lomibao.nes.components.CPU6502 - 238,EE,INC,Absolute,Increment Memory,3,6,ABS
16:44:41.939 [Test worker] INFO  net.lomibao.nes.components.CPU6502 - 239,EF,???,???,???,1,6,IMP
16:44:41.940 [Test worker] INFO  net.lomibao.nes.components.CPU6502 - 240,F0,BEQ,Relative,Branch if Equal,2,2,REL
16:44:41.940 [Test worker] INFO  net.lomibao.nes.components.CPU6502 - 241,F1,SBC,(Indirect);Y,Subtract with Carry,2,5,IZY
16:44:41.940 [Test worker] INFO  net.lomibao.nes.components.CPU6502 - 242,F2,???,???,???,1,2,IMP
16:44:41.940 [Test worker] INFO  net.lomibao.nes.components.CPU6502 - 243,F3,???,???,???,1,8,IMP
16:44:41.940 [Test worker] INFO  net.lomibao.nes.components.CPU6502 - 244,F4,???,???,???,1,4,IMP
16:44:41.940 [Test worker] INFO  net.lomibao.nes.components.CPU6502 - 245,F5,SBC,ZeroPage;X,Subtract with Carry,2,4,ZPX
16:44:41.940 [Test worker] INFO  net.lomibao.nes.components.CPU6502 - 246,F6,INC,ZeroPage;X,Increment Memory,2,6,ZPX
16:44:41.941 [Test worker] INFO  net.lomibao.nes.components.CPU6502 - 247,F7,???,???,???,1,6,IMP
16:44:41.941 [Test worker] INFO  net.lomibao.nes.components.CPU6502 - 248,F8,SED,Implied,Set Decimal Flag,1,2,IMP
16:44:41.941 [Test worker] INFO  net.lomibao.nes.components.CPU6502 - 249,F9,SBC,Absolute;Y,Subtract with Carry,3,4,ABY
16:44:41.941 [Test worker] INFO  net.lomibao.nes.components.CPU6502 - 250,FA,NOP,???,???,1,2,IMP
16:44:41.941 [Test worker] INFO  net.lomibao.nes.components.CPU6502 - 251,FB,???,???,???,1,7,IMP
16:44:41.941 [Test worker] INFO  net.lomibao.nes.components.CPU6502 - 252,FC,???,???,???,1,4,IMP
16:44:41.941 [Test worker] INFO  net.lomibao.nes.components.CPU6502 - 253,FD,SBC,Absolute;X,Subtract with Carry,3,4,ABX
16:44:41.941 [Test worker] INFO  net.lomibao.nes.components.CPU6502 - 254,FE,INC,Absolute;X,Increment Memory,3,7,ABX
16:44:41.941 [Test worker] INFO  net.lomibao.nes.components.CPU6502 - 255,FF,???,???,???,1,7,IMP
16:44:41.979 [Test worker] INFO  net.lomibao.nes.components.CPU6502 - 0,00,BRK,Implied,Force Interrupt,1,7,IMM
16:44:41.979 [Test worker] INFO  net.lomibao.nes.components.CPU6502 - 1,01,ORA,(Indirect;X),Logical Inclusive OR,2,6,IZX
16:44:41.979 [Test worker] INFO  net.lomibao.nes.components.CPU6502 - 2,02,???,???,???,1,2,IMP
16:44:41.979 [Test worker] INFO  net.lomibao.nes.components.CPU6502 - 3,03,???,???,???,1,8,IMP
16:44:41.979 [Test worker] INFO  net.lomibao.nes.components.CPU6502 - 4,04,???,???,???,1,3,IMP
16:44:41.979 [Test worker] INFO  net.lomibao.nes.components.CPU6502 - 5,05,ORA,ZeroPage,Logical Inclusive OR,2,3,ZP0
16:44:41.979 [Test worker] INFO  net.lomibao.nes.components.CPU6502 - 6,06,ASL,ZeroPage,Arithmetic Shift Left,2,5,ZP0
16:44:41.979 [Test worker] INFO  net.lomibao.nes.components.CPU6502 - 7,07,???,???,???,1,5,IMP
16:44:41.979 [Test worker] INFO  net.lomibao.nes.components.CPU6502 - 8,08,PHP,Implied,Push Processor Status,1,3,IMP
16:44:41.979 [Test worker] INFO  net.lomibao.nes.components.CPU6502 - 9,09,ORA,Immediate,Logical Inclusive OR,2,2,IMM
16:44:41.979 [Test worker] INFO  net.lomibao.nes.components.CPU6502 - 10,0A,ASL,Accumulator,Arithmetic Shift Left,1,2,IMP
16:44:41.979 [Test worker] INFO  net.lomibao.nes.components.CPU6502 - 11,0B,???,???,???,1,2,IMP
16:44:41.979 [Test worker] INFO  net.lomibao.nes.components.CPU6502 - 12,0C,???,???,???,1,4,IMP
16:44:41.979 [Test worker] INFO  net.lomibao.nes.components.CPU6502 - 13,0D,ORA,Absolute,Logical Inclusive OR,3,4,ABS
16:44:41.979 [Test worker] INFO  net.lomibao.nes.components.CPU6502 - 14,0E,ASL,Absolute,Arithmetic Shift Left,3,6,ABS
16:44:41.979 [Test worker] INFO  net.lomibao.nes.components.CPU6502 - 15,0F,???,???,???,1,6,IMP
16:44:41.979 [Test worker] INFO  net.lomibao.nes.components.CPU6502 - 16,10,BPL,Relative,Branch if Positive,2,2,REL
16:44:41.979 [Test worker] INFO  net.lomibao.nes.components.CPU6502 - 17,11,ORA,(Indirect);Y,Logical Inclusive OR,2,5,IZY
16:44:41.980 [Test worker] INFO  net.lomibao.nes.components.CPU6502 - 18,12,???,???,???,1,2,IMP
16:44:41.980 [Test worker] INFO  net.lomibao.nes.components.CPU6502 - 19,13,???,???,???,1,8,IMP
16:44:41.980 [Test worker] INFO  net.lomibao.nes.components.CPU6502 - 20,14,???,???,???,1,4,IMP
16:44:41.980 [Test worker] INFO  net.lomibao.nes.components.CPU6502 - 21,15,ORA,ZeroPage;X,Logical Inclusive OR,2,4,ZPX
16:44:41.980 [Test worker] INFO  net.lomibao.nes.components.CPU6502 - 22,16,ASL,ZeroPage;X,Arithmetic Shift Left,2,6,ZPX
16:44:41.980 [Test worker] INFO  net.lomibao.nes.components.CPU6502 - 23,17,???,???,???,1,6,IMP
16:44:41.980 [Test worker] INFO  net.lomibao.nes.components.CPU6502 - 24,18,CLC,Implied,Clear Carry Flag,1,2,IMP
16:44:41.980 [Test worker] INFO  net.lomibao.nes.components.CPU6502 - 25,19,ORA,Absolute;Y,Logical Inclusive OR,3,4,ABY
16:44:41.980 [Test worker] INFO  net.lomibao.nes.components.CPU6502 - 26,1A,???,???,???,1,2,IMP
16:44:41.980 [Test worker] INFO  net.lomibao.nes.components.CPU6502 - 27,1B,???,???,???,1,7,IMP
16:44:41.980 [Test worker] INFO  net.lomibao.nes.components.CPU6502 - 28,1C,???,???,???,1,4,IMP
16:44:41.980 [Test worker] INFO  net.lomibao.nes.components.CPU6502 - 29,1D,ORA,Absolute;X,Logical Inclusive OR,3,4,ABX
16:44:41.980 [Test worker] INFO  net.lomibao.nes.components.CPU6502 - 30,1E,ASL,Absolute;X,Arithmetic Shift Left,3,7,ABX
16:44:41.980 [Test worker] INFO  net.lomibao.nes.components.CPU6502 - 31,1F,???,???,???,1,7,IMP
16:44:41.981 [Test worker] INFO  net.lomibao.nes.components.CPU6502 - 32,20,JSR,Absolute,Jump to Subroutine,3,6,ABS
16:44:41.981 [Test worker] INFO  net.lomibao.nes.components.CPU6502 - 33,21,AND,(Indirect;X),Logical AND,2,6,IZX
16:44:41.981 [Test worker] INFO  net.lomibao.nes.components.CPU6502 - 34,22,???,???,???,1,2,IMP
16:44:41.981 [Test worker] INFO  net.lomibao.nes.components.CPU6502 - 35,23,???,???,???,1,8,IMP
16:44:41.981 [Test worker] INFO  net.lomibao.nes.components.CPU6502 - 36,24,BIT,ZeroPage,Bit Test,2,3,ZP0
16:44:41.981 [Test worker] INFO  net.lomibao.nes.components.CPU6502 - 37,25,AND,ZeroPage,Logical AND,2,3,ZP0
16:44:41.981 [Test worker] INFO  net.lomibao.nes.components.CPU6502 - 38,26,ROL,ZeroPage,Rotate Left,2,5,ZP0
16:44:41.981 [Test worker] INFO  net.lomibao.nes.components.CPU6502 - 39,27,???,???,???,1,5,IMP
16:44:41.981 [Test worker] INFO  net.lomibao.nes.components.CPU6502 - 40,28,PLP,Implied,Pull Processor Status,1,4,IMP
16:44:41.981 [Test worker] INFO  net.lomibao.nes.components.CPU6502 - 41,29,AND,Immediate,Logical AND,2,2,IMM
16:44:41.981 [Test worker] INFO  net.lomibao.nes.components.CPU6502 - 42,2A,ROL,Accumulator,Rotate Left,1,2,IMP
16:44:41.981 [Test worker] INFO  net.lomibao.nes.components.CPU6502 - 43,2B,???,???,???,1,2,IMP
16:44:41.981 [Test worker] INFO  net.lomibao.nes.components.CPU6502 - 44,2C,BIT,Absolute,Bit Test,3,4,ABS
16:44:41.981 [Test worker] INFO  net.lomibao.nes.components.CPU6502 - 45,2D,AND,Absolute,Logical AND,3,4,ABS
16:44:41.981 [Test worker] INFO  net.lomibao.nes.components.CPU6502 - 46,2E,ROL,Absolute,Rotate Left,3,6,ABS
16:44:41.981 [Test worker] INFO  net.lomibao.nes.components.CPU6502 - 47,2F,???,???,???,1,6,IMP
16:44:41.983 [Test worker] INFO  net.lomibao.nes.components.CPU6502 - 48,30,BMI,Relative,Branch if Minus,2,2,REL
16:44:41.983 [Test worker] INFO  net.lomibao.nes.components.CPU6502 - 49,31,AND,(Indirect);Y,Logical AND,2,5,IZY
16:44:41.983 [Test worker] INFO  net.lomibao.nes.components.CPU6502 - 50,32,???,???,???,1,2,IMP
16:44:41.983 [Test worker] INFO  net.lomibao.nes.components.CPU6502 - 51,33,???,???,???,1,8,IMP
16:44:41.983 [Test worker] INFO  net.lomibao.nes.components.CPU6502 - 52,34,???,???,???,1,4,IMP
16:44:41.983 [Test worker] INFO  net.lomibao.nes.components.CPU6502 - 53,35,AND,ZeroPage;X,Logical AND,2,4,ZPX
16:44:41.983 [Test worker] INFO  net.lomibao.nes.components.CPU6502 - 54,36,ROL,ZeroPage;X,Rotate Left,2,6,ZPX
16:44:41.983 [Test worker] INFO  net.lomibao.nes.components.CPU6502 - 55,37,???,???,???,1,6,IMP
16:44:41.983 [Test worker] INFO  net.lomibao.nes.components.CPU6502 - 56,38,SEC,Implied,Set Carry Flag,1,2,IMP
16:44:41.983 [Test worker] INFO  net.lomibao.nes.components.CPU6502 - 57,39,AND,Absolute;Y,Logical AND,3,4,ABY
16:44:41.983 [Test worker] INFO  net.lomibao.nes.components.CPU6502 - 58,3A,???,???,???,1,2,IMP
16:44:41.983 [Test worker] INFO  net.lomibao.nes.components.CPU6502 - 59,3B,???,???,???,1,7,IMP
16:44:41.983 [Test worker] INFO  net.lomibao.nes.components.CPU6502 - 60,3C,???,???,???,1,4,IMP
16:44:41.983 [Test worker] INFO  net.lomibao.nes.components.CPU6502 - 61,3D,AND,Absolute;X,Logical AND,3,4,ABX
16:44:41.983 [Test worker] INFO  net.lomibao.nes.components.CPU6502 - 62,3E,ROL,Absolute;X,Rotate Left,3,7,ABX
16:44:41.983 [Test worker] INFO  net.lomibao.nes.components.CPU6502 - 63,3F,???,???,???,1,7,IMP
16:44:41.983 [Test worker] INFO  net.lomibao.nes.components.CPU6502 - 64,40,RTI,Implied,Return from Interrupt,1,6,IMP
16:44:41.983 [Test worker] INFO  net.lomibao.nes.components.CPU6502 - 65,41,EOR,(Indirect;X),Exclusive OR,2,6,IZX
16:44:41.984 [Test worker] INFO  net.lomibao.nes.components.CPU6502 - 66,42,???,???,???,1,2,IMP
16:44:41.984 [Test worker] INFO  net.lomibao.nes.components.CPU6502 - 67,43,???,???,???,1,8,IMP
16:44:41.984 [Test worker] INFO  net.lomibao.nes.components.CPU6502 - 68,44,???,???,???,1,3,IMP
16:44:41.984 [Test worker] INFO  net.lomibao.nes.components.CPU6502 - 69,45,EOR,ZeroPage,Exclusive OR,2,3,ZP0
16:44:41.984 [Test worker] INFO  net.lomibao.nes.components.CPU6502 - 70,46,LSR,ZeroPage,Logical Shift Right,2,5,ZP0
16:44:41.984 [Test worker] INFO  net.lomibao.nes.components.CPU6502 - 71,47,???,???,???,1,5,IMP
16:44:41.984 [Test worker] INFO  net.lomibao.nes.components.CPU6502 - 72,48,PHA,Implied,Push Accumulator,1,3,IMP
16:44:41.984 [Test worker] INFO  net.lomibao.nes.components.CPU6502 - 73,49,EOR,Immediate,Exclusive OR,2,2,IMM
16:44:41.984 [Test worker] INFO  net.lomibao.nes.components.CPU6502 - 74,4A,LSR,Accumulator,Logical Shift Right,1,2,IMP
16:44:41.984 [Test worker] INFO  net.lomibao.nes.components.CPU6502 - 75,4B,???,???,???,1,2,IMP
16:44:41.984 [Test worker] INFO  net.lomibao.nes.components.CPU6502 - 76,4C,JMP,Absolute,Jump,3,3,ABS
16:44:41.985 [Test worker] INFO  net.lomibao.nes.components.CPU6502 - 77,4D,EOR,Absolute,Exclusive OR,3,4,ABS
16:44:41.985 [Test worker] INFO  net.lomibao.nes.components.CPU6502 - 78,4E,LSR,Absolute,Logical Shift Right,3,6,ABS
16:44:41.985 [Test worker] INFO  net.lomibao.nes.components.CPU6502 - 79,4F,???,???,???,1,6,IMP
16:44:41.985 [Test worker] INFO  net.lomibao.nes.components.CPU6502 - 80,50,BVC,Relative,Branch if Overflow Clear,2,2,REL
16:44:41.985 [Test worker] INFO  net.lomibao.nes.components.CPU6502 - 81,51,EOR,(Indirect);Y,Exclusive OR,2,5,IZY
16:44:41.985 [Test worker] INFO  net.lomibao.nes.components.CPU6502 - 82,52,???,???,???,1,2,IMP
16:44:41.985 [Test worker] INFO  net.lomibao.nes.components.CPU6502 - 83,53,???,???,???,1,8,IMP
16:44:41.985 [Test worker] INFO  net.lomibao.nes.components.CPU6502 - 84,54,???,???,???,1,4,IMP
16:44:41.985 [Test worker] INFO  net.lomibao.nes.components.CPU6502 - 85,55,EOR,ZeroPage;X,Exclusive OR,2,4,ZPX
16:44:41.985 [Test worker] INFO  net.lomibao.nes.components.CPU6502 - 86,56,LSR,ZeroPage;X,Logical Shift Right,2,6,ZPX
16:44:41.985 [Test worker] INFO  net.lomibao.nes.components.CPU6502 - 87,57,???,???,???,1,6,IMP
16:44:41.985 [Test worker] INFO  net.lomibao.nes.components.CPU6502 - 88,58,CLI,Implied,Clear Interrupt Disable,1,2,IMP
16:44:41.985 [Test worker] INFO  net.lomibao.nes.components.CPU6502 - 89,59,EOR,Absolute;Y,Exclusive OR,3,4,ABY
16:44:41.985 [Test worker] INFO  net.lomibao.nes.components.CPU6502 - 90,5A,???,???,???,1,2,IMP
16:44:41.985 [Test worker] INFO  net.lomibao.nes.components.CPU6502 - 91,5B,???,???,???,1,7,IMP
16:44:41.985 [Test worker] INFO  net.lomibao.nes.components.CPU6502 - 92,5C,???,???,???,1,4,IMP
16:44:41.985 [Test worker] INFO  net.lomibao.nes.components.CPU6502 - 93,5D,EOR,Absolute;X,Exclusive OR,3,4,ABX
16:44:41.985 [Test worker] INFO  net.lomibao.nes.components.CPU6502 - 94,5E,LSR,Absolute;X,Logical Shift Right,3,7,ABX
16:44:41.985 [Test worker] INFO  net.lomibao.nes.components.CPU6502 - 95,5F,???,???,???,1,7,IMP
16:44:41.985 [Test worker] INFO  net.lomibao.nes.components.CPU6502 - 96,60,RTS,Implied,Return from Subroutine,1,6,IMP
16:44:41.985 [Test worker] INFO  net.lomibao.nes.components.CPU6502 - 97,61,ADC,(Indirect;X),Add with Carry,2,6,IZX
16:44:41.985 [Test worker] INFO  net.lomibao.nes.components.CPU6502 - 98,62,???,???,???,1,2,IMP
16:44:41.985 [Test worker] INFO  net.lomibao.nes.components.CPU6502 - 99,63,???,???,???,1,8,IMP
16:44:41.985 [Test worker] INFO  net.lomibao.nes.components.CPU6502 - 100,64,???,???,???,1,3,IMP
16:44:41.986 [Test worker] INFO  net.lomibao.nes.components.CPU6502 - 101,65,ADC,ZeroPage,Add with Carry,2,3,ZP0
16:44:41.986 [Test worker] INFO  net.lomibao.nes.components.CPU6502 - 102,66,ROR,ZeroPage,Rotate Right,2,5,ZP0
16:44:41.986 [Test worker] INFO  net.lomibao.nes.components.CPU6502 - 103,67,???,???,???,1,5,IMP
16:44:41.986 [Test worker] INFO  net.lomibao.nes.components.CPU6502 - 104,68,PLA,Implied,Pull Accumulator,1,4,IMP
16:44:41.986 [Test worker] INFO  net.lomibao.nes.components.CPU6502 - 105,69,ADC,Immediate,Add with Carry,2,2,IMM
16:44:41.986 [Test worker] INFO  net.lomibao.nes.components.CPU6502 - 106,6A,ROR,Accumulator,Rotate Right,1,2,IMP
16:44:41.986 [Test worker] INFO  net.lomibao.nes.components.CPU6502 - 107,6B,???,???,???,1,2,IMP
16:44:41.986 [Test worker] INFO  net.lomibao.nes.components.CPU6502 - 108,6C,JMP,Indirect ,Jump,3,5,IND
16:44:41.986 [Test worker] INFO  net.lomibao.nes.components.CPU6502 - 109,6D,ADC,Absolute,Add with Carry,3,4,ABS
16:44:41.986 [Test worker] INFO  net.lomibao.nes.components.CPU6502 - 110,6E,ROR,Absolute,Rotate Right,3,6,ABS
16:44:41.986 [Test worker] INFO  net.lomibao.nes.components.CPU6502 - 111,6F,???,???,???,1,6,IMP
16:44:41.986 [Test worker] INFO  net.lomibao.nes.components.CPU6502 - 112,70,BVS,Relative,Branch if Overflow Set,2,2,REL
16:44:41.986 [Test worker] INFO  net.lomibao.nes.components.CPU6502 - 113,71,ADC,(Indirect);Y,Add with Carry,2,5,IZY
16:44:41.986 [Test worker] INFO  net.lomibao.nes.components.CPU6502 - 114,72,???,???,???,1,2,IMP
16:44:41.987 [Test worker] INFO  net.lomibao.nes.components.CPU6502 - 115,73,???,???,???,1,8,IMP
16:44:41.987 [Test worker] INFO  net.lomibao.nes.components.CPU6502 - 116,74,???,???,???,1,4,IMP
16:44:41.987 [Test worker] INFO  net.lomibao.nes.components.CPU6502 - 117,75,ADC,ZeroPage;X,Add with Carry,2,4,ZPX
16:44:41.987 [Test worker] INFO  net.lomibao.nes.components.CPU6502 - 118,76,ROR,ZeroPage;X,Rotate Right,2,6,ZPX
16:44:41.987 [Test worker] INFO  net.lomibao.nes.components.CPU6502 - 119,77,???,???,???,1,6,IMP
16:44:41.987 [Test worker] INFO  net.lomibao.nes.components.CPU6502 - 120,78,SEI,Implied,Set Interrupt Disable,1,2,IMP
16:44:41.987 [Test worker] INFO  net.lomibao.nes.components.CPU6502 - 121,79,ADC,Absolute;Y,Add with Carry,3,4,ABY
16:44:41.987 [Test worker] INFO  net.lomibao.nes.components.CPU6502 - 122,7A,???,???,???,1,2,IMP
16:44:41.987 [Test worker] INFO  net.lomibao.nes.components.CPU6502 - 123,7B,???,???,???,1,7,IMP
16:44:41.988 [Test worker] INFO  net.lomibao.nes.components.CPU6502 - 124,7C,???,???,???,1,4,IMP
16:44:41.988 [Test worker] INFO  net.lomibao.nes.components.CPU6502 - 125,7D,ADC,Absolute;X,Add with Carry,3,4,ABX
16:44:41.988 [Test worker] INFO  net.lomibao.nes.components.CPU6502 - 126,7E,ROR,Absolute;X,Rotate Right,3,7,ABX
16:44:41.989 [Test worker] INFO  net.lomibao.nes.components.CPU6502 - 127,7F,???,???,???,1,7,IMP
16:44:41.989 [Test worker] INFO  net.lomibao.nes.components.CPU6502 - 128,80,???,???,???,1,2,IMP
16:44:41.989 [Test worker] INFO  net.lomibao.nes.components.CPU6502 - 129,81,STA,(Indirect;X),Store Accumulator,2,6,IZX
16:44:41.989 [Test worker] INFO  net.lomibao.nes.components.CPU6502 - 130,82,???,???,???,1,2,IMP
16:44:41.990 [Test worker] INFO  net.lomibao.nes.components.CPU6502 - 131,83,???,???,???,1,6,IMP
16:44:41.990 [Test worker] INFO  net.lomibao.nes.components.CPU6502 - 132,84,STY,ZeroPage,Store Y Register,2,3,ZP0
16:44:41.990 [Test worker] INFO  net.lomibao.nes.components.CPU6502 - 133,85,STA,ZeroPage,Store Accumulator,2,3,ZP0
16:44:41.990 [Test worker] INFO  net.lomibao.nes.components.CPU6502 - 134,86,STX,ZeroPage,Store X Register,2,3,ZP0
16:44:41.990 [Test worker] INFO  net.lomibao.nes.components.CPU6502 - 135,87,???,???,???,1,3,IMP
16:44:41.990 [Test worker] INFO  net.lomibao.nes.components.CPU6502 - 136,88,DEY,Implied,Decrement Y Register,1,2,IMP
16:44:41.990 [Test worker] INFO  net.lomibao.nes.components.CPU6502 - 137,89,???,???,???,1,2,IMP
16:44:41.990 [Test worker] INFO  net.lomibao.nes.components.CPU6502 - 138,8A,TXA,Implied,Transfer X to Accumulator,1,2,IMP
16:44:41.990 [Test worker] INFO  net.lomibao.nes.components.CPU6502 - 139,8B,???,???,???,1,2,IMP
16:44:41.990 [Test worker] INFO  net.lomibao.nes.components.CPU6502 - 140,8C,STY,Absolute,Store Y Register,3,4,ABS
16:44:41.991 [Test worker] INFO  net.lomibao.nes.components.CPU6502 - 141,8D,STA,Absolute,Store Accumulator,3,4,ABS
16:44:41.991 [Test worker] INFO  net.lomibao.nes.components.CPU6502 - 142,8E,STX,Absolute,Store X Register,3,4,ABS
16:44:41.991 [Test worker] INFO  net.lomibao.nes.components.CPU6502 - 143,8F,???,???,???,1,4,IMP
16:44:41.991 [Test worker] INFO  net.lomibao.nes.components.CPU6502 - 144,90,BCC,Relative,Branch if Carry Clear,2,2,REL
16:44:41.991 [Test worker] INFO  net.lomibao.nes.components.CPU6502 - 145,91,STA,(Indirect);Y,Store Accumulator,2,6,IZY
16:44:41.991 [Test worker] INFO  net.lomibao.nes.components.CPU6502 - 146,92,???,???,???,1,2,IMP
16:44:41.991 [Test worker] INFO  net.lomibao.nes.components.CPU6502 - 147,93,???,???,???,1,6,IMP
16:44:41.991 [Test worker] INFO  net.lomibao.nes.components.CPU6502 - 148,94,STY,ZeroPage;X,Store Y Register,2,4,ZPX
16:44:41.991 [Test worker] INFO  net.lomibao.nes.components.CPU6502 - 149,95,STA,ZeroPage;X,Store Accumulator,2,4,ZPX
16:44:41.991 [Test worker] INFO  net.lomibao.nes.components.CPU6502 - 150,96,STX,ZeroPage;Y,Store X Register,2,4,ZPY
16:44:41.992 [Test worker] INFO  net.lomibao.nes.components.CPU6502 - 151,97,???,???,???,1,4,IMP
16:44:41.992 [Test worker] INFO  net.lomibao.nes.components.CPU6502 - 152,98,TYA,Implied,Transfer Y to Accumulator,1,2,IMP
16:44:41.992 [Test worker] INFO  net.lomibao.nes.components.CPU6502 - 153,99,STA,Absolute;Y,Store Accumulator,3,5,ABY
16:44:41.992 [Test worker] INFO  net.lomibao.nes.components.CPU6502 - 154,9A,TXS,Implied,Transfer X to Stack Pointer,1,2,IMP
16:44:41.992 [Test worker] INFO  net.lomibao.nes.components.CPU6502 - 155,9B,???,???,???,1,5,IMP
16:44:41.992 [Test worker] INFO  net.lomibao.nes.components.CPU6502 - 156,9C,???,???,???,1,5,IMP
16:44:41.992 [Test worker] INFO  net.lomibao.nes.components.CPU6502 - 157,9D,STA,Absolute;X,Store Accumulator,3,5,ABX
16:44:41.992 [Test worker] INFO  net.lomibao.nes.components.CPU6502 - 158,9E,???,???,???,1,5,IMP
16:44:41.992 [Test worker] INFO  net.lomibao.nes.components.CPU6502 - 159,9F,???,???,???,1,5,IMP
16:44:41.992 [Test worker] INFO  net.lomibao.nes.components.CPU6502 - 160,A0,LDY,Immediate,Load Y Register,2,2,IMM
16:44:41.992 [Test worker] INFO  net.lomibao.nes.components.CPU6502 - 161,A1,LDA,(Indirect;X),Load Accumulator,2,6,IZX
16:44:41.992 [Test worker] INFO  net.lomibao.nes.components.CPU6502 - 162,A2,LDX,Immediate,Load X Register,2,2,IMM
16:44:41.992 [Test worker] INFO  net.lomibao.nes.components.CPU6502 - 163,A3,???,???,???,1,6,IMP
16:44:41.992 [Test worker] INFO  net.lomibao.nes.components.CPU6502 - 164,A4,LDY,ZeroPage,Load Y Register,2,3,ZP0
16:44:41.992 [Test worker] INFO  net.lomibao.nes.components.CPU6502 - 165,A5,LDA,ZeroPage,Load Accumulator,2,3,ZP0
16:44:41.992 [Test worker] INFO  net.lomibao.nes.components.CPU6502 - 166,A6,LDX,ZeroPage,Load X Register,2,3,ZP0
16:44:41.992 [Test worker] INFO  net.lomibao.nes.components.CPU6502 - 167,A7,???,???,???,1,3,IMP
16:44:41.994 [Test worker] INFO  net.lomibao.nes.components.CPU6502 - 168,A8,TAY,Implied,Transfer Accumulator to Y,1,2,IMP
16:44:41.994 [Test worker] INFO  net.lomibao.nes.components.CPU6502 - 169,A9,LDA,Immediate,Load Accumulator,2,2,IMM
16:44:41.994 [Test worker] INFO  net.lomibao.nes.components.CPU6502 - 170,AA,TAX,Implied,Transfer Accumulator to X,1,2,IMP
16:44:41.994 [Test worker] INFO  net.lomibao.nes.components.CPU6502 - 171,AB,???,???,???,1,2,IMP
16:44:41.994 [Test worker] INFO  net.lomibao.nes.components.CPU6502 - 172,AC,LDY,Absolute,Load Y Register,3,4,ABS
16:44:41.994 [Test worker] INFO  net.lomibao.nes.components.CPU6502 - 173,AD,LDA,Absolute,Load Accumulator,3,4,ABS
16:44:41.994 [Test worker] INFO  net.lomibao.nes.components.CPU6502 - 174,AE,LDX,Absolute,Load X Register,3,4,ABS
16:44:41.994 [Test worker] INFO  net.lomibao.nes.components.CPU6502 - 175,AF,???,???,???,1,4,IMP
16:44:41.994 [Test worker] INFO  net.lomibao.nes.components.CPU6502 - 176,B0,BCS,Relative,Branch if Carry Set,2,2,REL
16:44:41.994 [Test worker] INFO  net.lomibao.nes.components.CPU6502 - 177,B1,LDA,(Indirect);Y,Load Accumulator,2,5,IZY
16:44:41.994 [Test worker] INFO  net.lomibao.nes.components.CPU6502 - 178,B2,???,???,???,1,2,IMP
16:44:41.994 [Test worker] INFO  net.lomibao.nes.components.CPU6502 - 179,B3,???,???,???,1,5,IMP
16:44:41.994 [Test worker] INFO  net.lomibao.nes.components.CPU6502 - 180,B4,LDY,ZeroPage;X,Load Y Register,2,4,ZPX
16:44:41.994 [Test worker] INFO  net.lomibao.nes.components.CPU6502 - 181,B5,LDA,ZeroPage;X,Load Accumulator,2,4,ZPX
16:44:41.994 [Test worker] INFO  net.lomibao.nes.components.CPU6502 - 182,B6,LDX,ZeroPage;Y,Load X Register,2,4,ZPY
16:44:41.994 [Test worker] INFO  net.lomibao.nes.components.CPU6502 - 183,B7,???,???,???,1,4,IMP
16:44:41.995 [Test worker] INFO  net.lomibao.nes.components.CPU6502 - 184,B8,CLV,Implied,Clear Overflow Flag,1,2,IMP
16:44:41.995 [Test worker] INFO  net.lomibao.nes.components.CPU6502 - 185,B9,LDA,Absolute;Y,Load Accumulator,3,4,ABY
16:44:41.995 [Test worker] INFO  net.lomibao.nes.components.CPU6502 - 186,BA,TSX,Implied,Transfer Stack Pointer to X,1,2,IMP
16:44:41.995 [Test worker] INFO  net.lomibao.nes.components.CPU6502 - 187,BB,???,???,???,1,4,IMP
16:44:41.995 [Test worker] INFO  net.lomibao.nes.components.CPU6502 - 188,BC,LDY,Absolute;X,Load Y Register,3,4,ABX
16:44:41.995 [Test worker] INFO  net.lomibao.nes.components.CPU6502 - 189,BD,LDA,Absolute;X,Load Accumulator,3,4,ABX
16:44:41.995 [Test worker] INFO  net.lomibao.nes.components.CPU6502 - 190,BE,LDX,Absolute;Y,Load X Register,3,4,ABY
16:44:41.995 [Test worker] INFO  net.lomibao.nes.components.CPU6502 - 191,BF,???,???,???,1,4,IMP
16:44:41.995 [Test worker] INFO  net.lomibao.nes.components.CPU6502 - 192,C0,CPY,Immediate,Compare Y Register,2,2,IMM
16:44:41.995 [Test worker] INFO  net.lomibao.nes.components.CPU6502 - 193,C1,CMP,(Indirect;X),Compare,2,6,IZX
16:44:41.995 [Test worker] INFO  net.lomibao.nes.components.CPU6502 - 194,C2,???,???,???,1,2,IMP
16:44:41.996 [Test worker] INFO  net.lomibao.nes.components.CPU6502 - 195,C3,???,???,???,1,8,IMP
16:44:41.996 [Test worker] INFO  net.lomibao.nes.components.CPU6502 - 196,C4,CPY,ZeroPage,Compare Y Register,2,3,ZP0
16:44:41.996 [Test worker] INFO  net.lomibao.nes.components.CPU6502 - 197,C5,CMP,ZeroPage,Compare,2,3,ZP0
16:44:41.996 [Test worker] INFO  net.lomibao.nes.components.CPU6502 - 198,C6,DEC,ZeroPage,Decrement Memory,2,5,ZP0
16:44:41.996 [Test worker] INFO  net.lomibao.nes.components.CPU6502 - 199,C7,???,???,???,1,5,IMP
16:44:41.996 [Test worker] INFO  net.lomibao.nes.components.CPU6502 - 200,C8,INY,Implied,Increment Y Register,1,2,IMP
16:44:41.996 [Test worker] INFO  net.lomibao.nes.components.CPU6502 - 201,C9,CMP,Immediate,Compare,2,2,IMM
16:44:41.996 [Test worker] INFO  net.lomibao.nes.components.CPU6502 - 202,CA,DEX,Implied,Decrement X Register,1,2,IMP
16:44:41.996 [Test worker] INFO  net.lomibao.nes.components.CPU6502 - 203,CB,???,???,???,1,2,IMP
16:44:41.996 [Test worker] INFO  net.lomibao.nes.components.CPU6502 - 204,CC,CPY,Absolute,Compare Y Register,3,4,ABS
16:44:41.996 [Test worker] INFO  net.lomibao.nes.components.CPU6502 - 205,CD,CMP,Absolute,Compare,3,4,ABS
16:44:41.996 [Test worker] INFO  net.lomibao.nes.components.CPU6502 - 206,CE,DEC,Absolute,Decrement Memory,3,6,ABS
16:44:41.996 [Test worker] INFO  net.lomibao.nes.components.CPU6502 - 207,CF,???,???,???,1,6,IMP
16:44:41.996 [Test worker] INFO  net.lomibao.nes.components.CPU6502 - 208,D0,BNE,Relative,Branch if Not Equal,2,2,REL
16:44:41.996 [Test worker] INFO  net.lomibao.nes.components.CPU6502 - 209,D1,CMP,(Indirect);Y,Compare,2,5,IZY
16:44:41.996 [Test worker] INFO  net.lomibao.nes.components.CPU6502 - 210,D2,???,???,???,1,2,IMP
16:44:41.996 [Test worker] INFO  net.lomibao.nes.components.CPU6502 - 211,D3,???,???,???,1,8,IMP
16:44:41.996 [Test worker] INFO  net.lomibao.nes.components.CPU6502 - 212,D4,???,???,???,1,4,IMP
16:44:41.996 [Test worker] INFO  net.lomibao.nes.components.CPU6502 - 213,D5,CMP,ZeroPage;X,Compare,2,4,ZPX
16:44:41.997 [Test worker] INFO  net.lomibao.nes.components.CPU6502 - 214,D6,DEC,ZeroPage;X,Decrement Memory,2,6,ZPX
16:44:41.997 [Test worker] INFO  net.lomibao.nes.components.CPU6502 - 215,D7,???,???,???,1,6,IMP
16:44:41.997 [Test worker] INFO  net.lomibao.nes.components.CPU6502 - 216,D8,CLD,Implied,Clear Decimal Mode,1,2,IMP
16:44:41.997 [Test worker] INFO  net.lomibao.nes.components.CPU6502 - 217,D9,CMP,Absolute;Y,Compare,3,4,ABY
16:44:41.997 [Test worker] INFO  net.lomibao.nes.components.CPU6502 - 218,DA,NOP,???,???,1,2,IMP
16:44:41.997 [Test worker] INFO  net.lomibao.nes.components.CPU6502 - 219,DB,???,???,???,1,7,IMP
16:44:41.997 [Test worker] INFO  net.lomibao.nes.components.CPU6502 - 220,DC,???,???,???,1,4,IMP
16:44:41.997 [Test worker] INFO  net.lomibao.nes.components.CPU6502 - 221,DD,CMP,Absolute;X,Compare,3,4,ABX
16:44:41.997 [Test worker] INFO  net.lomibao.nes.components.CPU6502 - 222,DE,DEC,Absolute;X,Decrement Memory,3,7,ABX
16:44:41.997 [Test worker] INFO  net.lomibao.nes.components.CPU6502 - 223,DF,???,???,???,1,7,IMP
16:44:41.997 [Test worker] INFO  net.lomibao.nes.components.CPU6502 - 224,E0,CPX,Immediate,Compare X Register,2,2,IMM
16:44:41.997 [Test worker] INFO  net.lomibao.nes.components.CPU6502 - 225,E1,SBC,(Indirect;X),Subtract with Carry,2,6,IZX
16:44:41.997 [Test worker] INFO  net.lomibao.nes.components.CPU6502 - 226,E2,???,???,???,1,2,IMP
16:44:41.997 [Test worker] INFO  net.lomibao.nes.components.CPU6502 - 227,E3,???,???,???,1,8,IMP
16:44:41.997 [Test worker] INFO  net.lomibao.nes.components.CPU6502 - 228,E4,CPX,ZeroPage,Compare X Register,2,3,ZP0
16:44:41.997 [Test worker] INFO  net.lomibao.nes.components.CPU6502 - 229,E5,SBC,ZeroPage,Subtract with Carry,2,3,ZP0
16:44:41.997 [Test worker] INFO  net.lomibao.nes.components.CPU6502 - 230,E6,INC,ZeroPage,Increment Memory,2,5,ZP0
16:44:41.997 [Test worker] INFO  net.lomibao.nes.components.CPU6502 - 231,E7,???,???,???,1,5,IMP
16:44:41.997 [Test worker] INFO  net.lomibao.nes.components.CPU6502 - 232,E8,INX,Implied,Increment X Register,1,2,IMP
16:44:41.997 [Test worker] INFO  net.lomibao.nes.components.CPU6502 - 233,E9,SBC,Immediate,Subtract with Carry,2,2,IMM
16:44:41.997 [Test worker] INFO  net.lomibao.nes.components.CPU6502 - 234,EA,NOP,Implied,No Operation,1,2,IMP
16:44:41.997 [Test worker] INFO  net.lomibao.nes.components.CPU6502 - 235,EB,???,???,???,1,2,IMP
16:44:41.997 [Test worker] INFO  net.lomibao.nes.components.CPU6502 - 236,EC,CPX,Absolute,Compare X Register,3,4,ABS
16:44:41.998 [Test worker] INFO  net.lomibao.nes.components.CPU6502 - 237,ED,SBC,Absolute,Subtract with Carry,3,4,ABS
16:44:41.998 [Test worker] INFO  net.lomibao.nes.components.CPU6502 - 238,EE,INC,Absolute,Increment Memory,3,6,ABS
16:44:41.998 [Test worker] INFO  net.lomibao.nes.components.CPU6502 - 239,EF,???,???,???,1,6,IMP
16:44:41.998 [Test worker] INFO  net.lomibao.nes.components.CPU6502 - 240,F0,BEQ,Relative,Branch if Equal,2,2,REL
16:44:41.998 [Test worker] INFO  net.lomibao.nes.components.CPU6502 - 241,F1,SBC,(Indirect);Y,Subtract with Carry,2,5,IZY
16:44:41.998 [Test worker] INFO  net.lomibao.nes.components.CPU6502 - 242,F2,???,???,???,1,2,IMP
16:44:41.998 [Test worker] INFO  net.lomibao.nes.components.CPU6502 - 243,F3,???,???,???,1,8,IMP
16:44:41.998 [Test worker] INFO  net.lomibao.nes.components.CPU6502 - 244,F4,???,???,???,1,4,IMP
16:44:41.998 [Test worker] INFO  net.lomibao.nes.components.CPU6502 - 245,F5,SBC,ZeroPage;X,Subtract with Carry,2,4,ZPX
16:44:41.998 [Test worker] INFO  net.lomibao.nes.components.CPU6502 - 246,F6,INC,ZeroPage;X,Increment Memory,2,6,ZPX
16:44:41.999 [Test worker] INFO  net.lomibao.nes.components.CPU6502 - 247,F7,???,???,???,1,6,IMP
16:44:41.999 [Test worker] INFO  net.lomibao.nes.components.CPU6502 - 248,F8,SED,Implied,Set Decimal Flag,1,2,IMP
16:44:41.999 [Test worker] INFO  net.lomibao.nes.components.CPU6502 - 249,F9,SBC,Absolute;Y,Subtract with Carry,3,4,ABY
16:44:41.999 [Test worker] INFO  net.lomibao.nes.components.CPU6502 - 250,FA,NOP,???,???,1,2,IMP
16:44:41.999 [Test worker] INFO  net.lomibao.nes.components.CPU6502 - 251,FB,???,???,???,1,7,IMP
16:44:41.999 [Test worker] INFO  net.lomibao.nes.components.CPU6502 - 252,FC,???,???,???,1,4,IMP
16:44:41.999 [Test worker] INFO  net.lomibao.nes.components.CPU6502 - 253,FD,SBC,Absolute;X,Subtract with Carry,3,4,ABX
16:44:42.000 [Test worker] INFO  net.lomibao.nes.components.CPU6502 - 254,FE,INC,Absolute;X,Increment Memory,3,7,ABX
16:44:42.000 [Test worker] INFO  net.lomibao.nes.components.CPU6502 - 255,FF,???,???,???,1,7,IMP
16:44:42.012 [Test worker] INFO  net.lomibao.nes.components.CPU6502 - 0,00,BRK,Implied,Force Interrupt,1,7,IMM
16:44:42.012 [Test worker] INFO  net.lomibao.nes.components.CPU6502 - 1,01,ORA,(Indirect;X),Logical Inclusive OR,2,6,IZX
16:44:42.012 [Test worker] INFO  net.lomibao.nes.components.CPU6502 - 2,02,???,???,???,1,2,IMP
16:44:42.013 [Test worker] INFO  net.lomibao.nes.components.CPU6502 - 3,03,???,???,???,1,8,IMP
16:44:42.013 [Test worker] INFO  net.lomibao.nes.components.CPU6502 - 4,04,???,???,???,1,3,IMP
16:44:42.013 [Test worker] INFO  net.lomibao.nes.components.CPU6502 - 5,05,ORA,ZeroPage,Logical Inclusive OR,2,3,ZP0
16:44:42.013 [Test worker] INFO  net.lomibao.nes.components.CPU6502 - 6,06,ASL,ZeroPage,Arithmetic Shift Left,2,5,ZP0
16:44:42.013 [Test worker] INFO  net.lomibao.nes.components.CPU6502 - 7,07,???,???,???,1,5,IMP
16:44:42.013 [Test worker] INFO  net.lomibao.nes.components.CPU6502 - 8,08,PHP,Implied,Push Processor Status,1,3,IMP
16:44:42.013 [Test worker] INFO  net.lomibao.nes.components.CPU6502 - 9,09,ORA,Immediate,Logical Inclusive OR,2,2,IMM
16:44:42.013 [Test worker] INFO  net.lomibao.nes.components.CPU6502 - 10,0A,ASL,Accumulator,Arithmetic Shift Left,1,2,IMP
16:44:42.013 [Test worker] INFO  net.lomibao.nes.components.CPU6502 - 11,0B,???,???,???,1,2,IMP
16:44:42.013 [Test worker] INFO  net.lomibao.nes.components.CPU6502 - 12,0C,???,???,???,1,4,IMP
16:44:42.013 [Test worker] INFO  net.lomibao.nes.components.CPU6502 - 13,0D,ORA,Absolute,Logical Inclusive OR,3,4,ABS
16:44:42.013 [Test worker] INFO  net.lomibao.nes.components.CPU6502 - 14,0E,ASL,Absolute,Arithmetic Shift Left,3,6,ABS
16:44:42.013 [Test worker] INFO  net.lomibao.nes.components.CPU6502 - 15,0F,???,???,???,1,6,IMP
16:44:42.013 [Test worker] INFO  net.lomibao.nes.components.CPU6502 - 16,10,BPL,Relative,Branch if Positive,2,2,REL
16:44:42.013 [Test worker] INFO  net.lomibao.nes.components.CPU6502 - 17,11,ORA,(Indirect);Y,Logical Inclusive OR,2,5,IZY
16:44:42.013 [Test worker] INFO  net.lomibao.nes.components.CPU6502 - 18,12,???,???,???,1,2,IMP
16:44:42.013 [Test worker] INFO  net.lomibao.nes.components.CPU6502 - 19,13,???,???,???,1,8,IMP
16:44:42.013 [Test worker] INFO  net.lomibao.nes.components.CPU6502 - 20,14,???,???,???,1,4,IMP
16:44:42.013 [Test worker] INFO  net.lomibao.nes.components.CPU6502 - 21,15,ORA,ZeroPage;X,Logical Inclusive OR,2,4,ZPX
16:44:42.013 [Test worker] INFO  net.lomibao.nes.components.CPU6502 - 22,16,ASL,ZeroPage;X,Arithmetic Shift Left,2,6,ZPX
16:44:42.013 [Test worker] INFO  net.lomibao.nes.components.CPU6502 - 23,17,???,???,???,1,6,IMP
16:44:42.013 [Test worker] INFO  net.lomibao.nes.components.CPU6502 - 24,18,CLC,Implied,Clear Carry Flag,1,2,IMP
16:44:42.013 [Test worker] INFO  net.lomibao.nes.components.CPU6502 - 25,19,ORA,Absolute;Y,Logical Inclusive OR,3,4,ABY
16:44:42.013 [Test worker] INFO  net.lomibao.nes.components.CPU6502 - 26,1A,???,???,???,1,2,IMP
16:44:42.013 [Test worker] INFO  net.lomibao.nes.components.CPU6502 - 27,1B,???,???,???,1,7,IMP
16:44:42.013 [Test worker] INFO  net.lomibao.nes.components.CPU6502 - 28,1C,???,???,???,1,4,IMP
16:44:42.013 [Test worker] INFO  net.lomibao.nes.components.CPU6502 - 29,1D,ORA,Absolute;X,Logical Inclusive OR,3,4,ABX
16:44:42.013 [Test worker] INFO  net.lomibao.nes.components.CPU6502 - 30,1E,ASL,Absolute;X,Arithmetic Shift Left,3,7,ABX
16:44:42.013 [Test worker] INFO  net.lomibao.nes.components.CPU6502 - 31,1F,???,???,???,1,7,IMP
16:44:42.013 [Test worker] INFO  net.lomibao.nes.components.CPU6502 - 32,20,JSR,Absolute,Jump to Subroutine,3,6,ABS
16:44:42.013 [Test worker] INFO  net.lomibao.nes.components.CPU6502 - 33,21,AND,(Indirect;X),Logical AND,2,6,IZX
16:44:42.015 [Test worker] INFO  net.lomibao.nes.components.CPU6502 - 34,22,???,???,???,1,2,IMP
16:44:42.015 [Test worker] INFO  net.lomibao.nes.components.CPU6502 - 35,23,???,???,???,1,8,IMP
16:44:42.015 [Test worker] INFO  net.lomibao.nes.components.CPU6502 - 36,24,BIT,ZeroPage,Bit Test,2,3,ZP0
16:44:42.015 [Test worker] INFO  net.lomibao.nes.components.CPU6502 - 37,25,AND,ZeroPage,Logical AND,2,3,ZP0
16:44:42.015 [Test worker] INFO  net.lomibao.nes.components.CPU6502 - 38,26,ROL,ZeroPage,Rotate Left,2,5,ZP0
16:44:42.015 [Test worker] INFO  net.lomibao.nes.components.CPU6502 - 39,27,???,???,???,1,5,IMP
16:44:42.015 [Test worker] INFO  net.lomibao.nes.components.CPU6502 - 40,28,PLP,Implied,Pull Processor Status,1,4,IMP
16:44:42.015 [Test worker] INFO  net.lomibao.nes.components.CPU6502 - 41,29,AND,Immediate,Logical AND,2,2,IMM
16:44:42.016 [Test worker] INFO  net.lomibao.nes.components.CPU6502 - 42,2A,ROL,Accumulator,Rotate Left,1,2,IMP
16:44:42.016 [Test worker] INFO  net.lomibao.nes.components.CPU6502 - 43,2B,???,???,???,1,2,IMP
16:44:42.016 [Test worker] INFO  net.lomibao.nes.components.CPU6502 - 44,2C,BIT,Absolute,Bit Test,3,4,ABS
16:44:42.016 [Test worker] INFO  net.lomibao.nes.components.CPU6502 - 45,2D,AND,Absolute,Logical AND,3,4,ABS
16:44:42.016 [Test worker] INFO  net.lomibao.nes.components.CPU6502 - 46,2E,ROL,Absolute,Rotate Left,3,6,ABS
16:44:42.016 [Test worker] INFO  net.lomibao.nes.components.CPU6502 - 47,2F,???,???,???,1,6,IMP
16:44:42.016 [Test worker] INFO  net.lomibao.nes.components.CPU6502 - 48,30,BMI,Relative,Branch if Minus,2,2,REL
16:44:42.016 [Test worker] INFO  net.lomibao.nes.components.CPU6502 - 49,31,AND,(Indirect);Y,Logical AND,2,5,IZY
16:44:42.016 [Test worker] INFO  net.lomibao.nes.components.CPU6502 - 50,32,???,???,???,1,2,IMP
16:44:42.016 [Test worker] INFO  net.lomibao.nes.components.CPU6502 - 51,33,???,???,???,1,8,IMP
16:44:42.016 [Test worker] INFO  net.lomibao.nes.components.CPU6502 - 52,34,???,???,???,1,4,IMP
16:44:42.016 [Test worker] INFO  net.lomibao.nes.components.CPU6502 - 53,35,AND,ZeroPage;X,Logical AND,2,4,ZPX
16:44:42.016 [Test worker] INFO  net.lomibao.nes.components.CPU6502 - 54,36,ROL,ZeroPage;X,Rotate Left,2,6,ZPX
16:44:42.016 [Test worker] INFO  net.lomibao.nes.components.CPU6502 - 55,37,???,???,???,1,6,IMP
16:44:42.016 [Test worker] INFO  net.lomibao.nes.components.CPU6502 - 56,38,SEC,Implied,Set Carry Flag,1,2,IMP
16:44:42.017 [Test worker] INFO  net.lomibao.nes.components.CPU6502 - 57,39,AND,Absolute;Y,Logical AND,3,4,ABY
16:44:42.017 [Test worker] INFO  net.lomibao.nes.components.CPU6502 - 58,3A,???,???,???,1,2,IMP
16:44:42.017 [Test worker] INFO  net.lomibao.nes.components.CPU6502 - 59,3B,???,???,???,1,7,IMP
16:44:42.017 [Test worker] INFO  net.lomibao.nes.components.CPU6502 - 60,3C,???,???,???,1,4,IMP
16:44:42.017 [Test worker] INFO  net.lomibao.nes.components.CPU6502 - 61,3D,AND,Absolute;X,Logical AND,3,4,ABX
16:44:42.017 [Test worker] INFO  net.lomibao.nes.components.CPU6502 - 62,3E,ROL,Absolute;X,Rotate Left,3,7,ABX
16:44:42.017 [Test worker] INFO  net.lomibao.nes.components.CPU6502 - 63,3F,???,???,???,1,7,IMP
16:44:42.017 [Test worker] INFO  net.lomibao.nes.components.CPU6502 - 64,40,RTI,Implied,Return from Interrupt,1,6,IMP
16:44:42.017 [Test worker] INFO  net.lomibao.nes.components.CPU6502 - 65,41,EOR,(Indirect;X),Exclusive OR,2,6,IZX
16:44:42.017 [Test worker] INFO  net.lomibao.nes.components.CPU6502 - 66,42,???,???,???,1,2,IMP
16:44:42.017 [Test worker] INFO  net.lomibao.nes.components.CPU6502 - 67,43,???,???,???,1,8,IMP
16:44:42.017 [Test worker] INFO  net.lomibao.nes.components.CPU6502 - 68,44,???,???,???,1,3,IMP
16:44:42.017 [Test worker] INFO  net.lomibao.nes.components.CPU6502 - 69,45,EOR,ZeroPage,Exclusive OR,2,3,ZP0
16:44:42.017 [Test worker] INFO  net.lomibao.nes.components.CPU6502 - 70,46,LSR,ZeroPage,Logical Shift Right,2,5,ZP0
16:44:42.017 [Test worker] INFO  net.lomibao.nes.components.CPU6502 - 71,47,???,???,???,1,5,IMP
16:44:42.017 [Test worker] INFO  net.lomibao.nes.components.CPU6502 - 72,48,PHA,Implied,Push Accumulator,1,3,IMP
16:44:42.017 [Test worker] INFO  net.lomibao.nes.components.CPU6502 - 73,49,EOR,Immediate,Exclusive OR,2,2,IMM
16:44:42.017 [Test worker] INFO  net.lomibao.nes.components.CPU6502 - 74,4A,LSR,Accumulator,Logical Shift Right,1,2,IMP
16:44:42.017 [Test worker] INFO  net.lomibao.nes.components.CPU6502 - 75,4B,???,???,???,1,2,IMP
16:44:42.017 [Test worker] INFO  net.lomibao.nes.components.CPU6502 - 76,4C,JMP,Absolute,Jump,3,3,ABS
16:44:42.017 [Test worker] INFO  net.lomibao.nes.components.CPU6502 - 77,4D,EOR,Absolute,Exclusive OR,3,4,ABS
16:44:42.017 [Test worker] INFO  net.lomibao.nes.components.CPU6502 - 78,4E,LSR,Absolute,Logical Shift Right,3,6,ABS
16:44:42.017 [Test worker] INFO  net.lomibao.nes.components.CPU6502 - 79,4F,???,???,???,1,6,IMP
16:44:42.017 [Test worker] INFO  net.lomibao.nes.components.CPU6502 - 80,50,BVC,Relative,Branch if Overflow Clear,2,2,REL
16:44:42.017 [Test worker] INFO  net.lomibao.nes.components.CPU6502 - 81,51,EOR,(Indirect);Y,Exclusive OR,2,5,IZY
16:44:42.018 [Test worker] INFO  net.lomibao.nes.components.CPU6502 - 82,52,???,???,???,1,2,IMP
16:44:42.018 [Test worker] INFO  net.lomibao.nes.components.CPU6502 - 83,53,???,???,???,1,8,IMP
16:44:42.018 [Test worker] INFO  net.lomibao.nes.components.CPU6502 - 84,54,???,???,???,1,4,IMP
16:44:42.018 [Test worker] INFO  net.lomibao.nes.components.CPU6502 - 85,55,EOR,ZeroPage;X,Exclusive OR,2,4,ZPX
16:44:42.018 [Test worker] INFO  net.lomibao.nes.components.CPU6502 - 86,56,LSR,ZeroPage;X,Logical Shift Right,2,6,ZPX
16:44:42.018 [Test worker] INFO  net.lomibao.nes.components.CPU6502 - 87,57,???,???,???,1,6,IMP
16:44:42.018 [Test worker] INFO  net.lomibao.nes.components.CPU6502 - 88,58,CLI,Implied,Clear Interrupt Disable,1,2,IMP
16:44:42.018 [Test worker] INFO  net.lomibao.nes.components.CPU6502 - 89,59,EOR,Absolute;Y,Exclusive OR,3,4,ABY
16:44:42.018 [Test worker] INFO  net.lomibao.nes.components.CPU6502 - 90,5A,???,???,???,1,2,IMP
16:44:42.018 [Test worker] INFO  net.lomibao.nes.components.CPU6502 - 91,5B,???,???,???,1,7,IMP
16:44:42.018 [Test worker] INFO  net.lomibao.nes.components.CPU6502 - 92,5C,???,???,???,1,4,IMP
16:44:42.018 [Test worker] INFO  net.lomibao.nes.components.CPU6502 - 93,5D,EOR,Absolute;X,Exclusive OR,3,4,ABX
16:44:42.018 [Test worker] INFO  net.lomibao.nes.components.CPU6502 - 94,5E,LSR,Absolute;X,Logical Shift Right,3,7,ABX
16:44:42.018 [Test worker] INFO  net.lomibao.nes.components.CPU6502 - 95,5F,???,???,???,1,7,IMP
16:44:42.018 [Test worker] INFO  net.lomibao.nes.components.CPU6502 - 96,60,RTS,Implied,Return from Subroutine,1,6,IMP
16:44:42.018 [Test worker] INFO  net.lomibao.nes.components.CPU6502 - 97,61,ADC,(Indirect;X),Add with Carry,2,6,IZX
16:44:42.018 [Test worker] INFO  net.lomibao.nes.components.CPU6502 - 98,62,???,???,???,1,2,IMP
16:44:42.018 [Test worker] INFO  net.lomibao.nes.components.CPU6502 - 99,63,???,???,???,1,8,IMP
16:44:42.018 [Test worker] INFO  net.lomibao.nes.components.CPU6502 - 100,64,???,???,???,1,3,IMP
16:44:42.019 [Test worker] INFO  net.lomibao.nes.components.CPU6502 - 101,65,ADC,ZeroPage,Add with Carry,2,3,ZP0
16:44:42.019 [Test worker] INFO  net.lomibao.nes.components.CPU6502 - 102,66,ROR,ZeroPage,Rotate Right,2,5,ZP0
16:44:42.019 [Test worker] INFO  net.lomibao.nes.components.CPU6502 - 103,67,???,???,???,1,5,IMP
16:44:42.019 [Test worker] INFO  net.lomibao.nes.components.CPU6502 - 104,68,PLA,Implied,Pull Accumulator,1,4,IMP
16:44:42.019 [Test worker] INFO  net.lomibao.nes.components.CPU6502 - 105,69,ADC,Immediate,Add with Carry,2,2,IMM
16:44:42.019 [Test worker] INFO  net.lomibao.nes.components.CPU6502 - 106,6A,ROR,Accumulator,Rotate Right,1,2,IMP
16:44:42.019 [Test worker] INFO  net.lomibao.nes.components.CPU6502 - 107,6B,???,???,???,1,2,IMP
16:44:42.019 [Test worker] INFO  net.lomibao.nes.components.CPU6502 - 108,6C,JMP,Indirect ,Jump,3,5,IND
16:44:42.019 [Test worker] INFO  net.lomibao.nes.components.CPU6502 - 109,6D,ADC,Absolute,Add with Carry,3,4,ABS
16:44:42.020 [Test worker] INFO  net.lomibao.nes.components.CPU6502 - 110,6E,ROR,Absolute,Rotate Right,3,6,ABS
16:44:42.020 [Test worker] INFO  net.lomibao.nes.components.CPU6502 - 111,6F,???,???,???,1,6,IMP
16:44:42.020 [Test worker] INFO  net.lomibao.nes.components.CPU6502 - 112,70,BVS,Relative,Branch if Overflow Set,2,2,REL
16:44:42.020 [Test worker] INFO  net.lomibao.nes.components.CPU6502 - 113,71,ADC,(Indirect);Y,Add with Carry,2,5,IZY
16:44:42.020 [Test worker] INFO  net.lomibao.nes.components.CPU6502 - 114,72,???,???,???,1,2,IMP
16:44:42.020 [Test worker] INFO  net.lomibao.nes.components.CPU6502 - 115,73,???,???,???,1,8,IMP
16:44:42.020 [Test worker] INFO  net.lomibao.nes.components.CPU6502 - 116,74,???,???,???,1,4,IMP
16:44:42.020 [Test worker] INFO  net.lomibao.nes.components.CPU6502 - 117,75,ADC,ZeroPage;X,Add with Carry,2,4,ZPX
16:44:42.020 [Test worker] INFO  net.lomibao.nes.components.CPU6502 - 118,76,ROR,ZeroPage;X,Rotate Right,2,6,ZPX
16:44:42.020 [Test worker] INFO  net.lomibao.nes.components.CPU6502 - 119,77,???,???,???,1,6,IMP
16:44:42.020 [Test worker] INFO  net.lomibao.nes.components.CPU6502 - 120,78,SEI,Implied,Set Interrupt Disable,1,2,IMP
16:44:42.020 [Test worker] INFO  net.lomibao.nes.components.CPU6502 - 121,79,ADC,Absolute;Y,Add with Carry,3,4,ABY
16:44:42.020 [Test worker] INFO  net.lomibao.nes.components.CPU6502 - 122,7A,???,???,???,1,2,IMP
16:44:42.020 [Test worker] INFO  net.lomibao.nes.components.CPU6502 - 123,7B,???,???,???,1,7,IMP
16:44:42.020 [Test worker] INFO  net.lomibao.nes.components.CPU6502 - 124,7C,???,???,???,1,4,IMP
16:44:42.020 [Test worker] INFO  net.lomibao.nes.components.CPU6502 - 125,7D,ADC,Absolute;X,Add with Carry,3,4,ABX
16:44:42.020 [Test worker] INFO  net.lomibao.nes.components.CPU6502 - 126,7E,ROR,Absolute;X,Rotate Right,3,7,ABX
16:44:42.020 [Test worker] INFO  net.lomibao.nes.components.CPU6502 - 127,7F,???,???,???,1,7,IMP
16:44:42.021 [Test worker] INFO  net.lomibao.nes.components.CPU6502 - 128,80,???,???,???,1,2,IMP
16:44:42.021 [Test worker] INFO  net.lomibao.nes.components.CPU6502 - 129,81,STA,(Indirect;X),Store Accumulator,2,6,IZX
16:44:42.021 [Test worker] INFO  net.lomibao.nes.components.CPU6502 - 130,82,???,???,???,1,2,IMP
16:44:42.021 [Test worker] INFO  net.lomibao.nes.components.CPU6502 - 131,83,???,???,???,1,6,IMP
16:44:42.021 [Test worker] INFO  net.lomibao.nes.components.CPU6502 - 132,84,STY,ZeroPage,Store Y Register,2,3,ZP0
16:44:42.021 [Test worker] INFO  net.lomibao.nes.components.CPU6502 - 133,85,STA,ZeroPage,Store Accumulator,2,3,ZP0
16:44:42.021 [Test worker] INFO  net.lomibao.nes.components.CPU6502 - 134,86,STX,ZeroPage,Store X Register,2,3,ZP0
16:44:42.021 [Test worker] INFO  net.lomibao.nes.components.CPU6502 - 135,87,???,???,???,1,3,IMP
16:44:42.022 [Test worker] INFO  net.lomibao.nes.components.CPU6502 - 136,88,DEY,Implied,Decrement Y Register,1,2,IMP
16:44:42.022 [Test worker] INFO  net.lomibao.nes.components.CPU6502 - 137,89,???,???,???,1,2,IMP
16:44:42.022 [Test worker] INFO  net.lomibao.nes.components.CPU6502 - 138,8A,TXA,Implied,Transfer X to Accumulator,1,2,IMP
16:44:42.022 [Test worker] INFO  net.lomibao.nes.components.CPU6502 - 139,8B,???,???,???,1,2,IMP
16:44:42.022 [Test worker] INFO  net.lomibao.nes.components.CPU6502 - 140,8C,STY,Absolute,Store Y Register,3,4,ABS
16:44:42.022 [Test worker] INFO  net.lomibao.nes.components.CPU6502 - 141,8D,STA,Absolute,Store Accumulator,3,4,ABS
16:44:42.022 [Test worker] INFO  net.lomibao.nes.components.CPU6502 - 142,8E,STX,Absolute,Store X Register,3,4,ABS
16:44:42.022 [Test worker] INFO  net.lomibao.nes.components.CPU6502 - 143,8F,???,???,???,1,4,IMP
16:44:42.022 [Test worker] INFO  net.lomibao.nes.components.CPU6502 - 144,90,BCC,Relative,Branch if Carry Clear,2,2,REL
16:44:42.022 [Test worker] INFO  net.lomibao.nes.components.CPU6502 - 145,91,STA,(Indirect);Y,Store Accumulator,2,6,IZY
16:44:42.022 [Test worker] INFO  net.lomibao.nes.components.CPU6502 - 146,92,???,???,???,1,2,IMP
16:44:42.022 [Test worker] INFO  net.lomibao.nes.components.CPU6502 - 147,93,???,???,???,1,6,IMP
16:44:42.023 [Test worker] INFO  net.lomibao.nes.components.CPU6502 - 148,94,STY,ZeroPage;X,Store Y Register,2,4,ZPX
16:44:42.023 [Test worker] INFO  net.lomibao.nes.components.CPU6502 - 149,95,STA,ZeroPage;X,Store Accumulator,2,4,ZPX
16:44:42.023 [Test worker] INFO  net.lomibao.nes.components.CPU6502 - 150,96,STX,ZeroPage;Y,Store X Register,2,4,ZPY
16:44:42.023 [Test worker] INFO  net.lomibao.nes.components.CPU6502 - 151,97,???,???,???,1,4,IMP
16:44:42.024 [Test worker] INFO  net.lomibao.nes.components.CPU6502 - 152,98,TYA,Implied,Transfer Y to Accumulator,1,2,IMP
16:44:42.024 [Test worker] INFO  net.lomibao.nes.components.CPU6502 - 153,99,STA,Absolute;Y,Store Accumulator,3,5,ABY
16:44:42.024 [Test worker] INFO  net.lomibao.nes.components.CPU6502 - 154,9A,TXS,Implied,Transfer X to Stack Pointer,1,2,IMP
16:44:42.024 [Test worker] INFO  net.lomibao.nes.components.CPU6502 - 155,9B,???,???,???,1,5,IMP
16:44:42.024 [Test worker] INFO  net.lomibao.nes.components.CPU6502 - 156,9C,???,???,???,1,5,IMP
16:44:42.024 [Test worker] INFO  net.lomibao.nes.components.CPU6502 - 157,9D,STA,Absolute;X,Store Accumulator,3,5,ABX
16:44:42.024 [Test worker] INFO  net.lomibao.nes.components.CPU6502 - 158,9E,???,???,???,1,5,IMP
16:44:42.024 [Test worker] INFO  net.lomibao.nes.components.CPU6502 - 159,9F,???,???,???,1,5,IMP
16:44:42.024 [Test worker] INFO  net.lomibao.nes.components.CPU6502 - 160,A0,LDY,Immediate,Load Y Register,2,2,IMM
16:44:42.024 [Test worker] INFO  net.lomibao.nes.components.CPU6502 - 161,A1,LDA,(Indirect;X),Load Accumulator,2,6,IZX
16:44:42.024 [Test worker] INFO  net.lomibao.nes.components.CPU6502 - 162,A2,LDX,Immediate,Load X Register,2,2,IMM
16:44:42.024 [Test worker] INFO  net.lomibao.nes.components.CPU6502 - 163,A3,???,???,???,1,6,IMP
16:44:42.024 [Test worker] INFO  net.lomibao.nes.components.CPU6502 - 164,A4,LDY,ZeroPage,Load Y Register,2,3,ZP0
16:44:42.024 [Test worker] INFO  net.lomibao.nes.components.CPU6502 - 165,A5,LDA,ZeroPage,Load Accumulator,2,3,ZP0
16:44:42.024 [Test worker] INFO  net.lomibao.nes.components.CPU6502 - 166,A6,LDX,ZeroPage,Load X Register,2,3,ZP0
16:44:42.024 [Test worker] INFO  net.lomibao.nes.components.CPU6502 - 167,A7,???,???,???,1,3,IMP
16:44:42.024 [Test worker] INFO  net.lomibao.nes.components.CPU6502 - 168,A8,TAY,Implied,Transfer Accumulator to Y,1,2,IMP
16:44:42.024 [Test worker] INFO  net.lomibao.nes.components.CPU6502 - 169,A9,LDA,Immediate,Load Accumulator,2,2,IMM
16:44:42.024 [Test worker] INFO  net.lomibao.nes.components.CPU6502 - 170,AA,TAX,Implied,Transfer Accumulator to X,1,2,IMP
16:44:42.024 [Test worker] INFO  net.lomibao.nes.components.CPU6502 - 171,AB,???,???,???,1,2,IMP
16:44:42.024 [Test worker] INFO  net.lomibao.nes.components.CPU6502 - 172,AC,LDY,Absolute,Load Y Register,3,4,ABS
16:44:42.024 [Test worker] INFO  net.lomibao.nes.components.CPU6502 - 173,AD,LDA,Absolute,Load Accumulator,3,4,ABS
16:44:42.024 [Test worker] INFO  net.lomibao.nes.components.CPU6502 - 174,AE,LDX,Absolute,Load X Register,3,4,ABS
16:44:42.024 [Test worker] INFO  net.lomibao.nes.components.CPU6502 - 175,AF,???,???,???,1,4,IMP
16:44:42.024 [Test worker] INFO  net.lomibao.nes.components.CPU6502 - 176,B0,BCS,Relative,Branch if Carry Set,2,2,REL
16:44:42.025 [Test worker] INFO  net.lomibao.nes.components.CPU6502 - 177,B1,LDA,(Indirect);Y,Load Accumulator,2,5,IZY
16:44:42.025 [Test worker] INFO  net.lomibao.nes.components.CPU6502 - 178,B2,???,???,???,1,2,IMP
16:44:42.025 [Test worker] INFO  net.lomibao.nes.components.CPU6502 - 179,B3,???,???,???,1,5,IMP
16:44:42.025 [Test worker] INFO  net.lomibao.nes.components.CPU6502 - 180,B4,LDY,ZeroPage;X,Load Y Register,2,4,ZPX
16:44:42.025 [Test worker] INFO  net.lomibao.nes.components.CPU6502 - 181,B5,LDA,ZeroPage;X,Load Accumulator,2,4,ZPX
16:44:42.025 [Test worker] INFO  net.lomibao.nes.components.CPU6502 - 182,B6,LDX,ZeroPage;Y,Load X Register,2,4,ZPY
16:44:42.025 [Test worker] INFO  net.lomibao.nes.components.CPU6502 - 183,B7,???,???,???,1,4,IMP
16:44:42.025 [Test worker] INFO  net.lomibao.nes.components.CPU6502 - 184,B8,CLV,Implied,Clear Overflow Flag,1,2,IMP
16:44:42.025 [Test worker] INFO  net.lomibao.nes.components.CPU6502 - 185,B9,LDA,Absolute;Y,Load Accumulator,3,4,ABY
16:44:42.025 [Test worker] INFO  net.lomibao.nes.components.CPU6502 - 186,BA,TSX,Implied,Transfer Stack Pointer to X,1,2,IMP
16:44:42.025 [Test worker] INFO  net.lomibao.nes.components.CPU6502 - 187,BB,???,???,???,1,4,IMP
16:44:42.025 [Test worker] INFO  net.lomibao.nes.components.CPU6502 - 188,BC,LDY,Absolute;X,Load Y Register,3,4,ABX
16:44:42.025 [Test worker] INFO  net.lomibao.nes.components.CPU6502 - 189,BD,LDA,Absolute;X,Load Accumulator,3,4,ABX
16:44:42.025 [Test worker] INFO  net.lomibao.nes.components.CPU6502 - 190,BE,LDX,Absolute;Y,Load X Register,3,4,ABY
16:44:42.025 [Test worker] INFO  net.lomibao.nes.components.CPU6502 - 191,BF,???,???,???,1,4,IMP
16:44:42.025 [Test worker] INFO  net.lomibao.nes.components.CPU6502 - 192,C0,CPY,Immediate,Compare Y Register,2,2,IMM
16:44:42.025 [Test worker] INFO  net.lomibao.nes.components.CPU6502 - 193,C1,CMP,(Indirect;X),Compare,2,6,IZX
16:44:42.025 [Test worker] INFO  net.lomibao.nes.components.CPU6502 - 194,C2,???,???,???,1,2,IMP
16:44:42.025 [Test worker] INFO  net.lomibao.nes.components.CPU6502 - 195,C3,???,???,???,1,8,IMP
16:44:42.025 [Test worker] INFO  net.lomibao.nes.components.CPU6502 - 196,C4,CPY,ZeroPage,Compare Y Register,2,3,ZP0
16:44:42.025 [Test worker] INFO  net.lomibao.nes.components.CPU6502 - 197,C5,CMP,ZeroPage,Compare,2,3,ZP0
16:44:42.025 [Test worker] INFO  net.lomibao.nes.components.CPU6502 - 198,C6,DEC,ZeroPage,Decrement Memory,2,5,ZP0
16:44:42.025 [Test worker] INFO  net.lomibao.nes.components.CPU6502 - 199,C7,???,???,???,1,5,IMP
16:44:42.025 [Test worker] INFO  net.lomibao.nes.components.CPU6502 - 200,C8,INY,Implied,Increment Y Register,1,2,IMP
16:44:42.025 [Test worker] INFO  net.lomibao.nes.components.CPU6502 - 201,C9,CMP,Immediate,Compare,2,2,IMM
16:44:42.025 [Test worker] INFO  net.lomibao.nes.components.CPU6502 - 202,CA,DEX,Implied,Decrement X Register,1,2,IMP
16:44:42.025 [Test worker] INFO  net.lomibao.nes.components.CPU6502 - 203,CB,???,???,???,1,2,IMP
16:44:42.025 [Test worker] INFO  net.lomibao.nes.components.CPU6502 - 204,CC,CPY,Absolute,Compare Y Register,3,4,ABS
16:44:42.025 [Test worker] INFO  net.lomibao.nes.components.CPU6502 - 205,CD,CMP,Absolute,Compare,3,4,ABS
16:44:42.025 [Test worker] INFO  net.lomibao.nes.components.CPU6502 - 206,CE,DEC,Absolute,Decrement Memory,3,6,ABS
16:44:42.025 [Test worker] INFO  net.lomibao.nes.components.CPU6502 - 207,CF,???,???,???,1,6,IMP
16:44:42.026 [Test worker] INFO  net.lomibao.nes.components.CPU6502 - 208,D0,BNE,Relative,Branch if Not Equal,2,2,REL
16:44:42.026 [Test worker] INFO  net.lomibao.nes.components.CPU6502 - 209,D1,CMP,(Indirect);Y,Compare,2,5,IZY
16:44:42.026 [Test worker] INFO  net.lomibao.nes.components.CPU6502 - 210,D2,???,???,???,1,2,IMP
16:44:42.026 [Test worker] INFO  net.lomibao.nes.components.CPU6502 - 211,D3,???,???,???,1,8,IMP
16:44:42.026 [Test worker] INFO  net.lomibao.nes.components.CPU6502 - 212,D4,???,???,???,1,4,IMP
16:44:42.026 [Test worker] INFO  net.lomibao.nes.components.CPU6502 - 213,D5,CMP,ZeroPage;X,Compare,2,4,ZPX
16:44:42.026 [Test worker] INFO  net.lomibao.nes.components.CPU6502 - 214,D6,DEC,ZeroPage;X,Decrement Memory,2,6,ZPX
16:44:42.026 [Test worker] INFO  net.lomibao.nes.components.CPU6502 - 215,D7,???,???,???,1,6,IMP
16:44:42.026 [Test worker] INFO  net.lomibao.nes.components.CPU6502 - 216,D8,CLD,Implied,Clear Decimal Mode,1,2,IMP
16:44:42.026 [Test worker] INFO  net.lomibao.nes.components.CPU6502 - 217,D9,CMP,Absolute;Y,Compare,3,4,ABY
16:44:42.026 [Test worker] INFO  net.lomibao.nes.components.CPU6502 - 218,DA,NOP,???,???,1,2,IMP
16:44:42.026 [Test worker] INFO  net.lomibao.nes.components.CPU6502 - 219,DB,???,???,???,1,7,IMP
16:44:42.026 [Test worker] INFO  net.lomibao.nes.components.CPU6502 - 220,DC,???,???,???,1,4,IMP
16:44:42.026 [Test worker] INFO  net.lomibao.nes.components.CPU6502 - 221,DD,CMP,Absolute;X,Compare,3,4,ABX
16:44:42.026 [Test worker] INFO  net.lomibao.nes.components.CPU6502 - 222,DE,DEC,Absolute;X,Decrement Memory,3,7,ABX
16:44:42.027 [Test worker] INFO  net.lomibao.nes.components.CPU6502 - 223,DF,???,???,???,1,7,IMP
16:44:42.027 [Test worker] INFO  net.lomibao.nes.components.CPU6502 - 224,E0,CPX,Immediate,Compare X Register,2,2,IMM
16:44:42.027 [Test worker] INFO  net.lomibao.nes.components.CPU6502 - 225,E1,SBC,(Indirect;X),Subtract with Carry,2,6,IZX
16:44:42.027 [Test worker] INFO  net.lomibao.nes.components.CPU6502 - 226,E2,???,???,???,1,2,IMP
16:44:42.027 [Test worker] INFO  net.lomibao.nes.components.CPU6502 - 227,E3,???,???,???,1,8,IMP
16:44:42.027 [Test worker] INFO  net.lomibao.nes.components.CPU6502 - 228,E4,CPX,ZeroPage,Compare X Register,2,3,ZP0
16:44:42.027 [Test worker] INFO  net.lomibao.nes.components.CPU6502 - 229,E5,SBC,ZeroPage,Subtract with Carry,2,3,ZP0
16:44:42.027 [Test worker] INFO  net.lomibao.nes.components.CPU6502 - 230,E6,INC,ZeroPage,Increment Memory,2,5,ZP0
16:44:42.027 [Test worker] INFO  net.lomibao.nes.components.CPU6502 - 231,E7,???,???,???,1,5,IMP
16:44:42.027 [Test worker] INFO  net.lomibao.nes.components.CPU6502 - 232,E8,INX,Implied,Increment X Register,1,2,IMP
16:44:42.027 [Test worker] INFO  net.lomibao.nes.components.CPU6502 - 233,E9,SBC,Immediate,Subtract with Carry,2,2,IMM
16:44:42.027 [Test worker] INFO  net.lomibao.nes.components.CPU6502 - 234,EA,NOP,Implied,No Operation,1,2,IMP
16:44:42.027 [Test worker] INFO  net.lomibao.nes.components.CPU6502 - 235,EB,???,???,???,1,2,IMP
16:44:42.027 [Test worker] INFO  net.lomibao.nes.components.CPU6502 - 236,EC,CPX,Absolute,Compare X Register,3,4,ABS
16:44:42.027 [Test worker] INFO  net.lomibao.nes.components.CPU6502 - 237,ED,SBC,Absolute,Subtract with Carry,3,4,ABS
16:44:42.027 [Test worker] INFO  net.lomibao.nes.components.CPU6502 - 238,EE,INC,Absolute,Increment Memory,3,6,ABS
16:44:42.027 [Test worker] INFO  net.lomibao.nes.components.CPU6502 - 239,EF,???,???,???,1,6,IMP
16:44:42.027 [Test worker] INFO  net.lomibao.nes.components.CPU6502 - 240,F0,BEQ,Relative,Branch if Equal,2,2,REL
16:44:42.027 [Test worker] INFO  net.lomibao.nes.components.CPU6502 - 241,F1,SBC,(Indirect);Y,Subtract with Carry,2,5,IZY
16:44:42.027 [Test worker] INFO  net.lomibao.nes.components.CPU6502 - 242,F2,???,???,???,1,2,IMP
16:44:42.027 [Test worker] INFO  net.lomibao.nes.components.CPU6502 - 243,F3,???,???,???,1,8,IMP
16:44:42.027 [Test worker] INFO  net.lomibao.nes.components.CPU6502 - 244,F4,???,???,???,1,4,IMP
16:44:42.027 [Test worker] INFO  net.lomibao.nes.components.CPU6502 - 245,F5,SBC,ZeroPage;X,Subtract with Carry,2,4,ZPX
16:44:42.027 [Test worker] INFO  net.lomibao.nes.components.CPU6502 - 246,F6,INC,ZeroPage;X,Increment Memory,2,6,ZPX
16:44:42.027 [Test worker] INFO  net.lomibao.nes.components.CPU6502 - 247,F7,???,???,???,1,6,IMP
16:44:42.027 [Test worker] INFO  net.lomibao.nes.components.CPU6502 - 248,F8,SED,Implied,Set Decimal Flag,1,2,IMP
16:44:42.027 [Test worker] INFO  net.lomibao.nes.components.CPU6502 - 249,F9,SBC,Absolute;Y,Subtract with Carry,3,4,ABY
16:44:42.027 [Test worker] INFO  net.lomibao.nes.components.CPU6502 - 250,FA,NOP,???,???,1,2,IMP
16:44:42.027 [Test worker] INFO  net.lomibao.nes.components.CPU6502 - 251,FB,???,???,???,1,7,IMP
16:44:42.027 [Test worker] INFO  net.lomibao.nes.components.CPU6502 - 252,FC,???,???,???,1,4,IMP
16:44:42.027 [Test worker] INFO  net.lomibao.nes.components.CPU6502 - 253,FD,SBC,Absolute;X,Subtract with Carry,3,4,ABX
16:44:42.027 [Test worker] INFO  net.lomibao.nes.components.CPU6502 - 254,FE,INC,Absolute;X,Increment Memory,3,7,ABX
16:44:42.027 [Test worker] INFO  net.lomibao.nes.components.CPU6502 - 255,FF,???,???,???,1,7,IMP
16:46:12.745 [Test worker] INFO  net.lomibao.nes.components.CPU6502 - 0,00,BRK,Implied,Force Interrupt,1,7,IMM
16:46:12.753 [Test worker] INFO  net.lomibao.nes.components.CPU6502 - 1,01,ORA,(Indirect;X),Logical Inclusive OR,2,6,IZX
16:46:12.753 [Test worker] INFO  net.lomibao.nes.components.CPU6502 - 2,02,???,???,???,1,2,IMP
16:46:12.753 [Test worker] INFO  net.lomibao.nes.components.CPU6502 - 3,03,???,???,???,1,8,IMP
16:46:12.753 [Test worker] INFO  net.lomibao.nes.components.CPU6502 - 4,04,???,???,???,1,3,IMP
16:46:12.754 [Test worker] INFO  net.lomibao.nes.components.CPU6502 - 5,05,ORA,ZeroPage,Logical Inclusive OR,2,3,ZP0
16:46:12.754 [Test worker] INFO  net.lomibao.nes.components.CPU6502 - 6,06,ASL,ZeroPage,Arithmetic Shift Left,2,5,ZP0
16:46:12.754 [Test worker] INFO  net.lomibao.nes.components.CPU6502 - 7,07,???,???,???,1,5,IMP
16:46:12.755 [Test worker] INFO  net.lomibao.nes.components.CPU6502 - 8,08,PHP,Implied,Push Processor Status,1,3,IMP
16:46:12.755 [Test worker] INFO  net.lomibao.nes.components.CPU6502 - 9,09,ORA,Immediate,Logical Inclusive OR,2,2,IMM
16:46:12.755 [Test worker] INFO  net.lomibao.nes.components.CPU6502 - 10,0A,ASL,Accumulator,Arithmetic Shift Left,1,2,IMP
16:46:12.755 [Test worker] INFO  net.lomibao.nes.components.CPU6502 - 11,0B,???,???,???,1,2,IMP
16:46:12.755 [Test worker] INFO  net.lomibao.nes.components.CPU6502 - 12,0C,???,???,???,1,4,IMP
16:46:12.755 [Test worker] INFO  net.lomibao.nes.components.CPU6502 - 13,0D,ORA,Absolute,Logical Inclusive OR,3,4,ABS
16:46:12.756 [Test worker] INFO  net.lomibao.nes.components.CPU6502 - 14,0E,ASL,Absolute,Arithmetic Shift Left,3,6,ABS
16:46:12.756 [Test worker] INFO  net.lomibao.nes.components.CPU6502 - 15,0F,???,???,???,1,6,IMP
16:46:12.756 [Test worker] INFO  net.lomibao.nes.components.CPU6502 - 16,10,BPL,Relative,Branch if Positive,2,2,REL
16:46:12.756 [Test worker] INFO  net.lomibao.nes.components.CPU6502 - 17,11,ORA,(Indirect);Y,Logical Inclusive OR,2,5,IZY
16:46:12.756 [Test worker] INFO  net.lomibao.nes.components.CPU6502 - 18,12,???,???,???,1,2,IMP
16:46:12.756 [Test worker] INFO  net.lomibao.nes.components.CPU6502 - 19,13,???,???,???,1,8,IMP
16:46:12.756 [Test worker] INFO  net.lomibao.nes.components.CPU6502 - 20,14,???,???,???,1,4,IMP
16:46:12.756 [Test worker] INFO  net.lomibao.nes.components.CPU6502 - 21,15,ORA,ZeroPage;X,Logical Inclusive OR,2,4,ZPX
16:46:12.757 [Test worker] INFO  net.lomibao.nes.components.CPU6502 - 22,16,ASL,ZeroPage;X,Arithmetic Shift Left,2,6,ZPX
16:46:12.757 [Test worker] INFO  net.lomibao.nes.components.CPU6502 - 23,17,???,???,???,1,6,IMP
16:46:12.757 [Test worker] INFO  net.lomibao.nes.components.CPU6502 - 24,18,CLC,Implied,Clear Carry Flag,1,2,IMP
16:46:12.757 [Test worker] INFO  net.lomibao.nes.components.CPU6502 - 25,19,ORA,Absolute;Y,Logical Inclusive OR,3,4,ABY
16:46:12.757 [Test worker] INFO  net.lomibao.nes.components.CPU6502 - 26,1A,???,???,???,1,2,IMP
16:46:12.757 [Test worker] INFO  net.lomibao.nes.components.CPU6502 - 27,1B,???,???,???,1,7,IMP
16:46:12.757 [Test worker] INFO  net.lomibao.nes.components.CPU6502 - 28,1C,???,???,???,1,4,IMP
16:46:12.757 [Test worker] INFO  net.lomibao.nes.components.CPU6502 - 29,1D,ORA,Absolute;X,Logical Inclusive OR,3,4,ABX
16:46:12.757 [Test worker] INFO  net.lomibao.nes.components.CPU6502 - 30,1E,ASL,Absolute;X,Arithmetic Shift Left,3,7,ABX
16:46:12.757 [Test worker] INFO  net.lomibao.nes.components.CPU6502 - 31,1F,???,???,???,1,7,IMP
16:46:12.757 [Test worker] INFO  net.lomibao.nes.components.CPU6502 - 32,20,JSR,Absolute,Jump to Subroutine,3,6,ABS
16:46:12.759 [Test worker] INFO  net.lomibao.nes.components.CPU6502 - 33,21,AND,(Indirect;X),Logical AND,2,6,IZX
16:46:12.759 [Test worker] INFO  net.lomibao.nes.components.CPU6502 - 34,22,???,???,???,1,2,IMP
16:46:12.759 [Test worker] INFO  net.lomibao.nes.components.CPU6502 - 35,23,???,???,???,1,8,IMP
16:46:12.759 [Test worker] INFO  net.lomibao.nes.components.CPU6502 - 36,24,BIT,ZeroPage,Bit Test,2,3,ZP0
16:46:12.759 [Test worker] INFO  net.lomibao.nes.components.CPU6502 - 37,25,AND,ZeroPage,Logical AND,2,3,ZP0
16:46:12.759 [Test worker] INFO  net.lomibao.nes.components.CPU6502 - 38,26,ROL,ZeroPage,Rotate Left,2,5,ZP0
16:46:12.759 [Test worker] INFO  net.lomibao.nes.components.CPU6502 - 39,27,???,???,???,1,5,IMP
16:46:12.759 [Test worker] INFO  net.lomibao.nes.components.CPU6502 - 40,28,PLP,Implied,Pull Processor Status,1,4,IMP
16:46:12.759 [Test worker] INFO  net.lomibao.nes.components.CPU6502 - 41,29,AND,Immediate,Logical AND,2,2,IMM
16:46:12.759 [Test worker] INFO  net.lomibao.nes.components.CPU6502 - 42,2A,ROL,Accumulator,Rotate Left,1,2,IMP
16:46:12.759 [Test worker] INFO  net.lomibao.nes.components.CPU6502 - 43,2B,???,???,???,1,2,IMP
16:46:12.759 [Test worker] INFO  net.lomibao.nes.components.CPU6502 - 44,2C,BIT,Absolute,Bit Test,3,4,ABS
16:46:12.759 [Test worker] INFO  net.lomibao.nes.components.CPU6502 - 45,2D,AND,Absolute,Logical AND,3,4,ABS
16:46:12.760 [Test worker] INFO  net.lomibao.nes.components.CPU6502 - 46,2E,ROL,Absolute,Rotate Left,3,6,ABS
16:46:12.760 [Test worker] INFO  net.lomibao.nes.components.CPU6502 - 47,2F,???,???,???,1,6,IMP
16:46:12.760 [Test worker] INFO  net.lomibao.nes.components.CPU6502 - 48,30,BMI,Relative,Branch if Minus,2,2,REL
16:46:12.760 [Test worker] INFO  net.lomibao.nes.components.CPU6502 - 49,31,AND,(Indirect);Y,Logical AND,2,5,IZY
16:46:12.760 [Test worker] INFO  net.lomibao.nes.components.CPU6502 - 50,32,???,???,???,1,2,IMP
16:46:12.760 [Test worker] INFO  net.lomibao.nes.components.CPU6502 - 51,33,???,???,???,1,8,IMP
16:46:12.760 [Test worker] INFO  net.lomibao.nes.components.CPU6502 - 52,34,???,???,???,1,4,IMP
16:46:12.760 [Test worker] INFO  net.lomibao.nes.components.CPU6502 - 53,35,AND,ZeroPage;X,Logical AND,2,4,ZPX
16:46:12.761 [Test worker] INFO  net.lomibao.nes.components.CPU6502 - 54,36,ROL,ZeroPage;X,Rotate Left,2,6,ZPX
16:46:12.761 [Test worker] INFO  net.lomibao.nes.components.CPU6502 - 55,37,???,???,???,1,6,IMP
16:46:12.761 [Test worker] INFO  net.lomibao.nes.components.CPU6502 - 56,38,SEC,Implied,Set Carry Flag,1,2,IMP
16:46:12.761 [Test worker] INFO  net.lomibao.nes.components.CPU6502 - 57,39,AND,Absolute;Y,Logical AND,3,4,ABY
16:46:12.761 [Test worker] INFO  net.lomibao.nes.components.CPU6502 - 58,3A,???,???,???,1,2,IMP
16:46:12.761 [Test worker] INFO  net.lomibao.nes.components.CPU6502 - 59,3B,???,???,???,1,7,IMP
16:46:12.761 [Test worker] INFO  net.lomibao.nes.components.CPU6502 - 60,3C,???,???,???,1,4,IMP
16:46:12.762 [Test worker] INFO  net.lomibao.nes.components.CPU6502 - 61,3D,AND,Absolute;X,Logical AND,3,4,ABX
16:46:12.763 [Test worker] INFO  net.lomibao.nes.components.CPU6502 - 62,3E,ROL,Absolute;X,Rotate Left,3,7,ABX
16:46:12.764 [Test worker] INFO  net.lomibao.nes.components.CPU6502 - 63,3F,???,???,???,1,7,IMP
16:46:12.764 [Test worker] INFO  net.lomibao.nes.components.CPU6502 - 64,40,RTI,Implied,Return from Interrupt,1,6,IMP
16:46:12.764 [Test worker] INFO  net.lomibao.nes.components.CPU6502 - 65,41,EOR,(Indirect;X),Exclusive OR,2,6,IZX
16:46:12.765 [Test worker] INFO  net.lomibao.nes.components.CPU6502 - 66,42,???,???,???,1,2,IMP
16:46:12.765 [Test worker] INFO  net.lomibao.nes.components.CPU6502 - 67,43,???,???,???,1,8,IMP
16:46:12.765 [Test worker] INFO  net.lomibao.nes.components.CPU6502 - 68,44,???,???,???,1,3,IMP
16:46:12.765 [Test worker] INFO  net.lomibao.nes.components.CPU6502 - 69,45,EOR,ZeroPage,Exclusive OR,2,3,ZP0
16:46:12.765 [Test worker] INFO  net.lomibao.nes.components.CPU6502 - 70,46,LSR,ZeroPage,Logical Shift Right,2,5,ZP0
16:46:12.765 [Test worker] INFO  net.lomibao.nes.components.CPU6502 - 71,47,???,???,???,1,5,IMP
16:46:12.765 [Test worker] INFO  net.lomibao.nes.components.CPU6502 - 72,48,PHA,Implied,Push Accumulator,1,3,IMP
16:46:12.765 [Test worker] INFO  net.lomibao.nes.components.CPU6502 - 73,49,EOR,Immediate,Exclusive OR,2,2,IMM
16:46:12.765 [Test worker] INFO  net.lomibao.nes.components.CPU6502 - 74,4A,LSR,Accumulator,Logical Shift Right,1,2,IMP
16:46:12.765 [Test worker] INFO  net.lomibao.nes.components.CPU6502 - 75,4B,???,???,???,1,2,IMP
16:46:12.766 [Test worker] INFO  net.lomibao.nes.components.CPU6502 - 76,4C,JMP,Absolute,Jump,3,3,ABS
16:46:12.766 [Test worker] INFO  net.lomibao.nes.components.CPU6502 - 77,4D,EOR,Absolute,Exclusive OR,3,4,ABS
16:46:12.766 [Test worker] INFO  net.lomibao.nes.components.CPU6502 - 78,4E,LSR,Absolute,Logical Shift Right,3,6,ABS
16:46:12.766 [Test worker] INFO  net.lomibao.nes.components.CPU6502 - 79,4F,???,???,???,1,6,IMP
16:46:12.766 [Test worker] INFO  net.lomibao.nes.components.CPU6502 - 80,50,BVC,Relative,Branch if Overflow Clear,2,2,REL
16:46:12.766 [Test worker] INFO  net.lomibao.nes.components.CPU6502 - 81,51,EOR,(Indirect);Y,Exclusive OR,2,5,IZY
16:46:12.766 [Test worker] INFO  net.lomibao.nes.components.CPU6502 - 82,52,???,???,???,1,2,IMP
16:46:12.766 [Test worker] INFO  net.lomibao.nes.components.CPU6502 - 83,53,???,???,???,1,8,IMP
16:46:12.766 [Test worker] INFO  net.lomibao.nes.components.CPU6502 - 84,54,???,???,???,1,4,IMP
16:46:12.766 [Test worker] INFO  net.lomibao.nes.components.CPU6502 - 85,55,EOR,ZeroPage;X,Exclusive OR,2,4,ZPX
16:46:12.767 [Test worker] INFO  net.lomibao.nes.components.CPU6502 - 86,56,LSR,ZeroPage;X,Logical Shift Right,2,6,ZPX
16:46:12.767 [Test worker] INFO  net.lomibao.nes.components.CPU6502 - 87,57,???,???,???,1,6,IMP
16:46:12.767 [Test worker] INFO  net.lomibao.nes.components.CPU6502 - 88,58,CLI,Implied,Clear Interrupt Disable,1,2,IMP
16:46:12.767 [Test worker] INFO  net.lomibao.nes.components.CPU6502 - 89,59,EOR,Absolute;Y,Exclusive OR,3,4,ABY
16:46:12.767 [Test worker] INFO  net.lomibao.nes.components.CPU6502 - 90,5A,???,???,???,1,2,IMP
16:46:12.767 [Test worker] INFO  net.lomibao.nes.components.CPU6502 - 91,5B,???,???,???,1,7,IMP
16:46:12.767 [Test worker] INFO  net.lomibao.nes.components.CPU6502 - 92,5C,???,???,???,1,4,IMP
16:46:12.768 [Test worker] INFO  net.lomibao.nes.components.CPU6502 - 93,5D,EOR,Absolute;X,Exclusive OR,3,4,ABX
16:46:12.768 [Test worker] INFO  net.lomibao.nes.components.CPU6502 - 94,5E,LSR,Absolute;X,Logical Shift Right,3,7,ABX
16:46:12.768 [Test worker] INFO  net.lomibao.nes.components.CPU6502 - 95,5F,???,???,???,1,7,IMP
16:46:12.768 [Test worker] INFO  net.lomibao.nes.components.CPU6502 - 96,60,RTS,Implied,Return from Subroutine,1,6,IMP
16:46:12.768 [Test worker] INFO  net.lomibao.nes.components.CPU6502 - 97,61,ADC,(Indirect;X),Add with Carry,2,6,IZX
16:46:12.768 [Test worker] INFO  net.lomibao.nes.components.CPU6502 - 98,62,???,???,???,1,2,IMP
16:46:12.768 [Test worker] INFO  net.lomibao.nes.components.CPU6502 - 99,63,???,???,???,1,8,IMP
16:46:12.768 [Test worker] INFO  net.lomibao.nes.components.CPU6502 - 100,64,???,???,???,1,3,IMP
16:46:12.768 [Test worker] INFO  net.lomibao.nes.components.CPU6502 - 101,65,ADC,ZeroPage,Add with Carry,2,3,ZP0
16:46:12.768 [Test worker] INFO  net.lomibao.nes.components.CPU6502 - 102,66,ROR,ZeroPage,Rotate Right,2,5,ZP0
16:46:12.768 [Test worker] INFO  net.lomibao.nes.components.CPU6502 - 103,67,???,???,???,1,5,IMP
16:46:12.768 [Test worker] INFO  net.lomibao.nes.components.CPU6502 - 104,68,PLA,Implied,Pull Accumulator,1,4,IMP
16:46:12.768 [Test worker] INFO  net.lomibao.nes.components.CPU6502 - 105,69,ADC,Immediate,Add with Carry,2,2,IMM
16:46:12.768 [Test worker] INFO  net.lomibao.nes.components.CPU6502 - 106,6A,ROR,Accumulator,Rotate Right,1,2,IMP
16:46:12.768 [Test worker] INFO  net.lomibao.nes.components.CPU6502 - 107,6B,???,???,???,1,2,IMP
16:46:12.768 [Test worker] INFO  net.lomibao.nes.components.CPU6502 - 108,6C,JMP,Indirect ,Jump,3,5,IND
16:46:12.769 [Test worker] INFO  net.lomibao.nes.components.CPU6502 - 109,6D,ADC,Absolute,Add with Carry,3,4,ABS
16:46:12.769 [Test worker] INFO  net.lomibao.nes.components.CPU6502 - 110,6E,ROR,Absolute,Rotate Right,3,6,ABS
16:46:12.769 [Test worker] INFO  net.lomibao.nes.components.CPU6502 - 111,6F,???,???,???,1,6,IMP
16:46:12.769 [Test worker] INFO  net.lomibao.nes.components.CPU6502 - 112,70,BVS,Relative,Branch if Overflow Set,2,2,REL
16:46:12.769 [Test worker] INFO  net.lomibao.nes.components.CPU6502 - 113,71,ADC,(Indirect);Y,Add with Carry,2,5,IZY
16:46:12.769 [Test worker] INFO  net.lomibao.nes.components.CPU6502 - 114,72,???,???,???,1,2,IMP
16:46:12.769 [Test worker] INFO  net.lomibao.nes.components.CPU6502 - 115,73,???,???,???,1,8,IMP
16:46:12.769 [Test worker] INFO  net.lomibao.nes.components.CPU6502 - 116,74,???,???,???,1,4,IMP
16:46:12.769 [Test worker] INFO  net.lomibao.nes.components.CPU6502 - 117,75,ADC,ZeroPage;X,Add with Carry,2,4,ZPX
16:46:12.769 [Test worker] INFO  net.lomibao.nes.components.CPU6502 - 118,76,ROR,ZeroPage;X,Rotate Right,2,6,ZPX
16:46:12.769 [Test worker] INFO  net.lomibao.nes.components.CPU6502 - 119,77,???,???,???,1,6,IMP
16:46:12.770 [Test worker] INFO  net.lomibao.nes.components.CPU6502 - 120,78,SEI,Implied,Set Interrupt Disable,1,2,IMP
16:46:12.770 [Test worker] INFO  net.lomibao.nes.components.CPU6502 - 121,79,ADC,Absolute;Y,Add with Carry,3,4,ABY
16:46:12.770 [Test worker] INFO  net.lomibao.nes.components.CPU6502 - 122,7A,???,???,???,1,2,IMP
16:46:12.770 [Test worker] INFO  net.lomibao.nes.components.CPU6502 - 123,7B,???,???,???,1,7,IMP
16:46:12.770 [Test worker] INFO  net.lomibao.nes.components.CPU6502 - 124,7C,???,???,???,1,4,IMP
16:46:12.770 [Test worker] INFO  net.lomibao.nes.components.CPU6502 - 125,7D,ADC,Absolute;X,Add with Carry,3,4,ABX
16:46:12.771 [Test worker] INFO  net.lomibao.nes.components.CPU6502 - 126,7E,ROR,Absolute;X,Rotate Right,3,7,ABX
16:46:12.771 [Test worker] INFO  net.lomibao.nes.components.CPU6502 - 127,7F,???,???,???,1,7,IMP
16:46:12.772 [Test worker] INFO  net.lomibao.nes.components.CPU6502 - 128,80,???,???,???,1,2,IMP
16:46:12.772 [Test worker] INFO  net.lomibao.nes.components.CPU6502 - 129,81,STA,(Indirect;X),Store Accumulator,2,6,IZX
16:46:12.772 [Test worker] INFO  net.lomibao.nes.components.CPU6502 - 130,82,???,???,???,1,2,IMP
16:46:12.772 [Test worker] INFO  net.lomibao.nes.components.CPU6502 - 131,83,???,???,???,1,6,IMP
16:46:12.772 [Test worker] INFO  net.lomibao.nes.components.CPU6502 - 132,84,STY,ZeroPage,Store Y Register,2,3,ZP0
16:46:12.772 [Test worker] INFO  net.lomibao.nes.components.CPU6502 - 133,85,STA,ZeroPage,Store Accumulator,2,3,ZP0
16:46:12.772 [Test worker] INFO  net.lomibao.nes.components.CPU6502 - 134,86,STX,ZeroPage,Store X Register,2,3,ZP0
16:46:12.772 [Test worker] INFO  net.lomibao.nes.components.CPU6502 - 135,87,???,???,???,1,3,IMP
16:46:12.772 [Test worker] INFO  net.lomibao.nes.components.CPU6502 - 136,88,DEY,Implied,Decrement Y Register,1,2,IMP
16:46:12.772 [Test worker] INFO  net.lomibao.nes.components.CPU6502 - 137,89,???,???,???,1,2,IMP
16:46:12.772 [Test worker] INFO  net.lomibao.nes.components.CPU6502 - 138,8A,TXA,Implied,Transfer X to Accumulator,1,2,IMP
16:46:12.773 [Test worker] INFO  net.lomibao.nes.components.CPU6502 - 139,8B,???,???,???,1,2,IMP
16:46:12.773 [Test worker] INFO  net.lomibao.nes.components.CPU6502 - 140,8C,STY,Absolute,Store Y Register,3,4,ABS
16:46:12.773 [Test worker] INFO  net.lomibao.nes.components.CPU6502 - 141,8D,STA,Absolute,Store Accumulator,3,4,ABS
16:46:12.773 [Test worker] INFO  net.lomibao.nes.components.CPU6502 - 142,8E,STX,Absolute,Store X Register,3,4,ABS
16:46:12.773 [Test worker] INFO  net.lomibao.nes.components.CPU6502 - 143,8F,???,???,???,1,4,IMP
16:46:12.773 [Test worker] INFO  net.lomibao.nes.components.CPU6502 - 144,90,BCC,Relative,Branch if Carry Clear,2,2,REL
16:46:12.773 [Test worker] INFO  net.lomibao.nes.components.CPU6502 - 145,91,STA,(Indirect);Y,Store Accumulator,2,6,IZY
16:46:12.773 [Test worker] INFO  net.lomibao.nes.components.CPU6502 - 146,92,???,???,???,1,2,IMP
16:46:12.773 [Test worker] INFO  net.lomibao.nes.components.CPU6502 - 147,93,???,???,???,1,6,IMP
16:46:12.773 [Test worker] INFO  net.lomibao.nes.components.CPU6502 - 148,94,STY,ZeroPage;X,Store Y Register,2,4,ZPX
16:46:12.773 [Test worker] INFO  net.lomibao.nes.components.CPU6502 - 149,95,STA,ZeroPage;X,Store Accumulator,2,4,ZPX
16:46:12.774 [Test worker] INFO  net.lomibao.nes.components.CPU6502 - 150,96,STX,ZeroPage;Y,Store X Register,2,4,ZPY
16:46:12.774 [Test worker] INFO  net.lomibao.nes.components.CPU6502 - 151,97,???,???,???,1,4,IMP
16:46:12.774 [Test worker] INFO  net.lomibao.nes.components.CPU6502 - 152,98,TYA,Implied,Transfer Y to Accumulator,1,2,IMP
16:46:12.774 [Test worker] INFO  net.lomibao.nes.components.CPU6502 - 153,99,STA,Absolute;Y,Store Accumulator,3,5,ABY
16:46:12.774 [Test worker] INFO  net.lomibao.nes.components.CPU6502 - 154,9A,TXS,Implied,Transfer X to Stack Pointer,1,2,IMP
16:46:12.774 [Test worker] INFO  net.lomibao.nes.components.CPU6502 - 155,9B,???,???,???,1,5,IMP
16:46:12.774 [Test worker] INFO  net.lomibao.nes.components.CPU6502 - 156,9C,???,???,???,1,5,IMP
16:46:12.774 [Test worker] INFO  net.lomibao.nes.components.CPU6502 - 157,9D,STA,Absolute;X,Store Accumulator,3,5,ABX
16:46:12.774 [Test worker] INFO  net.lomibao.nes.components.CPU6502 - 158,9E,???,???,???,1,5,IMP
16:46:12.774 [Test worker] INFO  net.lomibao.nes.components.CPU6502 - 159,9F,???,???,???,1,5,IMP
16:46:12.774 [Test worker] INFO  net.lomibao.nes.components.CPU6502 - 160,A0,LDY,Immediate,Load Y Register,2,2,IMM
16:46:12.774 [Test worker] INFO  net.lomibao.nes.components.CPU6502 - 161,A1,LDA,(Indirect;X),Load Accumulator,2,6,IZX
16:46:12.774 [Test worker] INFO  net.lomibao.nes.components.CPU6502 - 162,A2,LDX,Immediate,Load X Register,2,2,IMM
16:46:12.775 [Test worker] INFO  net.lomibao.nes.components.CPU6502 - 163,A3,???,???,???,1,6,IMP
16:46:12.775 [Test worker] INFO  net.lomibao.nes.components.CPU6502 - 164,A4,LDY,ZeroPage,Load Y Register,2,3,ZP0
16:46:12.775 [Test worker] INFO  net.lomibao.nes.components.CPU6502 - 165,A5,LDA,ZeroPage,Load Accumulator,2,3,ZP0
16:46:12.775 [Test worker] INFO  net.lomibao.nes.components.CPU6502 - 166,A6,LDX,ZeroPage,Load X Register,2,3,ZP0
16:46:12.775 [Test worker] INFO  net.lomibao.nes.components.CPU6502 - 167,A7,???,???,???,1,3,IMP
16:46:12.775 [Test worker] INFO  net.lomibao.nes.components.CPU6502 - 168,A8,TAY,Implied,Transfer Accumulator to Y,1,2,IMP
16:46:12.775 [Test worker] INFO  net.lomibao.nes.components.CPU6502 - 169,A9,LDA,Immediate,Load Accumulator,2,2,IMM
16:46:12.775 [Test worker] INFO  net.lomibao.nes.components.CPU6502 - 170,AA,TAX,Implied,Transfer Accumulator to X,1,2,IMP
16:46:12.775 [Test worker] INFO  net.lomibao.nes.components.CPU6502 - 171,AB,???,???,???,1,2,IMP
16:46:12.775 [Test worker] INFO  net.lomibao.nes.components.CPU6502 - 172,AC,LDY,Absolute,Load Y Register,3,4,ABS
16:46:12.775 [Test worker] INFO  net.lomibao.nes.components.CPU6502 - 173,AD,LDA,Absolute,Load Accumulator,3,4,ABS
16:46:12.775 [Test worker] INFO  net.lomibao.nes.components.CPU6502 - 174,AE,LDX,Absolute,Load X Register,3,4,ABS
16:46:12.775 [Test worker] INFO  net.lomibao.nes.components.CPU6502 - 175,AF,???,???,???,1,4,IMP
16:46:12.775 [Test worker] INFO  net.lomibao.nes.components.CPU6502 - 176,B0,BCS,Relative,Branch if Carry Set,2,2,REL
16:46:12.776 [Test worker] INFO  net.lomibao.nes.components.CPU6502 - 177,B1,LDA,(Indirect);Y,Load Accumulator,2,5,IZY
16:46:12.776 [Test worker] INFO  net.lomibao.nes.components.CPU6502 - 178,B2,???,???,???,1,2,IMP
16:46:12.776 [Test worker] INFO  net.lomibao.nes.components.CPU6502 - 179,B3,???,???,???,1,5,IMP
16:46:12.776 [Test worker] INFO  net.lomibao.nes.components.CPU6502 - 180,B4,LDY,ZeroPage;X,Load Y Register,2,4,ZPX
16:46:12.776 [Test worker] INFO  net.lomibao.nes.components.CPU6502 - 181,B5,LDA,ZeroPage;X,Load Accumulator,2,4,ZPX
16:46:12.776 [Test worker] INFO  net.lomibao.nes.components.CPU6502 - 182,B6,LDX,ZeroPage;Y,Load X Register,2,4,ZPY
16:46:12.776 [Test worker] INFO  net.lomibao.nes.components.CPU6502 - 183,B7,???,???,???,1,4,IMP
16:46:12.776 [Test worker] INFO  net.lomibao.nes.components.CPU6502 - 184,B8,CLV,Implied,Clear Overflow Flag,1,2,IMP
16:46:12.776 [Test worker] INFO  net.lomibao.nes.components.CPU6502 - 185,B9,LDA,Absolute;Y,Load Accumulator,3,4,ABY
16:46:12.776 [Test worker] INFO  net.lomibao.nes.components.CPU6502 - 186,BA,TSX,Implied,Transfer Stack Pointer to X,1,2,IMP
16:46:12.776 [Test worker] INFO  net.lomibao.nes.components.CPU6502 - 187,BB,???,???,???,1,4,IMP
16:46:12.776 [Test worker] INFO  net.lomibao.nes.components.CPU6502 - 188,BC,LDY,Absolute;X,Load Y Register,3,4,ABX
16:46:12.776 [Test worker] INFO  net.lomibao.nes.components.CPU6502 - 189,BD,LDA,Absolute;X,Load Accumulator,3,4,ABX
16:46:12.776 [Test worker] INFO  net.lomibao.nes.components.CPU6502 - 190,BE,LDX,Absolute;Y,Load X Register,3,4,ABY
16:46:12.777 [Test worker] INFO  net.lomibao.nes.components.CPU6502 - 191,BF,???,???,???,1,4,IMP
16:46:12.777 [Test worker] INFO  net.lomibao.nes.components.CPU6502 - 192,C0,CPY,Immediate,Compare Y Register,2,2,IMM
16:46:12.777 [Test worker] INFO  net.lomibao.nes.components.CPU6502 - 193,C1,CMP,(Indirect;X),Compare,2,6,IZX
16:46:12.777 [Test worker] INFO  net.lomibao.nes.components.CPU6502 - 194,C2,???,???,???,1,2,IMP
16:46:12.777 [Test worker] INFO  net.lomibao.nes.components.CPU6502 - 195,C3,???,???,???,1,8,IMP
16:46:12.777 [Test worker] INFO  net.lomibao.nes.components.CPU6502 - 196,C4,CPY,ZeroPage,Compare Y Register,2,3,ZP0
16:46:12.777 [Test worker] INFO  net.lomibao.nes.components.CPU6502 - 197,C5,CMP,ZeroPage,Compare,2,3,ZP0
16:46:12.777 [Test worker] INFO  net.lomibao.nes.components.CPU6502 - 198,C6,DEC,ZeroPage,Decrement Memory,2,5,ZP0
16:46:12.777 [Test worker] INFO  net.lomibao.nes.components.CPU6502 - 199,C7,???,???,???,1,5,IMP
16:46:12.777 [Test worker] INFO  net.lomibao.nes.components.CPU6502 - 200,C8,INY,Implied,Increment Y Register,1,2,IMP
16:46:12.778 [Test worker] INFO  net.lomibao.nes.components.CPU6502 - 201,C9,CMP,Immediate,Compare,2,2,IMM
16:46:12.778 [Test worker] INFO  net.lomibao.nes.components.CPU6502 - 202,CA,DEX,Implied,Decrement X Register,1,2,IMP
16:46:12.778 [Test worker] INFO  net.lomibao.nes.components.CPU6502 - 203,CB,???,???,???,1,2,IMP
16:46:12.778 [Test worker] INFO  net.lomibao.nes.components.CPU6502 - 204,CC,CPY,Absolute,Compare Y Register,3,4,ABS
16:46:12.778 [Test worker] INFO  net.lomibao.nes.components.CPU6502 - 205,CD,CMP,Absolute,Compare,3,4,ABS
16:46:12.778 [Test worker] INFO  net.lomibao.nes.components.CPU6502 - 206,CE,DEC,Absolute,Decrement Memory,3,6,ABS
16:46:12.778 [Test worker] INFO  net.lomibao.nes.components.CPU6502 - 207,CF,???,???,???,1,6,IMP
16:46:12.778 [Test worker] INFO  net.lomibao.nes.components.CPU6502 - 208,D0,BNE,Relative,Branch if Not Equal,2,2,REL
16:46:12.779 [Test worker] INFO  net.lomibao.nes.components.CPU6502 - 209,D1,CMP,(Indirect);Y,Compare,2,5,IZY
16:46:12.779 [Test worker] INFO  net.lomibao.nes.components.CPU6502 - 210,D2,???,???,???,1,2,IMP
16:46:12.779 [Test worker] INFO  net.lomibao.nes.components.CPU6502 - 211,D3,???,???,???,1,8,IMP
16:46:12.779 [Test worker] INFO  net.lomibao.nes.components.CPU6502 - 212,D4,???,???,???,1,4,IMP
16:46:12.780 [Test worker] INFO  net.lomibao.nes.components.CPU6502 - 213,D5,CMP,ZeroPage;X,Compare,2,4,ZPX
16:46:12.780 [Test worker] INFO  net.lomibao.nes.components.CPU6502 - 214,D6,DEC,ZeroPage;X,Decrement Memory,2,6,ZPX
16:46:12.780 [Test worker] INFO  net.lomibao.nes.components.CPU6502 - 215,D7,???,???,???,1,6,IMP
16:46:12.780 [Test worker] INFO  net.lomibao.nes.components.CPU6502 - 216,D8,CLD,Implied,Clear Decimal Mode,1,2,IMP
16:46:12.780 [Test worker] INFO  net.lomibao.nes.components.CPU6502 - 217,D9,CMP,Absolute;Y,Compare,3,4,ABY
16:46:12.780 [Test worker] INFO  net.lomibao.nes.components.CPU6502 - 218,DA,NOP,???,???,1,2,IMP
16:46:12.780 [Test worker] INFO  net.lomibao.nes.components.CPU6502 - 219,DB,???,???,???,1,7,IMP
16:46:12.781 [Test worker] INFO  net.lomibao.nes.components.CPU6502 - 220,DC,???,???,???,1,4,IMP
16:46:12.781 [Test worker] INFO  net.lomibao.nes.components.CPU6502 - 221,DD,CMP,Absolute;X,Compare,3,4,ABX
16:46:12.781 [Test worker] INFO  net.lomibao.nes.components.CPU6502 - 222,DE,DEC,Absolute;X,Decrement Memory,3,7,ABX
16:46:12.781 [Test worker] INFO  net.lomibao.nes.components.CPU6502 - 223,DF,???,???,???,1,7,IMP
16:46:12.781 [Test worker] INFO  net.lomibao.nes.components.CPU6502 - 224,E0,CPX,Immediate,Compare X Register,2,2,IMM
16:46:12.781 [Test worker] INFO  net.lomibao.nes.components.CPU6502 - 225,E1,SBC,(Indirect;X),Subtract with Carry,2,6,IZX
16:46:12.781 [Test worker] INFO  net.lomibao.nes.components.CPU6502 - 226,E2,???,???,???,1,2,IMP
16:46:12.781 [Test worker] INFO  net.lomibao.nes.components.CPU6502 - 227,E3,???,???,???,1,8,IMP
16:46:12.781 [Test worker] INFO  net.lomibao.nes.components.CPU6502 - 228,E4,CPX,ZeroPage,Compare X Register,2,3,ZP0
16:46:12.782 [Test worker] INFO  net.lomibao.nes.components.CPU6502 - 229,E5,SBC,ZeroPage,Subtract with Carry,2,3,ZP0
16:46:12.782 [Test worker] INFO  net.lomibao.nes.components.CPU6502 - 230,E6,INC,ZeroPage,Increment Memory,2,5,ZP0
16:46:12.782 [Test worker] INFO  net.lomibao.nes.components.CPU6502 - 231,E7,???,???,???,1,5,IMP
16:46:12.782 [Test worker] INFO  net.lomibao.nes.components.CPU6502 - 232,E8,INX,Implied,Increment X Register,1,2,IMP
16:46:12.782 [Test worker] INFO  net.lomibao.nes.components.CPU6502 - 233,E9,SBC,Immediate,Subtract with Carry,2,2,IMM
16:46:12.782 [Test worker] INFO  net.lomibao.nes.components.CPU6502 - 234,EA,NOP,Implied,No Operation,1,2,IMP
16:46:12.782 [Test worker] INFO  net.lomibao.nes.components.CPU6502 - 235,EB,???,???,???,1,2,IMP
16:46:12.782 [Test worker] INFO  net.lomibao.nes.components.CPU6502 - 236,EC,CPX,Absolute,Compare X Register,3,4,ABS
16:46:12.782 [Test worker] INFO  net.lomibao.nes.components.CPU6502 - 237,ED,SBC,Absolute,Subtract with Carry,3,4,ABS
16:46:12.782 [Test worker] INFO  net.lomibao.nes.components.CPU6502 - 238,EE,INC,Absolute,Increment Memory,3,6,ABS
16:46:12.782 [Test worker] INFO  net.lomibao.nes.components.CPU6502 - 239,EF,???,???,???,1,6,IMP
16:46:12.782 [Test worker] INFO  net.lomibao.nes.components.CPU6502 - 240,F0,BEQ,Relative,Branch if Equal,2,2,REL
16:46:12.783 [Test worker] INFO  net.lomibao.nes.components.CPU6502 - 241,F1,SBC,(Indirect);Y,Subtract with Carry,2,5,IZY
16:46:12.783 [Test worker] INFO  net.lomibao.nes.components.CPU6502 - 242,F2,???,???,???,1,2,IMP
16:46:12.783 [Test worker] INFO  net.lomibao.nes.components.CPU6502 - 243,F3,???,???,???,1,8,IMP
16:46:12.783 [Test worker] INFO  net.lomibao.nes.components.CPU6502 - 244,F4,???,???,???,1,4,IMP
16:46:12.783 [Test worker] INFO  net.lomibao.nes.components.CPU6502 - 245,F5,SBC,ZeroPage;X,Subtract with Carry,2,4,ZPX
16:46:12.783 [Test worker] INFO  net.lomibao.nes.components.CPU6502 - 246,F6,INC,ZeroPage;X,Increment Memory,2,6,ZPX
16:46:12.783 [Test worker] INFO  net.lomibao.nes.components.CPU6502 - 247,F7,???,???,???,1,6,IMP
16:46:12.783 [Test worker] INFO  net.lomibao.nes.components.CPU6502 - 248,F8,SED,Implied,Set Decimal Flag,1,2,IMP
16:46:12.783 [Test worker] INFO  net.lomibao.nes.components.CPU6502 - 249,F9,SBC,Absolute;Y,Subtract with Carry,3,4,ABY
16:46:12.783 [Test worker] INFO  net.lomibao.nes.components.CPU6502 - 250,FA,NOP,???,???,1,2,IMP
16:46:12.783 [Test worker] INFO  net.lomibao.nes.components.CPU6502 - 251,FB,???,???,???,1,7,IMP
16:46:12.784 [Test worker] INFO  net.lomibao.nes.components.CPU6502 - 252,FC,???,???,???,1,4,IMP
16:46:12.784 [Test worker] INFO  net.lomibao.nes.components.CPU6502 - 253,FD,SBC,Absolute;X,Subtract with Carry,3,4,ABX
16:46:12.784 [Test worker] INFO  net.lomibao.nes.components.CPU6502 - 254,FE,INC,Absolute;X,Increment Memory,3,7,ABX
16:46:12.784 [Test worker] INFO  net.lomibao.nes.components.CPU6502 - 255,FF,???,???,???,1,7,IMP
16:46:12.815 [Test worker] INFO  net.lomibao.nes.components.CPU6502 - 0,00,BRK,Implied,Force Interrupt,1,7,IMM
16:46:12.815 [Test worker] INFO  net.lomibao.nes.components.CPU6502 - 1,01,ORA,(Indirect;X),Logical Inclusive OR,2,6,IZX
16:46:12.815 [Test worker] INFO  net.lomibao.nes.components.CPU6502 - 2,02,???,???,???,1,2,IMP
16:46:12.815 [Test worker] INFO  net.lomibao.nes.components.CPU6502 - 3,03,???,???,???,1,8,IMP
16:46:12.816 [Test worker] INFO  net.lomibao.nes.components.CPU6502 - 4,04,???,???,???,1,3,IMP
16:46:12.816 [Test worker] INFO  net.lomibao.nes.components.CPU6502 - 5,05,ORA,ZeroPage,Logical Inclusive OR,2,3,ZP0
16:46:12.816 [Test worker] INFO  net.lomibao.nes.components.CPU6502 - 6,06,ASL,ZeroPage,Arithmetic Shift Left,2,5,ZP0
16:46:12.816 [Test worker] INFO  net.lomibao.nes.components.CPU6502 - 7,07,???,???,???,1,5,IMP
16:46:12.816 [Test worker] INFO  net.lomibao.nes.components.CPU6502 - 8,08,PHP,Implied,Push Processor Status,1,3,IMP
16:46:12.816 [Test worker] INFO  net.lomibao.nes.components.CPU6502 - 9,09,ORA,Immediate,Logical Inclusive OR,2,2,IMM
16:46:12.816 [Test worker] INFO  net.lomibao.nes.components.CPU6502 - 10,0A,ASL,Accumulator,Arithmetic Shift Left,1,2,IMP
16:46:12.816 [Test worker] INFO  net.lomibao.nes.components.CPU6502 - 11,0B,???,???,???,1,2,IMP
16:46:12.816 [Test worker] INFO  net.lomibao.nes.components.CPU6502 - 12,0C,???,???,???,1,4,IMP
16:46:12.816 [Test worker] INFO  net.lomibao.nes.components.CPU6502 - 13,0D,ORA,Absolute,Logical Inclusive OR,3,4,ABS
16:46:12.816 [Test worker] INFO  net.lomibao.nes.components.CPU6502 - 14,0E,ASL,Absolute,Arithmetic Shift Left,3,6,ABS
16:46:12.816 [Test worker] INFO  net.lomibao.nes.components.CPU6502 - 15,0F,???,???,???,1,6,IMP
16:46:12.816 [Test worker] INFO  net.lomibao.nes.components.CPU6502 - 16,10,BPL,Relative,Branch if Positive,2,2,REL
16:46:12.816 [Test worker] INFO  net.lomibao.nes.components.CPU6502 - 17,11,ORA,(Indirect);Y,Logical Inclusive OR,2,5,IZY
16:46:12.816 [Test worker] INFO  net.lomibao.nes.components.CPU6502 - 18,12,???,???,???,1,2,IMP
16:46:12.816 [Test worker] INFO  net.lomibao.nes.components.CPU6502 - 19,13,???,???,???,1,8,IMP
16:46:12.816 [Test worker] INFO  net.lomibao.nes.components.CPU6502 - 20,14,???,???,???,1,4,IMP
16:46:12.816 [Test worker] INFO  net.lomibao.nes.components.CPU6502 - 21,15,ORA,ZeroPage;X,Logical Inclusive OR,2,4,ZPX
16:46:12.816 [Test worker] INFO  net.lomibao.nes.components.CPU6502 - 22,16,ASL,ZeroPage;X,Arithmetic Shift Left,2,6,ZPX
16:46:12.817 [Test worker] INFO  net.lomibao.nes.components.CPU6502 - 23,17,???,???,???,1,6,IMP
16:46:12.817 [Test worker] INFO  net.lomibao.nes.components.CPU6502 - 24,18,CLC,Implied,Clear Carry Flag,1,2,IMP
16:46:12.817 [Test worker] INFO  net.lomibao.nes.components.CPU6502 - 25,19,ORA,Absolute;Y,Logical Inclusive OR,3,4,ABY
16:46:12.817 [Test worker] INFO  net.lomibao.nes.components.CPU6502 - 26,1A,???,???,???,1,2,IMP
16:46:12.817 [Test worker] INFO  net.lomibao.nes.components.CPU6502 - 27,1B,???,???,???,1,7,IMP
16:46:12.817 [Test worker] INFO  net.lomibao.nes.components.CPU6502 - 28,1C,???,???,???,1,4,IMP
16:46:12.817 [Test worker] INFO  net.lomibao.nes.components.CPU6502 - 29,1D,ORA,Absolute;X,Logical Inclusive OR,3,4,ABX
16:46:12.817 [Test worker] INFO  net.lomibao.nes.components.CPU6502 - 30,1E,ASL,Absolute;X,Arithmetic Shift Left,3,7,ABX
16:46:12.817 [Test worker] INFO  net.lomibao.nes.components.CPU6502 - 31,1F,???,???,???,1,7,IMP
16:46:12.817 [Test worker] INFO  net.lomibao.nes.components.CPU6502 - 32,20,JSR,Absolute,Jump to Subroutine,3,6,ABS
16:46:12.817 [Test worker] INFO  net.lomibao.nes.components.CPU6502 - 33,21,AND,(Indirect;X),Logical AND,2,6,IZX
16:46:12.817 [Test worker] INFO  net.lomibao.nes.components.CPU6502 - 34,22,???,???,???,1,2,IMP
16:46:12.817 [Test worker] INFO  net.lomibao.nes.components.CPU6502 - 35,23,???,???,???,1,8,IMP
16:46:12.817 [Test worker] INFO  net.lomibao.nes.components.CPU6502 - 36,24,BIT,ZeroPage,Bit Test,2,3,ZP0
16:46:12.817 [Test worker] INFO  net.lomibao.nes.components.CPU6502 - 37,25,AND,ZeroPage,Logical AND,2,3,ZP0
16:46:12.817 [Test worker] INFO  net.lomibao.nes.components.CPU6502 - 38,26,ROL,ZeroPage,Rotate Left,2,5,ZP0
16:46:12.817 [Test worker] INFO  net.lomibao.nes.components.CPU6502 - 39,27,???,???,???,1,5,IMP
16:46:12.817 [Test worker] INFO  net.lomibao.nes.components.CPU6502 - 40,28,PLP,Implied,Pull Processor Status,1,4,IMP
16:46:12.817 [Test worker] INFO  net.lomibao.nes.components.CPU6502 - 41,29,AND,Immediate,Logical AND,2,2,IMM
16:46:12.817 [Test worker] INFO  net.lomibao.nes.components.CPU6502 - 42,2A,ROL,Accumulator,Rotate Left,1,2,IMP
16:46:12.819 [Test worker] INFO  net.lomibao.nes.components.CPU6502 - 43,2B,???,???,???,1,2,IMP
16:46:12.819 [Test worker] INFO  net.lomibao.nes.components.CPU6502 - 44,2C,BIT,Absolute,Bit Test,3,4,ABS
16:46:12.819 [Test worker] INFO  net.lomibao.nes.components.CPU6502 - 45,2D,AND,Absolute,Logical AND,3,4,ABS
16:46:12.819 [Test worker] INFO  net.lomibao.nes.components.CPU6502 - 46,2E,ROL,Absolute,Rotate Left,3,6,ABS
16:46:12.819 [Test worker] INFO  net.lomibao.nes.components.CPU6502 - 47,2F,???,???,???,1,6,IMP
16:46:12.819 [Test worker] INFO  net.lomibao.nes.components.CPU6502 - 48,30,BMI,Relative,Branch if Minus,2,2,REL
16:46:12.819 [Test worker] INFO  net.lomibao.nes.components.CPU6502 - 49,31,AND,(Indirect);Y,Logical AND,2,5,IZY
16:46:12.819 [Test worker] INFO  net.lomibao.nes.components.CPU6502 - 50,32,???,???,???,1,2,IMP
16:46:12.819 [Test worker] INFO  net.lomibao.nes.components.CPU6502 - 51,33,???,???,???,1,8,IMP
16:46:12.819 [Test worker] INFO  net.lomibao.nes.components.CPU6502 - 52,34,???,???,???,1,4,IMP
16:46:12.819 [Test worker] INFO  net.lomibao.nes.components.CPU6502 - 53,35,AND,ZeroPage;X,Logical AND,2,4,ZPX
16:46:12.819 [Test worker] INFO  net.lomibao.nes.components.CPU6502 - 54,36,ROL,ZeroPage;X,Rotate Left,2,6,ZPX
16:46:12.819 [Test worker] INFO  net.lomibao.nes.components.CPU6502 - 55,37,???,???,???,1,6,IMP
16:46:12.819 [Test worker] INFO  net.lomibao.nes.components.CPU6502 - 56,38,SEC,Implied,Set Carry Flag,1,2,IMP
16:46:12.819 [Test worker] INFO  net.lomibao.nes.components.CPU6502 - 57,39,AND,Absolute;Y,Logical AND,3,4,ABY
16:46:12.819 [Test worker] INFO  net.lomibao.nes.components.CPU6502 - 58,3A,???,???,???,1,2,IMP
16:46:12.819 [Test worker] INFO  net.lomibao.nes.components.CPU6502 - 59,3B,???,???,???,1,7,IMP
16:46:12.819 [Test worker] INFO  net.lomibao.nes.components.CPU6502 - 60,3C,???,???,???,1,4,IMP
16:46:12.820 [Test worker] INFO  net.lomibao.nes.components.CPU6502 - 61,3D,AND,Absolute;X,Logical AND,3,4,ABX
16:46:12.820 [Test worker] INFO  net.lomibao.nes.components.CPU6502 - 62,3E,ROL,Absolute;X,Rotate Left,3,7,ABX
16:46:12.820 [Test worker] INFO  net.lomibao.nes.components.CPU6502 - 63,3F,???,???,???,1,7,IMP
16:46:12.820 [Test worker] INFO  net.lomibao.nes.components.CPU6502 - 64,40,RTI,Implied,Return from Interrupt,1,6,IMP
16:46:12.820 [Test worker] INFO  net.lomibao.nes.components.CPU6502 - 65,41,EOR,(Indirect;X),Exclusive OR,2,6,IZX
16:46:12.820 [Test worker] INFO  net.lomibao.nes.components.CPU6502 - 66,42,???,???,???,1,2,IMP
16:46:12.820 [Test worker] INFO  net.lomibao.nes.components.CPU6502 - 67,43,???,???,???,1,8,IMP
16:46:12.820 [Test worker] INFO  net.lomibao.nes.components.CPU6502 - 68,44,???,???,???,1,3,IMP
16:46:12.820 [Test worker] INFO  net.lomibao.nes.components.CPU6502 - 69,45,EOR,ZeroPage,Exclusive OR,2,3,ZP0
16:46:12.820 [Test worker] INFO  net.lomibao.nes.components.CPU6502 - 70,46,LSR,ZeroPage,Logical Shift Right,2,5,ZP0
16:46:12.820 [Test worker] INFO  net.lomibao.nes.components.CPU6502 - 71,47,???,???,???,1,5,IMP
16:46:12.820 [Test worker] INFO  net.lomibao.nes.components.CPU6502 - 72,48,PHA,Implied,Push Accumulator,1,3,IMP
16:46:12.820 [Test worker] INFO  net.lomibao.nes.components.CPU6502 - 73,49,EOR,Immediate,Exclusive OR,2,2,IMM
16:46:12.820 [Test worker] INFO  net.lomibao.nes.components.CPU6502 - 74,4A,LSR,Accumulator,Logical Shift Right,1,2,IMP
16:46:12.820 [Test worker] INFO  net.lomibao.nes.components.CPU6502 - 75,4B,???,???,???,1,2,IMP
16:46:12.820 [Test worker] INFO  net.lomibao.nes.components.CPU6502 - 76,4C,JMP,Absolute,Jump,3,3,ABS
16:46:12.820 [Test worker] INFO  net.lomibao.nes.components.CPU6502 - 77,4D,EOR,Absolute,Exclusive OR,3,4,ABS
16:46:12.820 [Test worker] INFO  net.lomibao.nes.components.CPU6502 - 78,4E,LSR,Absolute,Logical Shift Right,3,6,ABS
16:46:12.821 [Test worker] INFO  net.lomibao.nes.components.CPU6502 - 79,4F,???,???,???,1,6,IMP
16:46:12.821 [Test worker] INFO  net.lomibao.nes.components.CPU6502 - 80,50,BVC,Relative,Branch if Overflow Clear,2,2,REL
16:46:12.821 [Test worker] INFO  net.lomibao.nes.components.CPU6502 - 81,51,EOR,(Indirect);Y,Exclusive OR,2,5,IZY
16:46:12.821 [Test worker] INFO  net.lomibao.nes.components.CPU6502 - 82,52,???,???,???,1,2,IMP
16:46:12.821 [Test worker] INFO  net.lomibao.nes.components.CPU6502 - 83,53,???,???,???,1,8,IMP
16:46:12.821 [Test worker] INFO  net.lomibao.nes.components.CPU6502 - 84,54,???,???,???,1,4,IMP
16:46:12.821 [Test worker] INFO  net.lomibao.nes.components.CPU6502 - 85,55,EOR,ZeroPage;X,Exclusive OR,2,4,ZPX
16:46:12.821 [Test worker] INFO  net.lomibao.nes.components.CPU6502 - 86,56,LSR,ZeroPage;X,Logical Shift Right,2,6,ZPX
16:46:12.821 [Test worker] INFO  net.lomibao.nes.components.CPU6502 - 87,57,???,???,???,1,6,IMP
16:46:12.821 [Test worker] INFO  net.lomibao.nes.components.CPU6502 - 88,58,CLI,Implied,Clear Interrupt Disable,1,2,IMP
16:46:12.821 [Test worker] INFO  net.lomibao.nes.components.CPU6502 - 89,59,EOR,Absolute;Y,Exclusive OR,3,4,ABY
16:46:12.821 [Test worker] INFO  net.lomibao.nes.components.CPU6502 - 90,5A,???,???,???,1,2,IMP
16:46:12.821 [Test worker] INFO  net.lomibao.nes.components.CPU6502 - 91,5B,???,???,???,1,7,IMP
16:46:12.821 [Test worker] INFO  net.lomibao.nes.components.CPU6502 - 92,5C,???,???,???,1,4,IMP
16:46:12.821 [Test worker] INFO  net.lomibao.nes.components.CPU6502 - 93,5D,EOR,Absolute;X,Exclusive OR,3,4,ABX
16:46:12.821 [Test worker] INFO  net.lomibao.nes.components.CPU6502 - 94,5E,LSR,Absolute;X,Logical Shift Right,3,7,ABX
16:46:12.821 [Test worker] INFO  net.lomibao.nes.components.CPU6502 - 95,5F,???,???,???,1,7,IMP
16:46:12.821 [Test worker] INFO  net.lomibao.nes.components.CPU6502 - 96,60,RTS,Implied,Return from Subroutine,1,6,IMP
16:46:12.821 [Test worker] INFO  net.lomibao.nes.components.CPU6502 - 97,61,ADC,(Indirect;X),Add with Carry,2,6,IZX
16:46:12.821 [Test worker] INFO  net.lomibao.nes.components.CPU6502 - 98,62,???,???,???,1,2,IMP
16:46:12.821 [Test worker] INFO  net.lomibao.nes.components.CPU6502 - 99,63,???,???,???,1,8,IMP
16:46:12.821 [Test worker] INFO  net.lomibao.nes.components.CPU6502 - 100,64,???,???,???,1,3,IMP
16:46:12.821 [Test worker] INFO  net.lomibao.nes.components.CPU6502 - 101,65,ADC,ZeroPage,Add with Carry,2,3,ZP0
16:46:12.821 [Test worker] INFO  net.lomibao.nes.components.CPU6502 - 102,66,ROR,ZeroPage,Rotate Right,2,5,ZP0
16:46:12.821 [Test worker] INFO  net.lomibao.nes.components.CPU6502 - 103,67,???,???,???,1,5,IMP
16:46:12.821 [Test worker] INFO  net.lomibao.nes.components.CPU6502 - 104,68,PLA,Implied,Pull Accumulator,1,4,IMP
16:46:12.821 [Test worker] INFO  net.lomibao.nes.components.CPU6502 - 105,69,ADC,Immediate,Add with Carry,2,2,IMM
16:46:12.821 [Test worker] INFO  net.lomibao.nes.components.CPU6502 - 106,6A,ROR,Accumulator,Rotate Right,1,2,IMP
16:46:12.821 [Test worker] INFO  net.lomibao.nes.components.CPU6502 - 107,6B,???,???,???,1,2,IMP
16:46:12.823 [Test worker] INFO  net.lomibao.nes.components.CPU6502 - 108,6C,JMP,Indirect ,Jump,3,5,IND
16:46:12.823 [Test worker] INFO  net.lomibao.nes.components.CPU6502 - 109,6D,ADC,Absolute,Add with Carry,3,4,ABS
16:46:12.823 [Test worker] INFO  net.lomibao.nes.components.CPU6502 - 110,6E,ROR,Absolute,Rotate Right,3,6,ABS
16:46:12.823 [Test worker] INFO  net.lomibao.nes.components.CPU6502 - 111,6F,???,???,???,1,6,IMP
16:46:12.823 [Test worker] INFO  net.lomibao.nes.components.CPU6502 - 112,70,BVS,Relative,Branch if Overflow Set,2,2,REL
16:46:12.823 [Test worker] INFO  net.lomibao.nes.components.CPU6502 - 113,71,ADC,(Indirect);Y,Add with Carry,2,5,IZY
16:46:12.823 [Test worker] INFO  net.lomibao.nes.components.CPU6502 - 114,72,???,???,???,1,2,IMP
16:46:12.823 [Test worker] INFO  net.lomibao.nes.components.CPU6502 - 115,73,???,???,???,1,8,IMP
16:46:12.823 [Test worker] INFO  net.lomibao.nes.components.CPU6502 - 116,74,???,???,???,1,4,IMP
16:46:12.823 [Test worker] INFO  net.lomibao.nes.components.CPU6502 - 117,75,ADC,ZeroPage;X,Add with Carry,2,4,ZPX
16:46:12.823 [Test worker] INFO  net.lomibao.nes.components.CPU6502 - 118,76,ROR,ZeroPage;X,Rotate Right,2,6,ZPX
16:46:12.823 [Test worker] INFO  net.lomibao.nes.components.CPU6502 - 119,77,???,???,???,1,6,IMP
16:46:12.823 [Test worker] INFO  net.lomibao.nes.components.CPU6502 - 120,78,SEI,Implied,Set Interrupt Disable,1,2,IMP
16:46:12.823 [Test worker] INFO  net.lomibao.nes.components.CPU6502 - 121,79,ADC,Absolute;Y,Add with Carry,3,4,ABY
16:46:12.823 [Test worker] INFO  net.lomibao.nes.components.CPU6502 - 122,7A,???,???,???,1,2,IMP
16:46:12.823 [Test worker] INFO  net.lomibao.nes.components.CPU6502 - 123,7B,???,???,???,1,7,IMP
16:46:12.823 [Test worker] INFO  net.lomibao.nes.components.CPU6502 - 124,7C,???,???,???,1,4,IMP
16:46:12.824 [Test worker] INFO  net.lomibao.nes.components.CPU6502 - 125,7D,ADC,Absolute;X,Add with Carry,3,4,ABX
16:46:12.824 [Test worker] INFO  net.lomibao.nes.components.CPU6502 - 126,7E,ROR,Absolute;X,Rotate Right,3,7,ABX
16:46:12.824 [Test worker] INFO  net.lomibao.nes.components.CPU6502 - 127,7F,???,???,???,1,7,IMP
16:46:12.824 [Test worker] INFO  net.lomibao.nes.components.CPU6502 - 128,80,???,???,???,1,2,IMP
16:46:12.824 [Test worker] INFO  net.lomibao.nes.components.CPU6502 - 129,81,STA,(Indirect;X),Store Accumulator,2,6,IZX
16:46:12.824 [Test worker] INFO  net.lomibao.nes.components.CPU6502 - 130,82,???,???,???,1,2,IMP
16:46:12.825 [Test worker] INFO  net.lomibao.nes.components.CPU6502 - 131,83,???,???,???,1,6,IMP
16:46:12.825 [Test worker] INFO  net.lomibao.nes.components.CPU6502 - 132,84,STY,ZeroPage,Store Y Register,2,3,ZP0
16:46:12.825 [Test worker] INFO  net.lomibao.nes.components.CPU6502 - 133,85,STA,ZeroPage,Store Accumulator,2,3,ZP0
16:46:12.825 [Test worker] INFO  net.lomibao.nes.components.CPU6502 - 134,86,STX,ZeroPage,Store X Register,2,3,ZP0
16:46:12.825 [Test worker] INFO  net.lomibao.nes.components.CPU6502 - 135,87,???,???,???,1,3,IMP
16:46:12.825 [Test worker] INFO  net.lomibao.nes.components.CPU6502 - 136,88,DEY,Implied,Decrement Y Register,1,2,IMP
16:46:12.825 [Test worker] INFO  net.lomibao.nes.components.CPU6502 - 137,89,???,???,???,1,2,IMP
16:46:12.825 [Test worker] INFO  net.lomibao.nes.components.CPU6502 - 138,8A,TXA,Implied,Transfer X to Accumulator,1,2,IMP
16:46:12.825 [Test worker] INFO  net.lomibao.nes.components.CPU6502 - 139,8B,???,???,???,1,2,IMP
16:46:12.825 [Test worker] INFO  net.lomibao.nes.components.CPU6502 - 140,8C,STY,Absolute,Store Y Register,3,4,ABS
16:46:12.825 [Test worker] INFO  net.lomibao.nes.components.CPU6502 - 141,8D,STA,Absolute,Store Accumulator,3,4,ABS
16:46:12.825 [Test worker] INFO  net.lomibao.nes.components.CPU6502 - 142,8E,STX,Absolute,Store X Register,3,4,ABS
16:46:12.826 [Test worker] INFO  net.lomibao.nes.components.CPU6502 - 143,8F,???,???,???,1,4,IMP
16:46:12.826 [Test worker] INFO  net.lomibao.nes.components.CPU6502 - 144,90,BCC,Relative,Branch if Carry Clear,2,2,REL
16:46:12.826 [Test worker] INFO  net.lomibao.nes.components.CPU6502 - 145,91,STA,(Indirect);Y,Store Accumulator,2,6,IZY
16:46:12.826 [Test worker] INFO  net.lomibao.nes.components.CPU6502 - 146,92,???,???,???,1,2,IMP
16:46:12.826 [Test worker] INFO  net.lomibao.nes.components.CPU6502 - 147,93,???,???,???,1,6,IMP
16:46:12.826 [Test worker] INFO  net.lomibao.nes.components.CPU6502 - 148,94,STY,ZeroPage;X,Store Y Register,2,4,ZPX
16:46:12.826 [Test worker] INFO  net.lomibao.nes.components.CPU6502 - 149,95,STA,ZeroPage;X,Store Accumulator,2,4,ZPX
16:46:12.826 [Test worker] INFO  net.lomibao.nes.components.CPU6502 - 150,96,STX,ZeroPage;Y,Store X Register,2,4,ZPY
16:46:12.826 [Test worker] INFO  net.lomibao.nes.components.CPU6502 - 151,97,???,???,???,1,4,IMP
16:46:12.826 [Test worker] INFO  net.lomibao.nes.components.CPU6502 - 152,98,TYA,Implied,Transfer Y to Accumulator,1,2,IMP
16:46:12.826 [Test worker] INFO  net.lomibao.nes.components.CPU6502 - 153,99,STA,Absolute;Y,Store Accumulator,3,5,ABY
16:46:12.826 [Test worker] INFO  net.lomibao.nes.components.CPU6502 - 154,9A,TXS,Implied,Transfer X to Stack Pointer,1,2,IMP
16:46:12.826 [Test worker] INFO  net.lomibao.nes.components.CPU6502 - 155,9B,???,???,???,1,5,IMP
16:46:12.826 [Test worker] INFO  net.lomibao.nes.components.CPU6502 - 156,9C,???,???,???,1,5,IMP
16:46:12.826 [Test worker] INFO  net.lomibao.nes.components.CPU6502 - 157,9D,STA,Absolute;X,Store Accumulator,3,5,ABX
16:46:12.827 [Test worker] INFO  net.lomibao.nes.components.CPU6502 - 158,9E,???,???,???,1,5,IMP
16:46:12.827 [Test worker] INFO  net.lomibao.nes.components.CPU6502 - 159,9F,???,???,???,1,5,IMP
16:46:12.827 [Test worker] INFO  net.lomibao.nes.components.CPU6502 - 160,A0,LDY,Immediate,Load Y Register,2,2,IMM
16:46:12.827 [Test worker] INFO  net.lomibao.nes.components.CPU6502 - 161,A1,LDA,(Indirect;X),Load Accumulator,2,6,IZX
16:46:12.827 [Test worker] INFO  net.lomibao.nes.components.CPU6502 - 162,A2,LDX,Immediate,Load X Register,2,2,IMM
16:46:12.827 [Test worker] INFO  net.lomibao.nes.components.CPU6502 - 163,A3,???,???,???,1,6,IMP
16:46:12.827 [Test worker] INFO  net.lomibao.nes.components.CPU6502 - 164,A4,LDY,ZeroPage,Load Y Register,2,3,ZP0
16:46:12.827 [Test worker] INFO  net.lomibao.nes.components.CPU6502 - 165,A5,LDA,ZeroPage,Load Accumulator,2,3,ZP0
16:46:12.827 [Test worker] INFO  net.lomibao.nes.components.CPU6502 - 166,A6,LDX,ZeroPage,Load X Register,2,3,ZP0
16:46:12.827 [Test worker] INFO  net.lomibao.nes.components.CPU6502 - 167,A7,???,???,???,1,3,IMP
16:46:12.827 [Test worker] INFO  net.lomibao.nes.components.CPU6502 - 168,A8,TAY,Implied,Transfer Accumulator to Y,1,2,IMP
16:46:12.827 [Test worker] INFO  net.lomibao.nes.components.CPU6502 - 169,A9,LDA,Immediate,Load Accumulator,2,2,IMM
16:46:12.827 [Test worker] INFO  net.lomibao.nes.components.CPU6502 - 170,AA,TAX,Implied,Transfer Accumulator to X,1,2,IMP
16:46:12.827 [Test worker] INFO  net.lomibao.nes.components.CPU6502 - 171,AB,???,???,???,1,2,IMP
16:46:12.827 [Test worker] INFO  net.lomibao.nes.components.CPU6502 - 172,AC,LDY,Absolute,Load Y Register,3,4,ABS
16:46:12.827 [Test worker] INFO  net.lomibao.nes.components.CPU6502 - 173,AD,LDA,Absolute,Load Accumulator,3,4,ABS
16:46:12.827 [Test worker] INFO  net.lomibao.nes.components.CPU6502 - 174,AE,LDX,Absolute,Load X Register,3,4,ABS
16:46:12.827 [Test worker] INFO  net.lomibao.nes.components.CPU6502 - 175,AF,???,???,???,1,4,IMP
16:46:12.828 [Test worker] INFO  net.lomibao.nes.components.CPU6502 - 176,B0,BCS,Relative,Branch if Carry Set,2,2,REL
16:46:12.828 [Test worker] INFO  net.lomibao.nes.components.CPU6502 - 177,B1,LDA,(Indirect);Y,Load Accumulator,2,5,IZY
16:46:12.828 [Test worker] INFO  net.lomibao.nes.components.CPU6502 - 178,B2,???,???,???,1,2,IMP
16:46:12.828 [Test worker] INFO  net.lomibao.nes.components.CPU6502 - 179,B3,???,???,???,1,5,IMP
16:46:12.828 [Test worker] INFO  net.lomibao.nes.components.CPU6502 - 180,B4,LDY,ZeroPage;X,Load Y Register,2,4,ZPX
16:46:12.828 [Test worker] INFO  net.lomibao.nes.components.CPU6502 - 181,B5,LDA,ZeroPage;X,Load Accumulator,2,4,ZPX
16:46:12.828 [Test worker] INFO  net.lomibao.nes.components.CPU6502 - 182,B6,LDX,ZeroPage;Y,Load X Register,2,4,ZPY
16:46:12.828 [Test worker] INFO  net.lomibao.nes.components.CPU6502 - 183,B7,???,???,???,1,4,IMP
16:46:12.828 [Test worker] INFO  net.lomibao.nes.components.CPU6502 - 184,B8,CLV,Implied,Clear Overflow Flag,1,2,IMP
16:46:12.828 [Test worker] INFO  net.lomibao.nes.components.CPU6502 - 185,B9,LDA,Absolute;Y,Load Accumulator,3,4,ABY
16:46:12.828 [Test worker] INFO  net.lomibao.nes.components.CPU6502 - 186,BA,TSX,Implied,Transfer Stack Pointer to X,1,2,IMP
16:46:12.828 [Test worker] INFO  net.lomibao.nes.components.CPU6502 - 187,BB,???,???,???,1,4,IMP
16:46:12.828 [Test worker] INFO  net.lomibao.nes.components.CPU6502 - 188,BC,LDY,Absolute;X,Load Y Register,3,4,ABX
16:46:12.828 [Test worker] INFO  net.lomibao.nes.components.CPU6502 - 189,BD,LDA,Absolute;X,Load Accumulator,3,4,ABX
16:46:12.828 [Test worker] INFO  net.lomibao.nes.components.CPU6502 - 190,BE,LDX,Absolute;Y,Load X Register,3,4,ABY
16:46:12.828 [Test worker] INFO  net.lomibao.nes.components.CPU6502 - 191,BF,???,???,???,1,4,IMP
16:46:12.828 [Test worker] INFO  net.lomibao.nes.components.CPU6502 - 192,C0,CPY,Immediate,Compare Y Register,2,2,IMM
16:46:12.828 [Test worker] INFO  net.lomibao.nes.components.CPU6502 - 193,C1,CMP,(Indirect;X),Compare,2,6,IZX
16:46:12.828 [Test worker] INFO  net.lomibao.nes.components.CPU6502 - 194,C2,???,???,???,1,2,IMP
16:46:12.829 [Test worker] INFO  net.lomibao.nes.components.CPU6502 - 195,C3,???,???,???,1,8,IMP
16:46:12.829 [Test worker] INFO  net.lomibao.nes.components.CPU6502 - 196,C4,CPY,ZeroPage,Compare Y Register,2,3,ZP0
16:46:12.829 [Test worker] INFO  net.lomibao.nes.components.CPU6502 - 197,C5,CMP,ZeroPage,Compare,2,3,ZP0
16:46:12.829 [Test worker] INFO  net.lomibao.nes.components.CPU6502 - 198,C6,DEC,ZeroPage,Decrement Memory,2,5,ZP0
16:46:12.829 [Test worker] INFO  net.lomibao.nes.components.CPU6502 - 199,C7,???,???,???,1,5,IMP
16:46:12.829 [Test worker] INFO  net.lomibao.nes.components.CPU6502 - 200,C8,INY,Implied,Increment Y Register,1,2,IMP
16:46:12.829 [Test worker] INFO  net.lomibao.nes.components.CPU6502 - 201,C9,CMP,Immediate,Compare,2,2,IMM
16:46:12.829 [Test worker] INFO  net.lomibao.nes.components.CPU6502 - 202,CA,DEX,Implied,Decrement X Register,1,2,IMP
16:46:12.829 [Test worker] INFO  net.lomibao.nes.components.CPU6502 - 203,CB,???,???,???,1,2,IMP
16:46:12.829 [Test worker] INFO  net.lomibao.nes.components.CPU6502 - 204,CC,CPY,Absolute,Compare Y Register,3,4,ABS
16:46:12.829 [Test worker] INFO  net.lomibao.nes.components.CPU6502 - 205,CD,CMP,Absolute,Compare,3,4,ABS
16:46:12.829 [Test worker] INFO  net.lomibao.nes.components.CPU6502 - 206,CE,DEC,Absolute,Decrement Memory,3,6,ABS
16:46:12.829 [Test worker] INFO  net.lomibao.nes.components.CPU6502 - 207,CF,???,???,???,1,6,IMP
16:46:12.829 [Test worker] INFO  net.lomibao.nes.components.CPU6502 - 208,D0,BNE,Relative,Branch if Not Equal,2,2,REL
16:46:12.829 [Test worker] INFO  net.lomibao.nes.components.CPU6502 - 209,D1,CMP,(Indirect);Y,Compare,2,5,IZY
16:46:12.829 [Test worker] INFO  net.lomibao.nes.components.CPU6502 - 210,D2,???,???,???,1,2,IMP
16:46:12.829 [Test worker] INFO  net.lomibao.nes.components.CPU6502 - 211,D3,???,???,???,1,8,IMP
16:46:12.829 [Test worker] INFO  net.lomibao.nes.components.CPU6502 - 212,D4,???,???,???,1,4,IMP
16:46:12.829 [Test worker] INFO  net.lomibao.nes.components.CPU6502 - 213,D5,CMP,ZeroPage;X,Compare,2,4,ZPX
16:46:12.829 [Test worker] INFO  net.lomibao.nes.components.CPU6502 - 214,D6,DEC,ZeroPage;X,Decrement Memory,2,6,ZPX
16:46:12.829 [Test worker] INFO  net.lomibao.nes.components.CPU6502 - 215,D7,???,???,???,1,6,IMP
16:46:12.829 [Test worker] INFO  net.lomibao.nes.components.CPU6502 - 216,D8,CLD,Implied,Clear Decimal Mode,1,2,IMP
16:46:12.829 [Test worker] INFO  net.lomibao.nes.components.CPU6502 - 217,D9,CMP,Absolute;Y,Compare,3,4,ABY
16:46:12.830 [Test worker] INFO  net.lomibao.nes.components.CPU6502 - 218,DA,NOP,???,???,1,2,IMP
16:46:12.830 [Test worker] INFO  net.lomibao.nes.components.CPU6502 - 219,DB,???,???,???,1,7,IMP
16:46:12.830 [Test worker] INFO  net.lomibao.nes.components.CPU6502 - 220,DC,???,???,???,1,4,IMP
16:46:12.830 [Test worker] INFO  net.lomibao.nes.components.CPU6502 - 221,DD,CMP,Absolute;X,Compare,3,4,ABX
16:46:12.830 [Test worker] INFO  net.lomibao.nes.components.CPU6502 - 222,DE,DEC,Absolute;X,Decrement Memory,3,7,ABX
16:46:12.830 [Test worker] INFO  net.lomibao.nes.components.CPU6502 - 223,DF,???,???,???,1,7,IMP
16:46:12.830 [Test worker] INFO  net.lomibao.nes.components.CPU6502 - 224,E0,CPX,Immediate,Compare X Register,2,2,IMM
16:46:12.830 [Test worker] INFO  net.lomibao.nes.components.CPU6502 - 225,E1,SBC,(Indirect;X),Subtract with Carry,2,6,IZX
16:46:12.830 [Test worker] INFO  net.lomibao.nes.components.CPU6502 - 226,E2,???,???,???,1,2,IMP
16:46:12.830 [Test worker] INFO  net.lomibao.nes.components.CPU6502 - 227,E3,???,???,???,1,8,IMP
16:46:12.830 [Test worker] INFO  net.lomibao.nes.components.CPU6502 - 228,E4,CPX,ZeroPage,Compare X Register,2,3,ZP0
16:46:12.830 [Test worker] INFO  net.lomibao.nes.components.CPU6502 - 229,E5,SBC,ZeroPage,Subtract with Carry,2,3,ZP0
16:46:12.830 [Test worker] INFO  net.lomibao.nes.components.CPU6502 - 230,E6,INC,ZeroPage,Increment Memory,2,5,ZP0
16:46:12.830 [Test worker] INFO  net.lomibao.nes.components.CPU6502 - 231,E7,???,???,???,1,5,IMP
16:46:12.830 [Test worker] INFO  net.lomibao.nes.components.CPU6502 - 232,E8,INX,Implied,Increment X Register,1,2,IMP
16:46:12.830 [Test worker] INFO  net.lomibao.nes.components.CPU6502 - 233,E9,SBC,Immediate,Subtract with Carry,2,2,IMM
16:46:12.831 [Test worker] INFO  net.lomibao.nes.components.CPU6502 - 234,EA,NOP,Implied,No Operation,1,2,IMP
16:46:12.831 [Test worker] INFO  net.lomibao.nes.components.CPU6502 - 235,EB,???,???,???,1,2,IMP
16:46:12.831 [Test worker] INFO  net.lomibao.nes.components.CPU6502 - 236,EC,CPX,Absolute,Compare X Register,3,4,ABS
16:46:12.831 [Test worker] INFO  net.lomibao.nes.components.CPU6502 - 237,ED,SBC,Absolute,Subtract with Carry,3,4,ABS
16:46:12.831 [Test worker] INFO  net.lomibao.nes.components.CPU6502 - 238,EE,INC,Absolute,Increment Memory,3,6,ABS
16:46:12.831 [Test worker] INFO  net.lomibao.nes.components.CPU6502 - 239,EF,???,???,???,1,6,IMP
16:46:12.831 [Test worker] INFO  net.lomibao.nes.components.CPU6502 - 240,F0,BEQ,Relative,Branch if Equal,2,2,REL
16:46:12.831 [Test worker] INFO  net.lomibao.nes.components.CPU6502 - 241,F1,SBC,(Indirect);Y,Subtract with Carry,2,5,IZY
16:46:12.831 [Test worker] INFO  net.lomibao.nes.components.CPU6502 - 242,F2,???,???,???,1,2,IMP
16:46:12.831 [Test worker] INFO  net.lomibao.nes.components.CPU6502 - 243,F3,???,???,???,1,8,IMP
16:46:12.831 [Test worker] INFO  net.lomibao.nes.components.CPU6502 - 244,F4,???,???,???,1,4,IMP
16:46:12.831 [Test worker] INFO  net.lomibao.nes.components.CPU6502 - 245,F5,SBC,ZeroPage;X,Subtract with Carry,2,4,ZPX
16:46:12.831 [Test worker] INFO  net.lomibao.nes.components.CPU6502 - 246,F6,INC,ZeroPage;X,Increment Memory,2,6,ZPX
16:46:12.831 [Test worker] INFO  net.lomibao.nes.components.CPU6502 - 247,F7,???,???,???,1,6,IMP
16:46:12.831 [Test worker] INFO  net.lomibao.nes.components.CPU6502 - 248,F8,SED,Implied,Set Decimal Flag,1,2,IMP
16:46:12.831 [Test worker] INFO  net.lomibao.nes.components.CPU6502 - 249,F9,SBC,Absolute;Y,Subtract with Carry,3,4,ABY
16:46:12.831 [Test worker] INFO  net.lomibao.nes.components.CPU6502 - 250,FA,NOP,???,???,1,2,IMP
16:46:12.832 [Test worker] INFO  net.lomibao.nes.components.CPU6502 - 251,FB,???,???,???,1,7,IMP
16:46:12.832 [Test worker] INFO  net.lomibao.nes.components.CPU6502 - 252,FC,???,???,???,1,4,IMP
16:46:12.832 [Test worker] INFO  net.lomibao.nes.components.CPU6502 - 253,FD,SBC,Absolute;X,Subtract with Carry,3,4,ABX
16:46:12.832 [Test worker] INFO  net.lomibao.nes.components.CPU6502 - 254,FE,INC,Absolute;X,Increment Memory,3,7,ABX
16:46:12.832 [Test worker] INFO  net.lomibao.nes.components.CPU6502 - 255,FF,???,???,???,1,7,IMP
16:46:12.839 [Test worker] INFO  net.lomibao.nes.components.CPU6502 - 0,00,BRK,Implied,Force Interrupt,1,7,IMM
16:46:12.839 [Test worker] INFO  net.lomibao.nes.components.CPU6502 - 1,01,ORA,(Indirect;X),Logical Inclusive OR,2,6,IZX
16:46:12.839 [Test worker] INFO  net.lomibao.nes.components.CPU6502 - 2,02,???,???,???,1,2,IMP
16:46:12.839 [Test worker] INFO  net.lomibao.nes.components.CPU6502 - 3,03,???,???,???,1,8,IMP
16:46:12.839 [Test worker] INFO  net.lomibao.nes.components.CPU6502 - 4,04,???,???,???,1,3,IMP
16:46:12.839 [Test worker] INFO  net.lomibao.nes.components.CPU6502 - 5,05,ORA,ZeroPage,Logical Inclusive OR,2,3,ZP0
16:46:12.839 [Test worker] INFO  net.lomibao.nes.components.CPU6502 - 6,06,ASL,ZeroPage,Arithmetic Shift Left,2,5,ZP0
16:46:12.839 [Test worker] INFO  net.lomibao.nes.components.CPU6502 - 7,07,???,???,???,1,5,IMP
16:46:12.839 [Test worker] INFO  net.lomibao.nes.components.CPU6502 - 8,08,PHP,Implied,Push Processor Status,1,3,IMP
16:46:12.839 [Test worker] INFO  net.lomibao.nes.components.CPU6502 - 9,09,ORA,Immediate,Logical Inclusive OR,2,2,IMM
16:46:12.839 [Test worker] INFO  net.lomibao.nes.components.CPU6502 - 10,0A,ASL,Accumulator,Arithmetic Shift Left,1,2,IMP
16:46:12.841 [Test worker] INFO  net.lomibao.nes.components.CPU6502 - 11,0B,???,???,???,1,2,IMP
16:46:12.841 [Test worker] INFO  net.lomibao.nes.components.CPU6502 - 12,0C,???,???,???,1,4,IMP
16:46:12.841 [Test worker] INFO  net.lomibao.nes.components.CPU6502 - 13,0D,ORA,Absolute,Logical Inclusive OR,3,4,ABS
16:46:12.841 [Test worker] INFO  net.lomibao.nes.components.CPU6502 - 14,0E,ASL,Absolute,Arithmetic Shift Left,3,6,ABS
16:46:12.841 [Test worker] INFO  net.lomibao.nes.components.CPU6502 - 15,0F,???,???,???,1,6,IMP
16:46:12.841 [Test worker] INFO  net.lomibao.nes.components.CPU6502 - 16,10,BPL,Relative,Branch if Positive,2,2,REL
16:46:12.841 [Test worker] INFO  net.lomibao.nes.components.CPU6502 - 17,11,ORA,(Indirect);Y,Logical Inclusive OR,2,5,IZY
16:46:12.841 [Test worker] INFO  net.lomibao.nes.components.CPU6502 - 18,12,???,???,???,1,2,IMP
16:46:12.841 [Test worker] INFO  net.lomibao.nes.components.CPU6502 - 19,13,???,???,???,1,8,IMP
16:46:12.841 [Test worker] INFO  net.lomibao.nes.components.CPU6502 - 20,14,???,???,???,1,4,IMP
16:46:12.841 [Test worker] INFO  net.lomibao.nes.components.CPU6502 - 21,15,ORA,ZeroPage;X,Logical Inclusive OR,2,4,ZPX
16:46:12.841 [Test worker] INFO  net.lomibao.nes.components.CPU6502 - 22,16,ASL,ZeroPage;X,Arithmetic Shift Left,2,6,ZPX
16:46:12.841 [Test worker] INFO  net.lomibao.nes.components.CPU6502 - 23,17,???,???,???,1,6,IMP
16:46:12.841 [Test worker] INFO  net.lomibao.nes.components.CPU6502 - 24,18,CLC,Implied,Clear Carry Flag,1,2,IMP
16:46:12.841 [Test worker] INFO  net.lomibao.nes.components.CPU6502 - 25,19,ORA,Absolute;Y,Logical Inclusive OR,3,4,ABY
16:46:12.841 [Test worker] INFO  net.lomibao.nes.components.CPU6502 - 26,1A,???,???,???,1,2,IMP
16:46:12.841 [Test worker] INFO  net.lomibao.nes.components.CPU6502 - 27,1B,???,???,???,1,7,IMP
16:46:12.841 [Test worker] INFO  net.lomibao.nes.components.CPU6502 - 28,1C,???,???,???,1,4,IMP
16:46:12.841 [Test worker] INFO  net.lomibao.nes.components.CPU6502 - 29,1D,ORA,Absolute;X,Logical Inclusive OR,3,4,ABX
16:46:12.841 [Test worker] INFO  net.lomibao.nes.components.CPU6502 - 30,1E,ASL,Absolute;X,Arithmetic Shift Left,3,7,ABX
16:46:12.841 [Test worker] INFO  net.lomibao.nes.components.CPU6502 - 31,1F,???,???,???,1,7,IMP
16:46:12.841 [Test worker] INFO  net.lomibao.nes.components.CPU6502 - 32,20,JSR,Absolute,Jump to Subroutine,3,6,ABS
16:46:12.841 [Test worker] INFO  net.lomibao.nes.components.CPU6502 - 33,21,AND,(Indirect;X),Logical AND,2,6,IZX
16:46:12.841 [Test worker] INFO  net.lomibao.nes.components.CPU6502 - 34,22,???,???,???,1,2,IMP
16:46:12.841 [Test worker] INFO  net.lomibao.nes.components.CPU6502 - 35,23,???,???,???,1,8,IMP
16:46:12.841 [Test worker] INFO  net.lomibao.nes.components.CPU6502 - 36,24,BIT,ZeroPage,Bit Test,2,3,ZP0
16:46:12.841 [Test worker] INFO  net.lomibao.nes.components.CPU6502 - 37,25,AND,ZeroPage,Logical AND,2,3,ZP0
16:46:12.841 [Test worker] INFO  net.lomibao.nes.components.CPU6502 - 38,26,ROL,ZeroPage,Rotate Left,2,5,ZP0
16:46:12.841 [Test worker] INFO  net.lomibao.nes.components.CPU6502 - 39,27,???,???,???,1,5,IMP
16:46:12.841 [Test worker] INFO  net.lomibao.nes.components.CPU6502 - 40,28,PLP,Implied,Pull Processor Status,1,4,IMP
16:46:12.841 [Test worker] INFO  net.lomibao.nes.components.CPU6502 - 41,29,AND,Immediate,Logical AND,2,2,IMM
16:46:12.841 [Test worker] INFO  net.lomibao.nes.components.CPU6502 - 42,2A,ROL,Accumulator,Rotate Left,1,2,IMP
16:46:12.841 [Test worker] INFO  net.lomibao.nes.components.CPU6502 - 43,2B,???,???,???,1,2,IMP
16:46:12.841 [Test worker] INFO  net.lomibao.nes.components.CPU6502 - 44,2C,BIT,Absolute,Bit Test,3,4,ABS
16:46:12.842 [Test worker] INFO  net.lomibao.nes.components.CPU6502 - 45,2D,AND,Absolute,Logical AND,3,4,ABS
16:46:12.842 [Test worker] INFO  net.lomibao.nes.components.CPU6502 - 46,2E,ROL,Absolute,Rotate Left,3,6,ABS
16:46:12.842 [Test worker] INFO  net.lomibao.nes.components.CPU6502 - 47,2F,???,???,???,1,6,IMP
16:46:12.842 [Test worker] INFO  net.lomibao.nes.components.CPU6502 - 48,30,BMI,Relative,Branch if Minus,2,2,REL
16:46:12.842 [Test worker] INFO  net.lomibao.nes.components.CPU6502 - 49,31,AND,(Indirect);Y,Logical AND,2,5,IZY
16:46:12.842 [Test worker] INFO  net.lomibao.nes.components.CPU6502 - 50,32,???,???,???,1,2,IMP
16:46:12.842 [Test worker] INFO  net.lomibao.nes.components.CPU6502 - 51,33,???,???,???,1,8,IMP
16:46:12.842 [Test worker] INFO  net.lomibao.nes.components.CPU6502 - 52,34,???,???,???,1,4,IMP
16:46:12.842 [Test worker] INFO  net.lomibao.nes.components.CPU6502 - 53,35,AND,ZeroPage;X,Logical AND,2,4,ZPX
16:46:12.842 [Test worker] INFO  net.lomibao.nes.components.CPU6502 - 54,36,ROL,ZeroPage;X,Rotate Left,2,6,ZPX
16:46:12.842 [Test worker] INFO  net.lomibao.nes.components.CPU6502 - 55,37,???,???,???,1,6,IMP
16:46:12.842 [Test worker] INFO  net.lomibao.nes.components.CPU6502 - 56,38,SEC,Implied,Set Carry Flag,1,2,IMP
16:46:12.842 [Test worker] INFO  net.lomibao.nes.components.CPU6502 - 57,39,AND,Absolute;Y,Logical AND,3,4,ABY
16:46:12.842 [Test worker] INFO  net.lomibao.nes.components.CPU6502 - 58,3A,???,???,???,1,2,IMP
16:46:12.842 [Test worker] INFO  net.lomibao.nes.components.CPU6502 - 59,3B,???,???,???,1,7,IMP
16:46:12.842 [Test worker] INFO  net.lomibao.nes.components.CPU6502 - 60,3C,???,???,???,1,4,IMP
16:46:12.842 [Test worker] INFO  net.lomibao.nes.components.CPU6502 - 61,3D,AND,Absolute;X,Logical AND,3,4,ABX
16:46:12.842 [Test worker] INFO  net.lomibao.nes.components.CPU6502 - 62,3E,ROL,Absolute;X,Rotate Left,3,7,ABX
16:46:12.842 [Test worker] INFO  net.lomibao.nes.components.CPU6502 - 63,3F,???,???,???,1,7,IMP
16:46:12.842 [Test worker] INFO  net.lomibao.nes.components.CPU6502 - 64,40,RTI,Implied,Return from Interrupt,1,6,IMP
16:46:12.842 [Test worker] INFO  net.lomibao.nes.components.CPU6502 - 65,41,EOR,(Indirect;X),Exclusive OR,2,6,IZX
16:46:12.842 [Test worker] INFO  net.lomibao.nes.components.CPU6502 - 66,42,???,???,???,1,2,IMP
16:46:12.842 [Test worker] INFO  net.lomibao.nes.components.CPU6502 - 67,43,???,???,???,1,8,IMP
16:46:12.842 [Test worker] INFO  net.lomibao.nes.components.CPU6502 - 68,44,???,???,???,1,3,IMP
16:46:12.842 [Test worker] INFO  net.lomibao.nes.components.CPU6502 - 69,45,EOR,ZeroPage,Exclusive OR,2,3,ZP0
16:46:12.842 [Test worker] INFO  net.lomibao.nes.components.CPU6502 - 70,46,LSR,ZeroPage,Logical Shift Right,2,5,ZP0
16:46:12.842 [Test worker] INFO  net.lomibao.nes.components.CPU6502 - 71,47,???,???,???,1,5,IMP
16:46:12.842 [Test worker] INFO  net.lomibao.nes.components.CPU6502 - 72,48,PHA,Implied,Push Accumulator,1,3,IMP
16:46:12.842 [Test worker] INFO  net.lomibao.nes.components.CPU6502 - 73,49,EOR,Immediate,Exclusive OR,2,2,IMM
16:46:12.842 [Test worker] INFO  net.lomibao.nes.components.CPU6502 - 74,4A,LSR,Accumulator,Logical Shift Right,1,2,IMP
16:46:12.842 [Test worker] INFO  net.lomibao.nes.components.CPU6502 - 75,4B,???,???,???,1,2,IMP
16:46:12.842 [Test worker] INFO  net.lomibao.nes.components.CPU6502 - 76,4C,JMP,Absolute,Jump,3,3,ABS
16:46:12.842 [Test worker] INFO  net.lomibao.nes.components.CPU6502 - 77,4D,EOR,Absolute,Exclusive OR,3,4,ABS
16:46:12.842 [Test worker] INFO  net.lomibao.nes.components.CPU6502 - 78,4E,LSR,Absolute,Logical Shift Right,3,6,ABS
16:46:12.842 [Test worker] INFO  net.lomibao.nes.components.CPU6502 - 79,4F,???,???,???,1,6,IMP
16:46:12.842 [Test worker] INFO  net.lomibao.nes.components.CPU6502 - 80,50,BVC,Relative,Branch if Overflow Clear,2,2,REL
16:46:12.842 [Test worker] INFO  net.lomibao.nes.components.CPU6502 - 81,51,EOR,(Indirect);Y,Exclusive OR,2,5,IZY
16:46:12.842 [Test worker] INFO  net.lomibao.nes.components.CPU6502 - 82,52,???,???,???,1,2,IMP
16:46:12.842 [Test worker] INFO  net.lomibao.nes.components.CPU6502 - 83,53,???,???,???,1,8,IMP
16:46:12.844 [Test worker] INFO  net.lomibao.nes.components.CPU6502 - 84,54,???,???,???,1,4,IMP
16:46:12.844 [Test worker] INFO  net.lomibao.nes.components.CPU6502 - 85,55,EOR,ZeroPage;X,Exclusive OR,2,4,ZPX
16:46:12.844 [Test worker] INFO  net.lomibao.nes.components.CPU6502 - 86,56,LSR,ZeroPage;X,Logical Shift Right,2,6,ZPX
16:46:12.844 [Test worker] INFO  net.lomibao.nes.components.CPU6502 - 87,57,???,???,???,1,6,IMP
16:46:12.844 [Test worker] INFO  net.lomibao.nes.components.CPU6502 - 88,58,CLI,Implied,Clear Interrupt Disable,1,2,IMP
16:46:12.844 [Test worker] INFO  net.lomibao.nes.components.CPU6502 - 89,59,EOR,Absolute;Y,Exclusive OR,3,4,ABY
16:46:12.844 [Test worker] INFO  net.lomibao.nes.components.CPU6502 - 90,5A,???,???,???,1,2,IMP
16:46:12.844 [Test worker] INFO  net.lomibao.nes.components.CPU6502 - 91,5B,???,???,???,1,7,IMP
16:46:12.844 [Test worker] INFO  net.lomibao.nes.components.CPU6502 - 92,5C,???,???,???,1,4,IMP
16:46:12.844 [Test worker] INFO  net.lomibao.nes.components.CPU6502 - 93,5D,EOR,Absolute;X,Exclusive OR,3,4,ABX
16:46:12.844 [Test worker] INFO  net.lomibao.nes.components.CPU6502 - 94,5E,LSR,Absolute;X,Logical Shift Right,3,7,ABX
16:46:12.844 [Test worker] INFO  net.lomibao.nes.components.CPU6502 - 95,5F,???,???,???,1,7,IMP
16:46:12.844 [Test worker] INFO  net.lomibao.nes.components.CPU6502 - 96,60,RTS,Implied,Return from Subroutine,1,6,IMP
16:46:12.844 [Test worker] INFO  net.lomibao.nes.components.CPU6502 - 97,61,ADC,(Indirect;X),Add with Carry,2,6,IZX
16:46:12.844 [Test worker] INFO  net.lomibao.nes.components.CPU6502 - 98,62,???,???,???,1,2,IMP
16:46:12.844 [Test worker] INFO  net.lomibao.nes.components.CPU6502 - 99,63,???,???,???,1,8,IMP
16:46:12.844 [Test worker] INFO  net.lomibao.nes.components.CPU6502 - 100,64,???,???,???,1,3,IMP
16:46:12.844 [Test worker] INFO  net.lomibao.nes.components.CPU6502 - 101,65,ADC,ZeroPage,Add with Carry,2,3,ZP0
16:46:12.844 [Test worker] INFO  net.lomibao.nes.components.CPU6502 - 102,66,ROR,ZeroPage,Rotate Right,2,5,ZP0
16:46:12.844 [Test worker] INFO  net.lomibao.nes.components.CPU6502 - 103,67,???,???,???,1,5,IMP
16:46:12.844 [Test worker] INFO  net.lomibao.nes.components.CPU6502 - 104,68,PLA,Implied,Pull Accumulator,1,4,IMP
16:46:12.844 [Test worker] INFO  net.lomibao.nes.components.CPU6502 - 105,69,ADC,Immediate,Add with Carry,2,2,IMM
16:46:12.844 [Test worker] INFO  net.lomibao.nes.components.CPU6502 - 106,6A,ROR,Accumulator,Rotate Right,1,2,IMP
16:46:12.844 [Test worker] INFO  net.lomibao.nes.components.CPU6502 - 107,6B,???,???,???,1,2,IMP
16:46:12.844 [Test worker] INFO  net.lomibao.nes.components.CPU6502 - 108,6C,JMP,Indirect ,Jump,3,5,IND
16:46:12.844 [Test worker] INFO  net.lomibao.nes.components.CPU6502 - 109,6D,ADC,Absolute,Add with Carry,3,4,ABS
16:46:12.844 [Test worker] INFO  net.lomibao.nes.components.CPU6502 - 110,6E,ROR,Absolute,Rotate Right,3,6,ABS
16:46:12.844 [Test worker] INFO  net.lomibao.nes.components.CPU6502 - 111,6F,???,???,???,1,6,IMP
16:46:12.845 [Test worker] INFO  net.lomibao.nes.components.CPU6502 - 112,70,BVS,Relative,Branch if Overflow Set,2,2,REL
16:46:12.845 [Test worker] INFO  net.lomibao.nes.components.CPU6502 - 113,71,ADC,(Indirect);Y,Add with Carry,2,5,IZY
16:46:12.845 [Test worker] INFO  net.lomibao.nes.components.CPU6502 - 114,72,???,???,???,1,2,IMP
16:46:12.845 [Test worker] INFO  net.lomibao.nes.components.CPU6502 - 115,73,???,???,???,1,8,IMP
16:46:12.845 [Test worker] INFO  net.lomibao.nes.components.CPU6502 - 116,74,???,???,???,1,4,IMP
16:46:12.845 [Test worker] INFO  net.lomibao.nes.components.CPU6502 - 117,75,ADC,ZeroPage;X,Add with Carry,2,4,ZPX
16:46:12.845 [Test worker] INFO  net.lomibao.nes.components.CPU6502 - 118,76,ROR,ZeroPage;X,Rotate Right,2,6,ZPX
16:46:12.845 [Test worker] INFO  net.lomibao.nes.components.CPU6502 - 119,77,???,???,???,1,6,IMP
16:46:12.845 [Test worker] INFO  net.lomibao.nes.components.CPU6502 - 120,78,SEI,Implied,Set Interrupt Disable,1,2,IMP
16:46:12.845 [Test worker] INFO  net.lomibao.nes.components.CPU6502 - 121,79,ADC,Absolute;Y,Add with Carry,3,4,ABY
16:46:12.845 [Test worker] INFO  net.lomibao.nes.components.CPU6502 - 122,7A,???,???,???,1,2,IMP
16:46:12.845 [Test worker] INFO  net.lomibao.nes.components.CPU6502 - 123,7B,???,???,???,1,7,IMP
16:46:12.845 [Test worker] INFO  net.lomibao.nes.components.CPU6502 - 124,7C,???,???,???,1,4,IMP
16:46:12.845 [Test worker] INFO  net.lomibao.nes.components.CPU6502 - 125,7D,ADC,Absolute;X,Add with Carry,3,4,ABX
16:46:12.845 [Test worker] INFO  net.lomibao.nes.components.CPU6502 - 126,7E,ROR,Absolute;X,Rotate Right,3,7,ABX
16:46:12.845 [Test worker] INFO  net.lomibao.nes.components.CPU6502 - 127,7F,???,???,???,1,7,IMP
16:46:12.846 [Test worker] INFO  net.lomibao.nes.components.CPU6502 - 128,80,???,???,???,1,2,IMP
16:46:12.846 [Test worker] INFO  net.lomibao.nes.components.CPU6502 - 129,81,STA,(Indirect;X),Store Accumulator,2,6,IZX
16:46:12.846 [Test worker] INFO  net.lomibao.nes.components.CPU6502 - 130,82,???,???,???,1,2,IMP
16:46:12.846 [Test worker] INFO  net.lomibao.nes.components.CPU6502 - 131,83,???,???,???,1,6,IMP
16:46:12.846 [Test worker] INFO  net.lomibao.nes.components.CPU6502 - 132,84,STY,ZeroPage,Store Y Register,2,3,ZP0
16:46:12.846 [Test worker] INFO  net.lomibao.nes.components.CPU6502 - 133,85,STA,ZeroPage,Store Accumulator,2,3,ZP0
16:46:12.847 [Test worker] INFO  net.lomibao.nes.components.CPU6502 - 134,86,STX,ZeroPage,Store X Register,2,3,ZP0
16:46:12.847 [Test worker] INFO  net.lomibao.nes.components.CPU6502 - 135,87,???,???,???,1,3,IMP
16:46:12.847 [Test worker] INFO  net.lomibao.nes.components.CPU6502 - 136,88,DEY,Implied,Decrement Y Register,1,2,IMP
16:46:12.847 [Test worker] INFO  net.lomibao.nes.components.CPU6502 - 137,89,???,???,???,1,2,IMP
16:46:12.847 [Test worker] INFO  net.lomibao.nes.components.CPU6502 - 138,8A,TXA,Implied,Transfer X to Accumulator,1,2,IMP
16:46:12.847 [Test worker] INFO  net.lomibao.nes.components.CPU6502 - 139,8B,???,???,???,1,2,IMP
16:46:12.847 [Test worker] INFO  net.lomibao.nes.components.CPU6502 - 140,8C,STY,Absolute,Store Y Register,3,4,ABS
16:46:12.847 [Test worker] INFO  net.lomibao.nes.components.CPU6502 - 141,8D,STA,Absolute,Store Accumulator,3,4,ABS
16:46:12.847 [Test worker] INFO  net.lomibao.nes.components.CPU6502 - 142,8E,STX,Absolute,Store X Register,3,4,ABS
16:46:12.847 [Test worker] INFO  net.lomibao.nes.components.CPU6502 - 143,8F,???,???,???,1,4,IMP
16:46:12.848 [Test worker] INFO  net.lomibao.nes.components.CPU6502 - 144,90,BCC,Relative,Branch if Carry Clear,2,2,REL
16:46:12.848 [Test worker] INFO  net.lomibao.nes.components.CPU6502 - 145,91,STA,(Indirect);Y,Store Accumulator,2,6,IZY
16:46:12.848 [Test worker] INFO  net.lomibao.nes.components.CPU6502 - 146,92,???,???,???,1,2,IMP
16:46:12.848 [Test worker] INFO  net.lomibao.nes.components.CPU6502 - 147,93,???,???,???,1,6,IMP
16:46:12.848 [Test worker] INFO  net.lomibao.nes.components.CPU6502 - 148,94,STY,ZeroPage;X,Store Y Register,2,4,ZPX
16:46:12.848 [Test worker] INFO  net.lomibao.nes.components.CPU6502 - 149,95,STA,ZeroPage;X,Store Accumulator,2,4,ZPX
16:46:12.848 [Test worker] INFO  net.lomibao.nes.components.CPU6502 - 150,96,STX,ZeroPage;Y,Store X Register,2,4,ZPY
16:46:12.848 [Test worker] INFO  net.lomibao.nes.components.CPU6502 - 151,97,???,???,???,1,4,IMP
16:46:12.848 [Test worker] INFO  net.lomibao.nes.components.CPU6502 - 152,98,TYA,Implied,Transfer Y to Accumulator,1,2,IMP
16:46:12.848 [Test worker] INFO  net.lomibao.nes.components.CPU6502 - 153,99,STA,Absolute;Y,Store Accumulator,3,5,ABY
16:46:12.848 [Test worker] INFO  net.lomibao.nes.components.CPU6502 - 154,9A,TXS,Implied,Transfer X to Stack Pointer,1,2,IMP
16:46:12.848 [Test worker] INFO  net.lomibao.nes.components.CPU6502 - 155,9B,???,???,???,1,5,IMP
16:46:12.848 [Test worker] INFO  net.lomibao.nes.components.CPU6502 - 156,9C,???,???,???,1,5,IMP
16:46:12.848 [Test worker] INFO  net.lomibao.nes.components.CPU6502 - 157,9D,STA,Absolute;X,Store Accumulator,3,5,ABX
16:46:12.848 [Test worker] INFO  net.lomibao.nes.components.CPU6502 - 158,9E,???,???,???,1,5,IMP
16:46:12.848 [Test worker] INFO  net.lomibao.nes.components.CPU6502 - 159,9F,???,???,???,1,5,IMP
16:46:12.848 [Test worker] INFO  net.lomibao.nes.components.CPU6502 - 160,A0,LDY,Immediate,Load Y Register,2,2,IMM
16:46:12.848 [Test worker] INFO  net.lomibao.nes.components.CPU6502 - 161,A1,LDA,(Indirect;X),Load Accumulator,2,6,IZX
16:46:12.848 [Test worker] INFO  net.lomibao.nes.components.CPU6502 - 162,A2,LDX,Immediate,Load X Register,2,2,IMM
16:46:12.848 [Test worker] INFO  net.lomibao.nes.components.CPU6502 - 163,A3,???,???,???,1,6,IMP
16:46:12.848 [Test worker] INFO  net.lomibao.nes.components.CPU6502 - 164,A4,LDY,ZeroPage,Load Y Register,2,3,ZP0
16:46:12.848 [Test worker] INFO  net.lomibao.nes.components.CPU6502 - 165,A5,LDA,ZeroPage,Load Accumulator,2,3,ZP0
16:46:12.848 [Test worker] INFO  net.lomibao.nes.components.CPU6502 - 166,A6,LDX,ZeroPage,Load X Register,2,3,ZP0
16:46:12.848 [Test worker] INFO  net.lomibao.nes.components.CPU6502 - 167,A7,???,???,???,1,3,IMP
16:46:12.848 [Test worker] INFO  net.lomibao.nes.components.CPU6502 - 168,A8,TAY,Implied,Transfer Accumulator to Y,1,2,IMP
16:46:12.848 [Test worker] INFO  net.lomibao.nes.components.CPU6502 - 169,A9,LDA,Immediate,Load Accumulator,2,2,IMM
16:46:12.848 [Test worker] INFO  net.lomibao.nes.components.CPU6502 - 170,AA,TAX,Implied,Transfer Accumulator to X,1,2,IMP
16:46:12.848 [Test worker] INFO  net.lomibao.nes.components.CPU6502 - 171,AB,???,???,???,1,2,IMP
16:46:12.848 [Test worker] INFO  net.lomibao.nes.components.CPU6502 - 172,AC,LDY,Absolute,Load Y Register,3,4,ABS
16:46:12.849 [Test worker] INFO  net.lomibao.nes.components.CPU6502 - 173,AD,LDA,Absolute,Load Accumulator,3,4,ABS
16:46:12.849 [Test worker] INFO  net.lomibao.nes.components.CPU6502 - 174,AE,LDX,Absolute,Load X Register,3,4,ABS
16:46:12.849 [Test worker] INFO  net.lomibao.nes.components.CPU6502 - 175,AF,???,???,???,1,4,IMP
16:46:12.849 [Test worker] INFO  net.lomibao.nes.components.CPU6502 - 176,B0,BCS,Relative,Branch if Carry Set,2,2,REL
16:46:12.849 [Test worker] INFO  net.lomibao.nes.components.CPU6502 - 177,B1,LDA,(Indirect);Y,Load Accumulator,2,5,IZY
16:46:12.849 [Test worker] INFO  net.lomibao.nes.components.CPU6502 - 178,B2,???,???,???,1,2,IMP
16:46:12.849 [Test worker] INFO  net.lomibao.nes.components.CPU6502 - 179,B3,???,???,???,1,5,IMP
16:46:12.849 [Test worker] INFO  net.lomibao.nes.components.CPU6502 - 180,B4,LDY,ZeroPage;X,Load Y Register,2,4,ZPX
16:46:12.849 [Test worker] INFO  net.lomibao.nes.components.CPU6502 - 181,B5,LDA,ZeroPage;X,Load Accumulator,2,4,ZPX
16:46:12.849 [Test worker] INFO  net.lomibao.nes.components.CPU6502 - 182,B6,LDX,ZeroPage;Y,Load X Register,2,4,ZPY
16:46:12.849 [Test worker] INFO  net.lomibao.nes.components.CPU6502 - 183,B7,???,???,???,1,4,IMP
16:46:12.849 [Test worker] INFO  net.lomibao.nes.components.CPU6502 - 184,B8,CLV,Implied,Clear Overflow Flag,1,2,IMP
16:46:12.849 [Test worker] INFO  net.lomibao.nes.components.CPU6502 - 185,B9,LDA,Absolute;Y,Load Accumulator,3,4,ABY
16:46:12.849 [Test worker] INFO  net.lomibao.nes.components.CPU6502 - 186,BA,TSX,Implied,Transfer Stack Pointer to X,1,2,IMP
16:46:12.849 [Test worker] INFO  net.lomibao.nes.components.CPU6502 - 187,BB,???,???,???,1,4,IMP
16:46:12.849 [Test worker] INFO  net.lomibao.nes.components.CPU6502 - 188,BC,LDY,Absolute;X,Load Y Register,3,4,ABX
16:46:12.849 [Test worker] INFO  net.lomibao.nes.components.CPU6502 - 189,BD,LDA,Absolute;X,Load Accumulator,3,4,ABX
16:46:12.849 [Test worker] INFO  net.lomibao.nes.components.CPU6502 - 190,BE,LDX,Absolute;Y,Load X Register,3,4,ABY
16:46:12.849 [Test worker] INFO  net.lomibao.nes.components.CPU6502 - 191,BF,???,???,???,1,4,IMP
16:46:12.849 [Test worker] INFO  net.lomibao.nes.components.CPU6502 - 192,C0,CPY,Immediate,Compare Y Register,2,2,IMM
16:46:12.849 [Test worker] INFO  net.lomibao.nes.components.CPU6502 - 193,C1,CMP,(Indirect;X),Compare,2,6,IZX
16:46:12.849 [Test worker] INFO  net.lomibao.nes.components.CPU6502 - 194,C2,???,???,???,1,2,IMP
16:46:12.849 [Test worker] INFO  net.lomibao.nes.components.CPU6502 - 195,C3,???,???,???,1,8,IMP
16:46:12.850 [Test worker] INFO  net.lomibao.nes.components.CPU6502 - 196,C4,CPY,ZeroPage,Compare Y Register,2,3,ZP0
16:46:12.850 [Test worker] INFO  net.lomibao.nes.components.CPU6502 - 197,C5,CMP,ZeroPage,Compare,2,3,ZP0
16:46:12.850 [Test worker] INFO  net.lomibao.nes.components.CPU6502 - 198,C6,DEC,ZeroPage,Decrement Memory,2,5,ZP0
16:46:12.850 [Test worker] INFO  net.lomibao.nes.components.CPU6502 - 199,C7,???,???,???,1,5,IMP
16:46:12.850 [Test worker] INFO  net.lomibao.nes.components.CPU6502 - 200,C8,INY,Implied,Increment Y Register,1,2,IMP
16:46:12.850 [Test worker] INFO  net.lomibao.nes.components.CPU6502 - 201,C9,CMP,Immediate,Compare,2,2,IMM
16:46:12.850 [Test worker] INFO  net.lomibao.nes.components.CPU6502 - 202,CA,DEX,Implied,Decrement X Register,1,2,IMP
16:46:12.850 [Test worker] INFO  net.lomibao.nes.components.CPU6502 - 203,CB,???,???,???,1,2,IMP
16:46:12.850 [Test worker] INFO  net.lomibao.nes.components.CPU6502 - 204,CC,CPY,Absolute,Compare Y Register,3,4,ABS
16:46:12.850 [Test worker] INFO  net.lomibao.nes.components.CPU6502 - 205,CD,CMP,Absolute,Compare,3,4,ABS
16:46:12.850 [Test worker] INFO  net.lomibao.nes.components.CPU6502 - 206,CE,DEC,Absolute,Decrement Memory,3,6,ABS
16:46:12.850 [Test worker] INFO  net.lomibao.nes.components.CPU6502 - 207,CF,???,???,???,1,6,IMP
16:46:12.850 [Test worker] INFO  net.lomibao.nes.components.CPU6502 - 208,D0,BNE,Relative,Branch if Not Equal,2,2,REL
16:46:12.850 [Test worker] INFO  net.lomibao.nes.components.CPU6502 - 209,D1,CMP,(Indirect);Y,Compare,2,5,IZY
16:46:12.850 [Test worker] INFO  net.lomibao.nes.components.CPU6502 - 210,D2,???,???,???,1,2,IMP
16:46:12.850 [Test worker] INFO  net.lomibao.nes.components.CPU6502 - 211,D3,???,???,???,1,8,IMP
16:46:12.850 [Test worker] INFO  net.lomibao.nes.components.CPU6502 - 212,D4,???,???,???,1,4,IMP
16:46:12.850 [Test worker] INFO  net.lomibao.nes.components.CPU6502 - 213,D5,CMP,ZeroPage;X,Compare,2,4,ZPX
16:46:12.850 [Test worker] INFO  net.lomibao.nes.components.CPU6502 - 214,D6,DEC,ZeroPage;X,Decrement Memory,2,6,ZPX
16:46:12.850 [Test worker] INFO  net.lomibao.nes.components.CPU6502 - 215,D7,???,???,???,1,6,IMP
16:46:12.850 [Test worker] INFO  net.lomibao.nes.components.CPU6502 - 216,D8,CLD,Implied,Clear Decimal Mode,1,2,IMP
16:46:12.850 [Test worker] INFO  net.lomibao.nes.components.CPU6502 - 217,D9,CMP,Absolute;Y,Compare,3,4,ABY
16:46:12.850 [Test worker] INFO  net.lomibao.nes.components.CPU6502 - 218,DA,NOP,???,???,1,2,IMP
16:46:12.850 [Test worker] INFO  net.lomibao.nes.components.CPU6502 - 219,DB,???,???,???,1,7,IMP
16:46:12.850 [Test worker] INFO  net.lomibao.nes.components.CPU6502 - 220,DC,???,???,???,1,4,IMP
16:46:12.850 [Test worker] INFO  net.lomibao.nes.components.CPU6502 - 221,DD,CMP,Absolute;X,Compare,3,4,ABX
16:46:12.850 [Test worker] INFO  net.lomibao.nes.components.CPU6502 - 222,DE,DEC,Absolute;X,Decrement Memory,3,7,ABX
16:46:12.850 [Test worker] INFO  net.lomibao.nes.components.CPU6502 - 223,DF,???,???,???,1,7,IMP
16:46:12.850 [Test worker] INFO  net.lomibao.nes.components.CPU6502 - 224,E0,CPX,Immediate,Compare X Register,2,2,IMM
16:46:12.850 [Test worker] INFO  net.lomibao.nes.components.CPU6502 - 225,E1,SBC,(Indirect;X),Subtract with Carry,2,6,IZX
16:46:12.850 [Test worker] INFO  net.lomibao.nes.components.CPU6502 - 226,E2,???,???,???,1,2,IMP
16:46:12.850 [Test worker] INFO  net.lomibao.nes.components.CPU6502 - 227,E3,???,???,???,1,8,IMP
16:46:12.850 [Test worker] INFO  net.lomibao.nes.components.CPU6502 - 228,E4,CPX,ZeroPage,Compare X Register,2,3,ZP0
16:46:12.850 [Test worker] INFO  net.lomibao.nes.components.CPU6502 - 229,E5,SBC,ZeroPage,Subtract with Carry,2,3,ZP0
16:46:12.850 [Test worker] INFO  net.lomibao.nes.components.CPU6502 - 230,E6,INC,ZeroPage,Increment Memory,2,5,ZP0
16:46:12.850 [Test worker] INFO  net.lomibao.nes.components.CPU6502 - 231,E7,???,???,???,1,5,IMP
16:46:12.850 [Test worker] INFO  net.lomibao.nes.components.CPU6502 - 232,E8,INX,Implied,Increment X Register,1,2,IMP
16:46:12.850 [Test worker] INFO  net.lomibao.nes.components.CPU6502 - 233,E9,SBC,Immediate,Subtract with Carry,2,2,IMM
16:46:12.850 [Test worker] INFO  net.lomibao.nes.components.CPU6502 - 234,EA,NOP,Implied,No Operation,1,2,IMP
16:46:12.850 [Test worker] INFO  net.lomibao.nes.components.CPU6502 - 235,EB,???,???,???,1,2,IMP
16:46:12.850 [Test worker] INFO  net.lomibao.nes.components.CPU6502 - 236,EC,CPX,Absolute,Compare X Register,3,4,ABS
16:46:12.850 [Test worker] INFO  net.lomibao.nes.components.CPU6502 - 237,ED,SBC,Absolute,Subtract with Carry,3,4,ABS
16:46:12.850 [Test worker] INFO  net.lomibao.nes.components.CPU6502 - 238,EE,INC,Absolute,Increment Memory,3,6,ABS
16:46:12.850 [Test worker] INFO  net.lomibao.nes.components.CPU6502 - 239,EF,???,???,???,1,6,IMP
16:46:12.850 [Test worker] INFO  net.lomibao.nes.components.CPU6502 - 240,F0,BEQ,Relative,Branch if Equal,2,2,REL
16:46:12.850 [Test worker] INFO  net.lomibao.nes.components.CPU6502 - 241,F1,SBC,(Indirect);Y,Subtract with Carry,2,5,IZY
16:46:12.850 [Test worker] INFO  net.lomibao.nes.components.CPU6502 - 242,F2,???,???,???,1,2,IMP
16:46:12.850 [Test worker] INFO  net.lomibao.nes.components.CPU6502 - 243,F3,???,???,???,1,8,IMP
16:46:12.850 [Test worker] INFO  net.lomibao.nes.components.CPU6502 - 244,F4,???,???,???,1,4,IMP
16:46:12.852 [Test worker] INFO  net.lomibao.nes.components.CPU6502 - 245,F5,SBC,ZeroPage;X,Subtract with Carry,2,4,ZPX
16:46:12.852 [Test worker] INFO  net.lomibao.nes.components.CPU6502 - 246,F6,INC,ZeroPage;X,Increment Memory,2,6,ZPX
16:46:12.852 [Test worker] INFO  net.lomibao.nes.components.CPU6502 - 247,F7,???,???,???,1,6,IMP
16:46:12.852 [Test worker] INFO  net.lomibao.nes.components.CPU6502 - 248,F8,SED,Implied,Set Decimal Flag,1,2,IMP
16:46:12.852 [Test worker] INFO  net.lomibao.nes.components.CPU6502 - 249,F9,SBC,Absolute;Y,Subtract with Carry,3,4,ABY
16:46:12.852 [Test worker] INFO  net.lomibao.nes.components.CPU6502 - 250,FA,NOP,???,???,1,2,IMP
16:46:12.852 [Test worker] INFO  net.lomibao.nes.components.CPU6502 - 251,FB,???,???,???,1,7,IMP
16:46:12.852 [Test worker] INFO  net.lomibao.nes.components.CPU6502 - 252,FC,???,???,???,1,4,IMP
16:46:12.852 [Test worker] INFO  net.lomibao.nes.components.CPU6502 - 253,FD,SBC,Absolute;X,Subtract with Carry,3,4,ABX
16:46:12.852 [Test worker] INFO  net.lomibao.nes.components.CPU6502 - 254,FE,INC,Absolute;X,Increment Memory,3,7,ABX
16:46:12.852 [Test worker] INFO  net.lomibao.nes.components.CPU6502 - 255,FF,???,???,???,1,7,IMP
